FundManagerID,Funmager,DegreeID,Degree,UniversityID,University,Major,MajorChara
30736,李鹏,3,本科,,N/A,N/A,
307646,谢爱龙,N/A,,10149414,复旦大学,N/A,
30243692,陈鹏扬,2,硕士研究生,,N/A,金融学,5
3025318,王国卫,2,硕士研究生,,N/A,经济学,5
30261174,武亮,1,博士研究生,10242727,香港城市大学,N/A,
3025360,肖强,3,本科,10233356,中国人民公安大学,N/A,
30244100,张圣贤,2,硕士研究生,,N/A,N/A,
30244545,武磊,1,博士研究生,,N/A,N/A,
30247435,魏立,2,硕士研究生,10229098,英国帝国理工大学,管理学,6
30247435,魏立,3,本科,10226507,上海交通大学,工学,1
30247454,易镜明,1,博士研究生,,N/A,N/A,
30248048,李捷,2,硕士研究生,,N/A,金融学,5
30248073,吴洋,3,本科,10143871,西安交通大学,工学,1
30248073,吴洋,2,硕士研究生,104432,中国人民银行研究生部,金融学,5
30248192,周应波,2,硕士研究生,10143850,北京大学,控制理论与控制工程,1
30248567,李健伟,2,硕士研究生,10149381,华南理工大学,工学,1
30263166,程广飞,2,硕士研究生,10226864,中科院研究生院,工学,1
30263166,程广飞,3,本科,10228718,北京科技大学,计算机,1
30249021,黄义志,2,硕士研究生,10149414,复旦大学,经济学,5
30249178,柳世庆,2,硕士研究生,10143850,北京大学,金融学,5
30264047,周中,2,硕士研究生,10149414,复旦大学,金融学,5
30264047,周中,3,本科,10226737,南京大学,工学,1
30249592,肖肖,2,硕士研究生,10143850,北京大学,金融学,5
30253260,余芽芳,2,硕士研究生,,N/A,N/A,
30323597,徐张红,2,硕士研究生,,N/A,N/A,
30264532,夏福陆,3,本科,10228964,河海大学,工学,1
30264532,夏福陆,2,硕士研究生,10224613,华东师范大学,经济学,5
30257436,柯海东,3,本科,10143953,华中科技大学,工学,1
30257436,柯海东,3,本科,10143869,武汉大学,管理学,6
30331248,韩益平,2,硕士研究生,,N/A,N/A,
30257903,谷琦彬,2,硕士研究生,,N/A,电机工程与应用电子技术,1
30265086,苏永超,2,硕士研究生,,N/A,N/A,
30337282,汪小平,1,博士研究生,,N/A,N/A,
30265919,向朝勇,1,博士研究生,10229546,中山大学,管理学,6
30377230,王亚伟,2,硕士研究生,,N/A,经济学,5
30266100,赵梓峰,3,本科,10226507,上海交通大学,工学,1
30259297,徐智麟,2,硕士研究生,,N/A,N/A,
30260402,赵语涛,1,博士研究生,10226507,上海交通大学,工学,1
30266357,贾仁栋,2,硕士研究生,,N/A,理学,1
30266545,魏萌,2,硕士研究生,10385578,英国埃克塞特大学,金融与投资,5
30267155,王永明,1,博士研究生,,N/A,经济学,5
30377288,包周荣,3,本科,10143851,清华大学,"机械制造,应用数学",1
30377333,蔡立辉,2,硕士研究生,10143869,武汉大学,工商管理,3
30377289,鲍翔,2,硕士研究生,10233408,英国拉夫堡大学,金融数学,5
30267176,阮涛,2,硕士研究生,10143953,华中科技大学,经济学,5
30267176,阮涛,3,本科,10226744,南京航空航天大学,工学,1
30377343,曾昭雄,3,本科,10229302,深圳大学,经济学,5
30377343,曾昭雄,2,硕士研究生,10143850,北京大学,经济学,5
30377312,卞勇,2,硕士研究生,,N/A,N/A,
30267248,王琦,1,博士研究生,10123973,中国人民大学,N/A,
30377313,波涛,1,博士研究生,10385501,纽约州立大学,"经济学,金融学",5
30377314,卜正伦,2,硕士研究生,,N/A,N/A,
30270006,李怀定,1,博士研究生,10149414,复旦大学,经济学,5
30377315,蔡宝美,2,硕士研究生,10447733,克兰非尔德大学,商学,5
30377316,蔡采,2,硕士研究生,10238976,香港大学,金融学,5
30286859,吴桢培,1,博士研究生,10226878,中国农业科学院,管理学,6
30286859,吴桢培,2,硕士研究生,10229548,中央财经大学,金融学,5
30368649,张惟,2,硕士研究生,10447197,法国巴黎第一大学,"金融学,管理学",5
30298152,赵旭照,2,硕士研究生,10143850,北京大学,金融学,5
30323042,张小强,2,硕士研究生,,N/A,N/A,
30377317,蔡丞丰,2,硕士研究生,,N/A,N/A,
30377372,蔡望鹏,2,硕士研究生,10143851,清华大学,固体力学,1
30377321,蔡丹,2,硕士研究生,10229546,中山大学,概率论与数理统计,1
30377322,蔡飞鸣,2,硕士研究生,,N/A,"国际金融,管理学",5
30377324,蔡卡尔,2,硕士研究生,,N/A,N/A,
30377394,蔡正宏,2,硕士研究生,10143861,上海财经大学,金融学,5
30377436,常松,1,博士研究生,10149378,东南大学,管理科学与工程,6
30377325,蔡乐,3,本科,10229377,天津财经大学,投资学,5
30377396,曹春林,3,本科,10143878,厦门大学,经济学,5
30377438,常永涛,N/A,,10128393,西南财经大学,N/A,
30377438,常永涛,2,硕士研究生,10447941,澳门国际大学,工商管理,3
30377444,陈博亮,2,硕士研究生,,N/A,N/A,
30377403,曹松涛,1,博士研究生,,N/A,金融学,5
30377499,陈梁,2,硕士研究生,,N/A,经济学,5
30377404,曹祥,2,硕士研究生,10226737,南京大学,微电子学与固体电子学,1
30377500,陈亮,2,硕士研究生,10123973,中国人民大学,国民经济学,5
30377446,陈东,1,博士研究生,10143869,武汉大学,经济学,5
30377407,岑伟昌,2,硕士研究生,10388897,美国印第安纳大学,工商管理,3
30377502,陈龙,2,硕士研究生,,N/A,经济学,5
30377411,曾丹华,2,硕士研究生,,N/A,N/A,
30377447,陈丰,2,硕士研究生,10143861,上海财经大学,经济学,5
30377413,曾海,2,硕士研究生,,N/A,N/A,
30377503,陈茂仁,1,博士研究生,,N/A,"医学,经济学",5
30377452,陈光明,2,硕士研究生,,N/A,工学,1
30377417,曾芒,1,博士研究生,,N/A,经济学,5
30377501,陈列敏,2,硕士研究生,,N/A,工学,1
30377422,曾婷婷,2,硕士研究生,10143850,北京大学,工商管理,3
30377422,曾婷婷,3,本科,10229546,中山大学,N/A,
30377424,曾宇,2,硕士研究生,10228686,巴黎高等商学院,N/A,
30377426,查晓磊,1,博士研究生,10238973,香港中文大学,金融学,5
30377434,常昊,2,硕士研究生,10143871,陕西财经学院,经济学,5
30378201,陈永强,2,硕士研究生,10385591,荷兰代尔夫特工业大学,工学,1
30377582,陈绍胜,1,博士研究生,,N/A,N/A,
30377434,常昊,N/A,,10229429,西北大学,数学,1
30378222,陈玥,2,硕士研究生,,N/A,N/A,
30377583,陈晟,2,硕士研究生,,N/A,N/A,
30377458,陈虎,1,博士研究生,10143851,清华大学,生物学,7
30377464,陈晖霞,2,硕士研究生,10229546,中山大学岭南学院,金融学,5
30377466,陈继武,2,硕士研究生,,N/A,工学,1
30378232,陈钟闻,2,硕士研究生,10228720,北京理工大学,工商管理,3
30378232,陈钟闻,3,本科,10228720,北京理工大学,N/A,
30377584,陈守红,1,博士研究生,10149380,中南财经政法大学,金融学,5
30378189,杨帆,2,硕士研究生,10143850,北京大学,工商管理学,3
30378191,Gabriel Gondard,2,硕士研究生,10448293,ESCP-EAP欧洲管理学院,N/A,
30377475,陈建良,3,本科,,N/A,N/A,
30378246,程卓,2,硕士研究生,10143869,武汉大学,金融工程,5
30378192,陈玮,2,硕士研究生,,N/A,应用数学,1
30377476,陈剑平,3,本科,,N/A,经济学,5
30377476,陈剑平,2,硕士研究生,,N/A,工商管理,3
30378247,仇秉则,3,本科,10229546,中山大学,经济学,5
30378193,陈渭泉,2,硕士研究生,,N/A,N/A,
30377480,陈杰明,2,硕士研究生,,N/A,N/A,
30378194,陈文涛,3,本科,,N/A,N/A,
30378249,崔莹,2,硕士研究生,,N/A,N/A,
30378195,陈晓晨,2,硕士研究生,,N/A,工商管理,3
30377482,陈进贤,N/A,,10144042,新加坡国立大学,N/A,
30378196,陈晓秋,2,硕士研究生,,N/A,N/A,
30378252,崔惠军,2,硕士研究生,10123973,中国人民大学,经济学,5
30378197,陈苏桥,2,硕士研究生,10143851,清华大学,经济学,5
30377483,陈晶光,2,硕士研究生,10143735,南开大学,货币银行,5
30378253,崔健,2,硕士研究生,10229548,中央财经大学,金融学,5
30378198,陈欣,2,硕士研究生,,N/A,N/A,
30377487,陈俊华,2,硕士研究生,10226507,上海交通大学,金融学,5
30430086,祗飞跃,1,博士研究生,,N/A,数学,1
30378199,陈怡,2,硕士研究生,,N/A,金融学,5
30378262,戴春平,1,博士研究生,10123973,中国人民大学,经济学,5
30378200,陈颖,2,硕士研究生,10229546,中山大学,工商管理,3
30378263,戴鹤忠,1,博士研究生,10228718,北京科技大学,管理科学与工程,6
30377495,陈立秋,2,硕士研究生,,N/A,"工商管理,工学",3
30377495,陈立秋,4,MBA/EMBA,,N/A,金融财务,5
30378473,丁加波,2,硕士研究生,,N/A,经济学,5
30378264,戴杰,3,本科,10149414,复旦大学,数学,1
30378264,戴杰,2,硕士研究生,10149414,复旦大学,数学,1
30377498,陈利宏,2,硕士研究生,10229041,英国剑桥大学,工程学,1
30378265,戴骏,2,硕士研究生,10241649,美国密歇根大学,金融工程,5
30378490,邓永健,2,硕士研究生,10233415,英国兰卡斯特大学,工商管理,3
30378514,刁晖宇,2,硕士研究生,10388486,美国堪萨斯大学,"工商管理,工程学",3
30378269,邓良毅,1,博士研究生,10143869,武汉大学,经济学,5
30378592,杜峻,2,硕士研究生,10143850,北京大学光华管理学院,N/A,
30378594,范琨,2,硕士研究生,10149414,复旦大学,金融学,5
30378594,范琨,3,本科,10228993,湖南大学,化学工程,1
30378302,邓翔,2,硕士研究生,10229546,中山大学,国际贸易,5
30378595,杜骐臻,2,硕士研究生,,N/A,N/A,
30378472,邓钟锋,2,硕士研究生,10143878,厦门大学,金融学,5
30378658,郭建新,2,硕士研究生,10128393,西南财经大学,经济学,5
30378662,郭楷泽,2,硕士研究生,10149414,复旦大学,工商管理,3
30378662,郭楷泽,3,本科,10123973,中国人民大学,工业经济学,5
30378663,郭堃,2,硕士研究生,,N/A,N/A,
30378596,方晔,2,硕士研究生,,N/A,管理学,6
30378669,郭鹏,2,硕士研究生,,N/A,经济学,5
30378597,范磊,2,硕士研究生,,N/A,N/A,
30378670,郭瑞,2,硕士研究生,10226864,中国科学院研究生院,概率论与数理统计,1
30378598,杜位移,2,硕士研究生,104432,中国人民银行总行金融研究所,金融学,5
30378671,韩刚,3,本科,10123973,中国人民大学,经济学,5
30378671,韩刚,2,硕士研究生,104432,中国人民银行研究生部,经济学,5
30378599,方毅,2,硕士研究生,10143861,上海财经大学,工商管理,3
30378672,郭树强,2,硕士研究生,,N/A,经济学,5
30378673,郭晓林,2,硕士研究生,10143851,清华大学,N/A,
30378674,郭毅,2,硕士研究生,10143861,上海财经大学,企业管理,3
30378601,杜晓安,2,硕士研究生,10207356,英国阿斯顿大学,商业管理,3
30378675,顾少华,3,本科,,N/A,工学,1
30378602,房雷,2,硕士研究生,10228933,哈尔滨工业大学,概率论与数理统计,1
30378602,房雷,3,本科,10228933,哈尔滨工业大学,信息与计算科学,1
30378679,顾伟勇,2,硕士研究生,,N/A,工学,1
30378680,国晓雯,2,硕士研究生,,N/A,经济学,5
30378681,顾晓飞,3,本科,,N/A,N/A,
30378682,韩浩,3,本科,10143869,武汉大学,理学,1
30378682,韩浩,2,硕士研究生,10143850,北京大学,经济学,5
30378683,关子宏,2,硕士研究生,,N/A,经济学,5
30378603,方芳,2,硕士研究生,,N/A,N/A,
30378604,段福印,2,硕士研究生,10224613,华东师范大学,国际金融学,5
30378605,高广新,2,硕士研究生,,N/A,N/A,
30378684,管瑞龙,1,博士研究生,10123973,中国人民大学,经济学,5
30378684,管瑞龙,1,博士研究生,10123973,中国人民大学,金融学,5
30378606,高红兵,1,博士研究生,,N/A,管理工程,6
30378690,何如克,1,博士研究生,10241660,英国利兹大学,N/A,
30378607,方抗,2,硕士研究生,,N/A,金融学,5
30378691,韩庭博,2,硕士研究生,10403039,英国雷丁大学,金融工程,5
30378624,付斌,2,硕士研究生,,N/A,理学,1
30378692,韩威俊,2,硕士研究生,10143861,上海财经大学,金融学,5
30378625,付海宁,3,本科,10143851,清华大学,机械工程与自动化,1
30378625,付海宁,2,硕士研究生,10108675,哥伦比亚大学,运筹学,1
30378625,付海宁,2,硕士研究生,10388187,加州大学伯克利分校,金融工程,5
30378694,韩玮,2,硕士研究生,10143851,清华大学,工商管理,3
30378517,丁靓,2,硕士研究生,,N/A,金融学,5
30378695,何贤,3,本科,10226532,上海理工大学,管理学,6
30378695,何贤,2,硕士研究生,10233415,英国兰卡斯特大学,理学,1
30378696,何翔,3,本科,10143735,南开大学,数学,1
30378696,何翔,2,硕士研究生,10143735,南开大学,金融学,5
30378518,丁硕,2,硕士研究生,,N/A,工商管理,3
30378627,付琦,2,硕士研究生,10388184,加拿大渥太华大学,工商管理,3
30378519,丁孙楠,2,硕士研究生,10123973,中国人民大学,金融学,5
30378710,郝兵,2,硕士研究生,,N/A,经济学,5
30378628,付伟琦,1,博士研究生,10143851,清华大学,物理学,1
30378628,付伟琦,3,本科,10143871,西安交通大学,物理学,1
30378520,丁楹,2,硕士研究生,10104898,中国社会科学院财贸所,货币银行,5
30378770,高勇标,2,硕士研究生,10128393,西南财经大学,N/A,
30378715,洪宴,2,硕士研究生,10143850,北京大学,商务统计与经济计量,6
30378562,丁丹,2,硕士研究生,,N/A,经济学,5
30378718,郝继伦,1,博士研究生,,N/A,N/A,
30378731,郝建国,2,硕士研究生,10229546,中山大学,经济学,5
30378567,丁玥,2,硕士研究生,,N/A,金融工程,5
30378751,何震,2,硕士研究生,,N/A,经济学,5
30378752,高晓琴,2,硕士研究生,,N/A,N/A,
30378753,何钟,2,硕士研究生,10229126,美国南加州大学,工商管理,3
30378572,董瑞倩,2,硕士研究生,,N/A,N/A,
30378754,侯建刚,2,硕士研究生,,N/A,经济学,5
30378585,窦玉明,2,硕士研究生,10143851,清华大学,N/A,
30378755,高欣,2,硕士研究生,10238976,香港大学,经济学,5
30378755,高欣,2,硕士研究生,10238973,香港中文大学,电子工程学,1
30378755,高欣,2,硕士研究生,10238973,香港中文大学,哲学,7
30378758,贺翔,2,硕士研究生,10123973,中国人民大学,金融,5
30378771,候燕琳,2,硕士研究生,,N/A,管理学,6
30378773,何旻,2,硕士研究生,10229098,英国伦敦政治经济学院,金融经济学,5
30378762,高亚华,2,硕士研究生,,N/A,商业,5
30378588,杜斌,3,本科,,N/A,经济学,5
30378765,何了乙,2,硕士研究生,10226510,同济大学,工商管理,3
30378589,段鹏,2,硕士研究生,10229548,中央财经大学,经济学,5
30378781,高远,1,博士研究生,10149414,复旦大学,经济学,5
30378590,樊智,1,博士研究生,10229379,天津大学,N/A,
30378767,高阳,2,硕士研究生,10226888,对外经济贸易大学,国际贸易,5
30378785,高云志,2,硕士研究生,10226507,上海交通大学,应用数学,1
30378768,贺云,3,本科,,N/A,经济学,5
30378768,贺云,N/A,,10143850,北京大学,国际金融,5
30378769,高永,2,硕士研究生,,N/A,N/A,
30378591,范冰,2,硕士研究生,,N/A,商学,5
30378832,傅浩,2,硕士研究生,10229546,中山大学,金融学,5
30378911,黄顺祥,2,硕士研究生,10143869,武汉大学,经济学,5
30378833,黄敬东,2,硕士研究生,10149381,华南理工大学,工学,1
30378912,冯明远,2,硕士研究生,10229494,浙江大学,工学,1
30378834,黄刚,2,硕士研究生,,N/A,经济学,5
30378834,黄刚,2,硕士研究生,,N/A,国际金融学,5
30378933,邓跃辉,2,硕士研究生,,N/A,N/A,
30378835,黄力,2,硕士研究生,,N/A,N/A,
30378836,黄立华,2,硕士研究生,,N/A,理学,1
30378836,黄立华,2,硕士研究生,,N/A,工商管理,3
30378934,高峰,1,博士研究生,10143850,北京大学,理学,1
30378838,黄海峰,3,本科,10143735,南开大学,经济学,5
3025948,崔海鸿,2,硕士研究生,10143851,清华大学,工学,1
30378935,黄维,2,硕士研究生,10143850,北京大学,微电子学,1
30378839,黄林,3,本科,10123973,中国人民大学,管理学,6
30378839,黄林,2,硕士研究生,10229548,中央财经大学,金融学,5
30378951,冯天戈,2,硕士研究生,,N/A,"经济学,理学",5
30378841,傅奕翔,2,硕士研究生,10143861,上海财经大学,经济学,5
30378840,黄浩荣,2,硕士研究生,10143878,厦门大学,管理学,6
30378843,黄倩倩,2,硕士研究生,10128393,西南财经大学,金融学,5
30378845,胡兴,2,硕士研究生,10385848,加拿大蒙特利尔大学,工商管理,3
30378852,黄钦来,2,硕士研究生,10143878,厦门大学,经济学,5
30378859,胡宇权,2,硕士研究生,,N/A,经济学,5
30378875,胡允畧,3,本科,10143937,加拿大麦吉尔大学,经济及金融管理,5
30378787,何奇,3,本科,10143869,武汉大学,"经济学,法学",5
30378787,何奇,2,硕士研究生,10143869,武汉大学,经济学,5
30378876,黄瑞麒,3,本科,10238973,香港中文大学,N/A,
30378876,黄瑞麒,2,硕士研究生,10238981,香港科技大学,工商管理,3
30378799,葛基标,1,博士研究生,,N/A,经济学,5
30378897,邓岳,2,硕士研究生,,N/A,信息与信号处理,1
30378800,何如,2,硕士研究生,,N/A,N/A,
30378898,甘传琦,2,硕士研究生,10143850,北京大学,金融学,5
30378899,黄瑞庆,2,硕士研究生,10143878,厦门大学,经济学,5
30378899,黄瑞庆,1,博士研究生,10143878,厦门大学,统计学,1
30378801,胡彬,2,硕士研究生,,N/A,N/A,
30378909,黄盛,1,博士研究生,,N/A,经济学,5
30379004,蒋茜,2,硕士研究生,10143851,清华大学,工商管理,3
30378808,胡德军,1,博士研究生,,N/A,N/A,
30378815,胡定超,2,硕士研究生,,N/A,N/A,
30379006,金涛,2,硕士研究生,,N/A,经济学,5
30379156,蒋一茜,2,硕士研究生,,N/A,N/A,
30378824,宫幼林,2,硕士研究生,,N/A,计算机科学与技术,1
30378825,宫志芳,2,硕士研究生,10143869,武汉大学,数理金融,5
30378826,华昕,4,MBA/EMBA,10229160,牛津大学商学院,工商管理,3
30378828,冯皓,N/A,,10226888,对外经济贸易大学,N/A,
30378828,冯皓,2,硕士研究生,10108675,美国哥伦比亚大学商学院,工商管理,3
30378829,黄华,2,硕士研究生,10143861,上海财经大学,产业经济学,5
30378956,姜云飞,3,本科,,N/A,N/A,
30378959,蒋伯龙,2,硕士研究生,,N/A,经济学,5
30378831,黄纪亮,2,硕士研究生,,N/A,N/A,
30378962,黄祥斌,2,硕士研究生,10143869,武汉大学,产业经济学,5
30378965,姜锡峰,2,硕士研究生,10143861,上海财经大学,管理学,6
30378985,冯肖武,2,硕士研究生,,N/A,N/A,
30378989,解静,2,硕士研究生,10229160,牛津大学,计算机科学,1
30378990,黄毓平,2,硕士研究生,,N/A,N/A,
30378992,冯烜,2,硕士研究生,10123973,中国人民大学,经济学,5
30378996,蒋畅,2,硕士研究生,,N/A,N/A,
30378998,蒋佳良,2,硕士研究生,10386461,法兰克福大学,金融学,5
3026782,钟志伟,3,本科,10149380,中南财经大学,金融,5
30378999,蒋磊,2,硕士研究生,,N/A,N/A,
3026888,张学军,2,硕士研究生,10143850,北京大学,经济学,5
30379001,蒋利娟,2,硕士研究生,,N/A,国民经济学,5
3027934,李洪雨,2,硕士研究生,,N/A,经济学,5
30379003,金晟哲,2,硕士研究生,10143850,北京大学,N/A,
3028504,程国发,2,硕士研究生,10143871,西安交通大学,经济法,5
3028508,游海,2,硕士研究生,10229437,西南交通大学,工商管理,3
30379555,李广瑜,2,硕士研究生,,N/A,N/A,
30379579,李国飞,2,硕士研究生,,N/A,N/A,
3029518,贺庆,2,硕士研究生,,N/A,经济学,5
30379591,李家亮,2,硕士研究生,10226507,上海交通大学,工商管理,3
30379598,李嘉,2,硕士研究生,,N/A,N/A,
30379667,孔祥鹏,2,硕士研究生,10143850,北京大学,理学,1
3029738,李华,3,本科,10149414,复旦大学,遗传工程,7
3029738,李华,2,硕士研究生,104432,中国人民银行,货币银行学,5
30379689,李海涛,2,硕士研究生,,N/A,工商管理,3
30379691,孔晓语,2,硕士研究生,10389495,美国罗彻斯特大学,金融学,5
30379697,李晗,2,硕士研究生,10149380,中南财经政法大学,N/A,
30379699,江晖,2,硕士研究生,,N/A,会计学,4
30379704,李浩东,1,博士研究生,10389511,美国麻省大学,N/A,
30379712,蒯学章,2,硕士研究生,10143850,北京大学,N/A,
30379795,姜光明,2,硕士研究生,10144082,江西财经大学金融学院,经济学,5
30379195,黎海威,2,硕士研究生,,N/A,经济学,5
30379797,李康,1,博士研究生,,N/A,N/A,
30379828,李岚,1,博士研究生,10143735,南开大学,金融学,5
30379832,姜涛,1,博士研究生,10226507,上海交通大学,产业经济学,5
30379199,黎新平,1,博士研究生,,N/A,经济学,5
30379223,李安杰,2,硕士研究生,10387284,台湾成功大学,财务金融,5
30379835,雷勇,1,博士研究生,10396110,佐治亚理工学院,工学,1
30379835,雷勇,4,MBA/EMBA,10229522,芝加哥大学商学院,工商管理,3
30379284,李炳智,3,本科,10143735,南开大学,金融学,5
30379304,李博涵,2,硕士研究生,,N/A,N/A,
30379310,李博良,2,硕士研究生,10144042,新加坡国立大学,金融工程,5
30379316,黄镇辉,2,硕士研究生,,N/A,经济学,5
30379361,李匆,1,博士研究生,,N/A,管理学,6
30379841,李立,2,硕士研究生,10123973,中国人民大学,经济学,5
30379388,黄卓立,1,博士研究生,,N/A,经济学,5
30379388,黄卓立,2,硕士研究生,,N/A,经济学,5
30379415,李丹,2,硕士研究生,,N/A,经济学,5
30379846,雷志强,2,硕士研究生,10226737,南京大学,会计学,4
30379417,李丹,2,硕士研究生,10143851,清华大学五道口金融学院,金融学,5
30379852,冷文鹏,2,硕士研究生,104432,中国人民银行研究生部,金融学,5
30379879,李玲,2,硕士研究生,10108675,美国哥伦比亚大学,N/A,
30379471,李德辉,1,博士研究生,10226507,上海交通大学,生物医学工程,7
30379887,李明,3,本科,10226504,中国纺织大学,自动化,1
30379477,李冬,N/A,,10403039,英国雷丁大学,证券投资与银行学,5
30379477,李冬,2,硕士研究生,,N/A,理学,1
30379887,李明,2,硕士研究生,10143953,华中理工大学,自动化,1
30379540,李峰,2,硕士研究生,,N/A,N/A,
30379545,李富强,2,硕士研究生,10143850,北京大学,西方经济学,5
30379892,李孟霞,2,硕士研究生,10387284,台湾成功大学,法学,7
30380015,林聪,2,硕士研究生,104432,中国人民银行研究生部,N/A,
30380020,林宇坤,1,博士研究生,,N/A,N/A,
30379968,冯耀东,2,硕士研究生,10143869,武汉大学,N/A,
30380024,李一鸣,2,硕士研究生,10143850,北京大学,N/A,
30380027,林翠萍,2,硕士研究生,10449839,美国斯克兰顿大学,企业管理,3
30379980,梁钧,1,博士研究生,10226507,上海交通大学,企业管理,3
30380028,李一硕,2,硕士研究生,,N/A,经济学,5
30379983,梁珂,2,硕士研究生,10143850,北京大学,理学,1
30379717,况群峰,2,硕士研究生,,N/A,经济学,5
30379984,梁天喜,2,硕士研究生,,N/A,工学,1
30379719,江隆隆,2,硕士研究生,10241651,美国杜兰大学,工商管理,3
30379993,梁文涛,1,博士研究生,,N/A,管理学,6
30379727,李洪波,2,硕士研究生,10143850,北京大学,经济学,5
30379994,李延刚,3,本科,10226737,南京大学,化学,1
30379994,李延刚,2,硕士研究生,10391022,加拿大西蒙弗雷泽大学,工商管理,3
30380033,林铮,2,硕士研究生,10143878,厦门大学,经济学,5
30379750,赖海英,2,硕士研究生,10226522,上海师范大学,应用数学,1
30380007,李杨,3,本科,10229377,天津财经大学,国际经济与贸易,5
30380034,李弋,2,硕士研究生,,N/A,工学,1
30380034,李弋,2,硕士研究生,,N/A,理学,1
30380034,李弋,2,硕士研究生,,N/A,工商管理,3
30379752,江涌,3,本科,,N/A,"经济学,法学",5
30379756,赖晶铭,2,硕士研究生,,N/A,经济学,5
30379769,江作良,2,硕士研究生,10143861,上海财经大学,经济学,5
30379772,李怀忠,2,硕士研究生,10241643,美国卡内基梅隆大学,"金融,化学",5
30379783,李凯,1,博士研究生,10385464,纽约大学,金融学,5
30380180,李枝蓬,1,博士研究生,,N/A,应用化学,1
30380184,李志,2,硕士研究生,,N/A,N/A,
30380191,李志嘉,2,硕士研究生,10224604,首都经济贸易大学,经济学,5
30380199,李涛,2,硕士研究生,10143850,北京大学,金融学,5
30380203,李准,2,硕士研究生,10128393,西南财经大学,技术经济及管理,3
30380206,李曈,2,硕士研究生,,N/A,N/A,
30380207,凌鹏,2,硕士研究生,10149414,复旦大学,N/A,
30380209,李文杰,3,本科,10238973,香港中文大学,工商管理,3
30380224,林继东,2,硕士研究生,10450108,比利时LIMBURG大学,工商管理,3
30380228,林念,1,博士研究生,10143850,北京大学,宏观经济学,5
30380227,林开盛,2,硕士研究生,10143861,上海财经大学,金融学,5
30380226,林静,2,硕士研究生,10143861,上海财经大学,金融学,5
30380229,林如惠,2,硕士研究生,,N/A,N/A,
30380230,林思,2,硕士研究生,10143735,南开大学,金融工程,5
30380231,林贤苏,2,硕士研究生,,N/A,经济学,5
30380232,林义将,2,硕士研究生,,N/A,N/A,
30380035,廖发达,1,博士研究生,,N/A,N/A,
30380106,李游,2,硕士研究生,10149380,中南财经政法大学,金融学,5
30380110,李友超,2,硕士研究生,10143953,华中科技大学,数量经济,5
30380112,靳奕,2,硕士研究生,10241632,新南威尔士大学,工商管理,3
30380112,靳奕,N/A,,10226888,对外经贸大学金融学院,国际金融,5
30380052,廖京胜,2,硕士研究生,10143869,武汉大学,经济学,5
30380125,李泉霖,2,硕士研究生,10143861,上海财经大学,工商管理,3
30380233,林英睿,2,硕士研究生,10143850,北京大学,经济学,5
30380057,李崟,2,硕士研究生,,N/A,工商管理,3
30380063,李颖,1,博士研究生,,N/A,管理学,6
30380278,刘海,3,本科,10143851,清华大学,经济学,5
30380054,林峰,2,硕士研究生,10226507,上海交通大学,工商管理,3
30380054,林峰,2,硕士研究生,10149414,复旦大学,经济学,5
30380075,金拓,2,硕士研究生,10143850,北京大学,金融信息工程,5
30380075,金拓,2,硕士研究生,10143850,北京大学,软件工程,1
30380087,林国辉,3,本科,,N/A,工商管理,3
30380087,林国辉,3,本科,,N/A,财务学,4
30380099,金梓才,2,硕士研究生,10226507,上海交通大学,工学,1
30380104,靳冰馨,3,本科,,N/A,N/A,
30380299,刘红兵,2,硕士研究生,,N/A,应用金融,5
30380300,刘红海,3,本科,10226870,中南民族学院,工学,1
30380366,刘辉,2,硕士研究生,,N/A,N/A,
30380126,李昱,2,硕士研究生,,N/A,管理学,6
30380738,刘翔,2,硕士研究生,,N/A,工商管理,3
30380744,厉叶淼,2,硕士研究生,,N/A,N/A,
30380751,连端清,1,博士研究生,10149414,复旦大学,经济学,5
30380753,刘小山,2,硕士研究生,,N/A,N/A,
30380757,廉晓婵,2,硕士研究生,10143735,南开大学,经济学,5
30380765,李旭利,2,硕士研究生,104432,中国人民银行研究生部,经济学,5
30380779,梁丰,2,硕士研究生,10229494,浙江大学,经济学,5
30380780,梁戈伟,3,本科,10143878,厦门大学,金融学,5
30380783,李学文,2,硕士研究生,10363772,中国人民银行金融研究所,经济学,5
30380790,刘心峰,2,硕士研究生,10241662,英国曼彻斯特大学,数量金融,5
30380809,刘欣,2,硕士研究生,,N/A,经济学,5
30380828,刘新勇,2,硕士研究生,,N/A,N/A,
30380128,荆一帆,2,硕士研究生,,N/A,N/A,
30380845,刘兴旺,2,硕士研究生,10149414,复旦大学,"经济学,管理学",5
30380131,敬夏玺,2,硕士研究生,10229548,中央财经大学,金融学,5
30380134,林作平,2,硕士研究生,,N/A,经济学,5
30380860,刘旭明,2,硕士研究生,10143851,清华大学,管理学,6
30380139,李昇,2,硕士研究生,,N/A,N/A,
30380872,刘耀军,2,硕士研究生,10241651,美国杜兰大学,工商管理,3
30380141,鞠柏辉,2,硕士研究生,10229494,浙江大学,工商管理,3
30380873,刘阳,2,硕士研究生,,N/A,N/A,
30380895,刘洋,2,硕士研究生,10143851,清华大学,经济学,5
30380903,刘保民,2,硕士研究生,,N/A,经济学,5
30380920,刘莹,2,硕士研究生,10229531,中国科学院,管理科学与工程,6
30380932,刘勇燕,2,硕士研究生,10385831,英国格林威治大学,金融与会计学,5
30380938,康赛波,3,本科,10228993,湖南大学,经济学,5
30380946,刘禹含,2,硕士研究生,,N/A,N/A,
30430461,蔡嵩松,1,博士研究生,,N/A,N/A,
30430478,唐丁祥,1,博士研究生,10143861,上海财经大学,产业经济学,5
30380947,康晓云,2,硕士研究生,,N/A,N/A,
30430460,阚磊,2,硕士研究生,,N/A,N/A,
30244121,肖超虎,2,硕士研究生,10149414,复旦大学,经济学,5
30380153,鞠英利,1,博士研究生,10143735,南开大学,企业管理,3
30244121,肖超虎,3,本科,10226507,上海交通大学,工学,1
30430417,任路,2,硕士研究生,10228777,美国宾夕法尼亚大学,计算机与信息科学,1
30430417,任路,3,本科,10143851,清华大学,工学,1
30380961,刘长俊,2,硕士研究生,10143861,上海财经大学,金融学,5
30380972,刘兆洋,1,博士研究生,,N/A,经济学,5
30380978,刘震,2,硕士研究生,,N/A,N/A,
30380450,刘情剑,2,硕士研究生,10143735,南开大学,经济学,5
30380465,刘莎莎,2,硕士研究生,10238981,香港科技大学,经济学,5
30380155,李云琪,2,硕士研究生,,N/A,工学,1
30380991,刘志刚,2,硕士研究生,10238981,香港科技大学,工商管理,3
30380159,李韵怡,2,硕士研究生,,N/A,经济学,5
30380477,刘树祥,2,硕士研究生,,N/A,管理学,6
30380164,李泽刚,2,硕士研究生,10149414,复旦大学,财务管理,3
30380164,李泽刚,3,本科,10143735,南开大学,企业管理,3
30380511,刘涛,2,硕士研究生,,N/A,理学,1
30380167,李泽祥,1,博士研究生,10229494,浙江大学,世界经济,5
30380173,李振宇,2,硕士研究生,,N/A,经济学,5
30380512,李武,2,硕士研究生,,N/A,金融管理,5
30380523,李显君,2,硕士研究生,,N/A,工商管理,3
30380523,李显君,2,硕士研究生,,N/A,金融学,5
30380527,刘万锋,2,硕士研究生,,N/A,经济学,5
30380529,李险峰,2,硕士研究生,,N/A,经济学,5
30380532,李湘杰,2,硕士研究生,10226760,国立台湾大学,管理学,6
30380536,刘伟,2,硕士研究生,,N/A,概率论与数理统计,1
30380706,刘文超,2,硕士研究生,10229015,吉林大学,经济学,5
30380731,刘熹,2,硕士研究生,10226737,南京大学,经济学,5
30380735,李欣,2,硕士研究生,,N/A,N/A,
30380999,孔飞,3,本科,10207357,安徽财经大学,金融,5
30381011,孔令超,2,硕士研究生,10143850,北京大学,金融学,5
30381025,刘志强,2,硕士研究生,,N/A,管理学,6
30381033,刘治平,1,博士研究生,10449043,佛罗里达州立大学,物理学,1
30381042,梅文斌,2,硕士研究生,10143851,清华大学,N/A,
30381052,刘子龙,2,硕士研究生,10229041,英国剑桥大学,工商管理,3
30381054,吕军涛,3,本科,10226888,对外经济贸易大学,N/A,
30381057,柳发超,2,硕士研究生,10143861,上海财经大学,N/A,
30381062,吕俊,2,硕士研究生,10143869,武汉大学,工商管理,3
3036510,张维维,2,硕士研究生,10389168,英国华威大学,"经济学,金融学",5
3037368,陆万山,2,硕士研究生,,N/A,工商管理,3
3037902,李君,2,硕士研究生,10143857,东北财经大学,工商管理,3
30157308,邓瑞祥,2,硕士研究生,10143869,武汉大学,国际金融,5
30243212,黎莹,2,硕士研究生,10149414,复旦大学,基础医学,7
30243537,韩浩,2,硕士研究生,10143857,东北财经大学,工商管理,3
30430592,朱梦娜,2,硕士研究生,,N/A,N/A,
30430594,王卓然,2,硕士研究生,10144042,新加坡国立大学,统计学,1
30243596,刘荟,2,硕士研究生,10143855,辽宁大学,应用数学,1
30243640,吴土金,2,硕士研究生,10238973,香港中文大学,经济学,5
30430717,陈鸿平,3,本科,,N/A,精算学,5
30377399,曹晋文,2,硕士研究生,10123973,中国人民大学,统计学,1
30378515,丁骏,2,硕士研究生,10143851,清华大学五道口金融学院,国际金融,5
30378515,丁骏,1,博士研究生,10104898,中国社会科学院,经济学,5
30431079,刘彬,1,博士研究生,,N/A,材料学,1
30431118,徐翔,2,硕士研究生,,N/A,经济学,5
30430819,杨靖,2,硕士研究生,10226737,南京大学,N/A,
30430818,田原,2,硕士研究生,,N/A,工学,1
30431142,索丽娜,1,博士研究生,,N/A,管理学,6
30430820,龚佳佳,2,硕士研究生,,N/A,N/A,
30381265,彭凌志,2,硕士研究生,10226507,上海交通大学,N/A,
30381266,彭炜,2,硕士研究生,10226507,上海交通大学,管理学,6
30381266,彭炜,3,本科,10226507,上海交通大学,工学,1
30381267,彭旭,3,本科,,N/A,经济学,5
30381267,彭旭,2,硕士研究生,,N/A,经济学,5
30381268,彭焰宝,3,本科,10143851,清华大学,工学,1
30381269,彭泳,2,硕士研究生,10143850,北京大学,金融学,5
30381270,蒲延杰,1,博士研究生,,N/A,N/A,
30381353,栾杰,2,硕士研究生,,N/A,N/A,
30381354,乔海英,2,硕士研究生,10143735,南开大学,金融学,5
30381356,罗荣,2,硕士研究生,10229429,西北大学,经济学,5
30381362,罗文军,2,硕士研究生,10143850,北京大学,经济学,5
30381363,罗晓倩,2,硕士研究生,10149414,复旦大学,投资学,5
30381364,乔嘉麒,2,硕士研究生,10149414,复旦大学,经济学,5
30381364,乔嘉麒,3,本科,10149414,复旦大学,经济学,5
30381365,骆海涛,2,硕士研究生,10241649,密歇根大学,金融工程,5
30381365,骆海涛,1,博士研究生,10385749,亚利桑那大学,光学,1
30381365,骆海涛,3,本科,10226507,上海交通大学,应用物理学,1
30381365,骆海涛,1,博士研究生,10226507,上海交通大学,凝聚态物理,1
30381391,史程,2,硕士研究生,10108675,哥伦比亚大学,工商管理,3
30381391,史程,2,硕士研究生,10390037,堪萨斯州立大学,科学,1
30381392,史献涛,2,硕士研究生,10143861,上海财经大学,经济学,5
30381404,是星涛,2,硕士研究生,10149414,复旦大学,金融学,5
30381144,闵昱,3,本科,,N/A,经济学,5
30381144,闵昱,2,硕士研究生,,N/A,经济学,5
30381153,马成,2,硕士研究生,,N/A,经济学,5
30381157,龙苏云,3,本科,,N/A,经济学,5
30381160,缪玮彬,2,硕士研究生,10149414,复旦大学,经济学,5
30381175,马金峰,1,博士研究生,10224600,北京航空航天大学,金融工程,5
30381186,刘方旭,2,硕士研究生,,N/A,N/A,
30381189,马龙,1,博士研究生,,N/A,经济学,5
30381190,卢安平,2,硕士研究生,10143851,清华大学,工商管理,3
30381190,卢安平,3,本科,10143871,西安交通大学,工学,1
30381524,申俊华,1,博士研究生,10228993,湖南大学,金融学,5
30381525,申蕾,2,硕士研究生,10143861,上海财经大学,经济学,5
30381526,神爱前,2,硕士研究生,10143878,厦门大学,财政学,5
30381527,沈宏伟,2,硕士研究生,10396110,美国乔治亚理工大学,工学,1
30381528,沈荣,3,本科,10226507,上海交通大学,工学,1
30381528,沈荣,2,硕士研究生,10143861,上海财经大学,金融学,5
30381529,沈潼,2,硕士研究生,10385922,澳大利亚悉尼大学,会计商法,4
30381192,马文文,2,硕士研究生,,N/A,经济学,5
30381193,卢赤斌,2,硕士研究生,,N/A,N/A,
30381200,卢曼,3,本科,10143850,北京大学,图书馆学,7
30381200,卢曼,2,硕士研究生,10389751,美国加州大学戴维斯分校,工商管理,3
30381200,卢曼,2,硕士研究生,10388187,伯克利分校,金融工程,5
30381213,马英,2,硕士研究生,,N/A,金融学,5
30381217,鲁邦旺,2,硕士研究生,,N/A,N/A,
30381228,刘芳洁,2,硕士研究生,,N/A,工学,1
30381229,马志新,3,本科,,N/A,工学,1
30381235,庞宝臣,2,硕士研究生,10143871,西安交通大学,应用数学,1
30381073,吕姝仪,2,硕士研究生,10123973,中国人民大学,经济学,5
30381075,孟阳,2,硕士研究生,10143869,武汉大学,数学,1
30381075,孟阳,2,硕士研究生,10386336,伯明翰大学,金融数学,5
30381080,柳万军,2,硕士研究生,104432,中国人民银行研究生部,金融学,5
30381085,吕文晔,2,硕士研究生,10389168,英国华威大学,过程工程,7
30381085,吕文晔,2,硕士研究生,10389168,英国华威大学,商业管理,3
30381091,吕晓峰,2,硕士研究生,,N/A,N/A,
30381091,吕晓峰,1,博士研究生,,N/A,N/A,
30381240,庞琳琳,2,硕士研究生,10123973,中国人民大学,管理学,6
30381241,毛卫文,3,本科,,N/A,经济学,5
30381242,庞世恩,2,硕士研究生,10123973,中国人民大学,理学,1
30381243,裴晓辉,2,硕士研究生,,N/A,N/A,
30381244,裴愔愔,2,硕士研究生,10123973,中国人民大学,法律,7
30381246,漆志伟,2,硕士研究生,,N/A,N/A,
30381247,齐达铮,3,本科,,N/A,N/A,
30381248,祁洁萍,2,硕士研究生,10226504,东华大学,理学,1
30381248,祁洁萍,3,本科,10226504,东华大学,理学,1
30381249,綦鹏,2,硕士研究生,10143861,上海财经大学,管理学,6
30381530,沈雪峰,2,硕士研究生,10143861,上海财经大学,经济学,5
30381531,盛丰衍,2,硕士研究生,10149414,复旦大学,计算机应用技术专业,1
30381532,盛豪,2,硕士研究生,10229041,英国剑桥大学,数学系,1
30381604,盛军,3,本科,10224613,上海教育学院,英语专业,7
30381902,吴雅楠,1,博士研究生,,N/A,统计物理学,1
30381494,苏卿云,2,硕士研究生,10143878,厦门大学,会计学,4
30381494,苏卿云,2,硕士研究生,10389337,伦敦商学院,金融学,5
30381495,苏淑敏,2,硕士研究生,10391069,加拿大英属哥伦比亚大学,经济学,5
30381496,苏天杉,2,硕士研究生,10226888,对外经济贸易大学,管理学,6
30381497,苏炫纲,2,硕士研究生,10388897,美国印第安纳大学,工商管理,3
30381498,苏彦祝,2,硕士研究生,10143851,清华大学,工学,1
30381499,眭芳韫,3,本科,,N/A,经济学,5
30381499,眭芳韫,3,本科,,N/A,理学,1
30381500,孙慧,2,硕士研究生,,N/A,N/A,
30381501,孙建,3,本科,,N/A,经济学,5
30381508,刘斐,2,硕士研究生,,N/A,N/A,
30381513,刘丰元,2,硕士研究生,10143850,北京大学光华管理学院,理学,1
30381271,乔羽夫,2,硕士研究生,10143735,南开大学,经济学,5
30381272,牛春晖,2,硕士研究生,,N/A,经济学,5
30381798,汝平,2,硕士研究生,10241643,美国卡内基梅隆大学,金融学,5
30381799,温震宇,2,硕士研究生,10123973,中国人民大学,管理学,6
30381405,司晓晨,2,硕士研究生,104432,中国人民银行研究生部,经济学,5
30381406,宋炳山,2,硕士研究生,10143851,清华大学,工学,1
30381407,宋东旭,3,本科,10229548,中央财经大学,数理金融学,5
30381407,宋东旭,2,硕士研究生,10241655,罗格斯大学,金融数学,5
30381409,宋璐,2,硕士研究生,10143861,上海财经大学,管理学,6
30381424,邵骥咏,2,硕士研究生,10226507,上海交通大学,会计学,4
30381425,邵将,2,硕士研究生,,N/A,物理学,1
30381493,苏谋东,2,硕士研究生,10149414,复旦大学,经济学,5
30381606,施斌,2,硕士研究生,10241651,美国杜兰大学,金融,5
30381606,施斌,2,硕士研究生,10241651,美国杜兰大学,会计,4
30381607,施恒新,2,硕士研究生,10143861,上海财经大学,N/A,
30381608,施敏佳,2,硕士研究生,,N/A,N/A,
30381610,施虓文,2,硕士研究生,10143850,北京大学,经济学,5
30381621,刘静,2,硕士研究生,10229548,中央财经大学,经济学,5
30381622,孙蔚,1,博士研究生,10149414,复旦大学,N/A,
30381623,孙倩倩,2,硕士研究生,10143735,南开大学,金融学,5
30381624,孙亚超,1,博士研究生,,N/A,数学,1
30381625,孙延群,2,硕士研究生,10149414,复旦大学,工商管理,3
30381628,孙正,2,硕士研究生,,N/A,N/A,
30381629,孙志洪,2,硕士研究生,,N/A,工商管理,3
30381631,孙志方,2,硕士研究生,,N/A,N/A,
30381632,刘丽娟,2,硕士研究生,10149380,中南财经政法大学,工商管理,3
30381633,索隽石,2,硕士研究生,10143850,北京大学,软件工程,1
30381634,孙权,2,硕士研究生,10226532,上海理工大学,国民经济学,5
30381284,欧宝林,2,硕士研究生,10144042,新加坡国立大学,理学,1
30381284,欧宝林,3,本科,10144025,中国科技大学,经济学,5
30381285,欧阳丹,2,硕士研究生,,N/A,N/A,
30381327,秦斌,2,硕士研究生,,N/A,N/A,
30381330,秦岭,2,硕士研究生,10143851,清华大学,管理学,6
30381336,秦毅,1,博士研究生,,N/A,N/A,
30381338,秦岭松,2,硕士研究生,10229126,美国南加州大学,会计学,4
30381338,秦岭松,4,MBA/EMBA,10453635,霍夫斯塔大学,工商管理,3
30381338,秦岭松,3,本科,10128393,西南财经大学,国际经济,5
30381340,邱宏斌,2,硕士研究生,,N/A,N/A,
30381350,路志刚,1,博士研究生,10229034,暨南大学,金融学,5
30381351,栾菲,2,硕士研究生,,N/A,N/A,
30381733,万文俊,3,本科,10143850,北京大学,经济学,5
30381733,万文俊,2,硕士研究生,10386328,美国波士顿学院,工商管理,3
30381734,王浩宇,2,硕士研究生,10453680,巴黎第九大学,金融数学,5
30381734,王浩宇,3,本科,10123973,中国人民大学,数学,1
30381736,王滨,2,硕士研究生,10123973,中国人民大学,工商管理,3
30381737,王昌俊,2,硕士研究生,10143851,清华大学,数学,1
30381738,王宏远,2,硕士研究生,10143871,西安交通大学,经济学,5
30381738,王宏远,2,硕士研究生,10108675,美国哥伦比亚大学,公共管理,6
30381739,汪澳,3,本科,10241630,澳大利亚莫纳什大学,金融学,5
30381739,汪澳,3,本科,10241630,澳大利亚莫纳什大学,经济学,5
30381740,汪波,2,硕士研究生,,N/A,N/A,
30381741,王洪涛,2,硕士研究生,,N/A,经济学,5
30381744,王诗瑶,2,硕士研究生,10143850,北京大学,N/A,
30381642,刘铭,2,硕士研究生,,N/A,N/A,
30381644,刘模林,2,硕士研究生,10143953,华中理工大学,机械工程,1
30381904,吴域,2,硕士研究生,10143850,北京大学,经济学,5
30382016,魏瑄,2,硕士研究生,10123973,中国人民大学,保险学,7
30381115,刘德元,3,本科,10229413,武汉轻工大学,物流管理,6
30381611,施旭,2,硕士研究生,10108675,哥伦比亚大学,金融数学,5
30381612,石波,2,硕士研究生,,N/A,法学,7
30381614,石国武,2,硕士研究生,,N/A,工学,1
30381615,石松鹰,2,硕士研究生,,N/A,N/A,
30381616,石武斌,2,硕士研究生,10123973,中国人民大学,概率论与数理统计,1
30381617,刘杰文,1,博士研究生,10224613,华东师范大学,经济学,5
30381618,石玉,2,硕士研究生,,N/A,管理学,6
30381619,石云峰,2,硕士研究生,,N/A,经济学,5
30381620,孙柠,2,硕士研究生,,N/A,经济学,5
30381647,滕越,2,硕士研究生,,N/A,N/A,
30381800,芮崑,2,硕士研究生,10143861,上海财经大学,经济学,5
30382105,熊壮,2,硕士研究生,,N/A,金融学,5
30382106,轩玉婷,2,硕士研究生,,N/A,N/A,
30382107,徐彬,2,硕士研究生,,N/A,工商管理,3
30382108,徐卫群,2,硕士研究生,,N/A,N/A,
30381250,倪枫,2,硕士研究生,10143850,北京大学,工商管理,3
30381251,倪健,2,硕士研究生,10108675,美国哥伦比亚大学,公共管理,6
30381251,倪健,2,硕士研究生,10143851,清华大学,工程,1
30381252,钱华,2,硕士研究生,,N/A,经济学,5
30381253,钱辉,3,本科,10143850,北京大学,技术物理,1
30381254,钱建,2,硕士研究生,,N/A,N/A,
30381255,钱晶,2,硕士研究生,10385464,美国纽约大学,理工,1
30381256,路荣强,2,硕士研究生,10241632,澳大利亚新南威尔士大学,基金管理,6
30381257,辇大吉,3,本科,10123973,中国人民大学,经济学,5
30381258,聂守华,3,本科,10149414,复旦大学,物理学,1
30381258,聂守华,1,博士研究生,10449043,佛罗里达州立大学,物理学,1
30381258,聂守华,2,硕士研究生,10241643,卡内基梅隆大学,计算金融学,5
30381264,彭俊斌,1,博士研究生,,N/A,N/A,
30382109,王晓伟,2,硕士研究生,10229548,中央财经大学,工商管理,3
30381239,庞良永,3,本科,,N/A,外语,7
30381239,庞良永,3,本科,,N/A,法学,7
30381778,王衍胜,2,硕士研究生,,N/A,N/A,
30381781,邱伟,2,硕士研究生,,N/A,N/A,
30381782,邱新红,2,硕士研究生,10241643,卡内基梅隆大学,计算金融,5
30381782,邱新红,3,本科,10226737,南京大学,应用物理,1
30381783,瞿蕴理,2,硕士研究生,10143871,西安交通大学,工学,1
30381785,唐瑭,2,硕士研究生,10241664,爱丁堡大学,N/A,
30381786,冉华,2,硕士研究生,,N/A,经济学,5
30381787,唐文杰,2,硕士研究生,,N/A,N/A,
30382025,肖华,2,硕士研究生,10226510,同济大学,工学,1
30382026,肖娟,2,硕士研究生,,N/A,经济学,5
30382110,徐晨光,2,硕士研究生,,N/A,N/A,
30381866,王振州,2,硕士研究生,10221272,中原大学,企业管理,3
30381866,王振州,3,本科,10221272,中原大学,电子电机,1
30381867,王正,3,本科,,N/A,N/A,
30381868,王政,1,博士研究生,10108599,普林斯顿大学,N/A,
30382027,肖侃宁,2,硕士研究生,10143953,华中科技大学,工商管理,3
30382028,肖瑞瑾,2,硕士研究生,10149414,复旦大学,N/A,
30381635,孙少锋,2,硕士研究生,,N/A,N/A,
30381083,龙昌伦,2,硕士研究生,,N/A,N/A,
30382111,徐成,2,硕士研究生,10385990,朴茨茅斯大学,金融决策分析,5
30381869,王之远,2,硕士研究生,10226510,同济大学,产业经济学,5
30381870,王志华,3,本科,10143850,北京大学,经济管理,3
30381637,孙晟,2,硕士研究生,,N/A,N/A,
30381638,谈云飞,2,硕士研究生,,N/A,N/A,
30381802,芮颖,2,硕士研究生,10229160,英国牛津大学,经济学,5
30381802,芮颖,2,硕士研究生,10229160,英国牛津大学,哲学,7
30381803,翁锡赟,2,硕士研究生,10149414,复旦大学,金融学,5
30381273,牛若磊,2,硕士研究生,,N/A,商科,6
30381789,饶雄,1,博士研究生,,N/A,N/A,
30381790,唐赟,2,硕士研究生,10242727,香港城市大学,电子工程,1
30381792,任慧娟,2,硕士研究生,,N/A,金融学,5
30381793,唐棕,2,硕士研究生,10241643,卡内基梅隆大学,N/A,
30381794,陶林健,2,硕士研究生,10226507,上海交通大学,工商管理,3
30381795,陶曙斌,2,硕士研究生,10143850,北京大学,金融学,5
30381796,温亮,2,硕士研究生,10238976,香港大学,金融学,5
30382029,肖世源,2,硕士研究生,10149414,复旦大学,中西医结合临床,7
30382035,谢超,N/A,,10143851,清华大学,经济管理,3
30382035,谢超,2,硕士研究生,10386315,美国北伊利诺斯州大学,N/A,
30381875,王智伟,2,硕士研究生,,N/A,N/A,
30381879,韦文赞,3,本科,,N/A,N/A,
30381880,卫学海,2,硕士研究生,10149414,复旦大学,工程学,1
30382036,谢东旭,2,硕士研究生,10149414,复旦大学,经济学,5
30382037,谢国满,1,博士研究生,,N/A,经济学,5
30382113,徐达,3,本科,10236261,美国弗吉尼亚大学,经济学,5
30382112,王晓贞,2,硕士研究生,10229187,山东大学,N/A,
30382113,徐达,3,本科,10236261,美国弗吉尼亚大学,商业学,7
30382114,王啸,2,硕士研究生,10238976,香港大学,金融学,5
30381804,邬传雁,2,硕士研究生,,N/A,N/A,
30381652,欧阳东华,2,硕士研究生,,N/A,应用化学,1
30381653,田敬,2,硕士研究生,10123973,中国人民大学,管理学,6
30381745,汪孟海,1,博士研究生,,N/A,N/A,
30381746,汪旻杰,2,硕士研究生,,N/A,管理学,6
30381747,汪沛,2,硕士研究生,104432,中国人民银行研究生部,经济学,5
30381748,谭微思,1,博士研究生,10385464,纽约大学,理学,1
30381749,王辉良,2,硕士研究生,10123973,中国人民大学,金融学,5
30381750,谭小兵,2,硕士研究生,10229034,暨南大学,会计学,4
30381753,汤礼辉,2,硕士研究生,,N/A,经济学,5
30382079,吴昊,1,博士研究生,,N/A,N/A,
30382081,项志群,3,本科,10228933,哈尔滨工业大学,工学,1
30382087,王祥,3,本科,,N/A,N/A,
30382088,忻怡,2,硕士研究生,,N/A,N/A,
30382089,吴洪坚,2,硕士研究生,10143851,清华大学,工学,1
30382090,吴坚,1,博士研究生,,N/A,N/A,
30382091,邢修元,1,博士研究生,10143735,南开大学,国际金融,5
30381881,魏孛,1,博士研究生,10238976,香港大学,统计,1
30381891,魏立波,2,硕士研究生,,N/A,管理学,6
30381639,谭春元,2,硕士研究生,,N/A,N/A,
30381640,孙甜,1,博士研究生,10143861,上海财经大学,金融数学与金融工程,5
30382064,夏朝宇,2,硕士研究生,10385501,纽约州立大学,N/A,
30382066,夏春,2,硕士研究生,10226507,上海交通大学,经济学,5
30382067,王霞,2,硕士研究生,10224607,北京交通大学,经济学,5
30382067,王霞,2,硕士研究生,,N/A,管理学,6
30382068,夏和平,1,博士研究生,10143851,清华大学,管理学,6
30382069,王夏儒,2,硕士研究生,10143861,上海财经大学,管理学,6
30382070,吴国清,1,博士研究生,10143851,清华大学,经济管理学,3
30382071,谢伟鸿,2,硕士研究生,10357438,美国伊利诺大学,财务管理,3
30382072,夏钦,2,硕士研究生,10226507,上海交通大学,会计,4
30381650,孙建冬,1,博士研究生,,N/A,经济学,5
30381408,宋磊,2,硕士研究生,10224597,华东理工大学,化学工程,1
30381491,宋小龙,2,硕士研究生,10143850,北京大学,计算机软件专业,1
30381606,施斌,3,本科,10149414,复旦大学,世界经济,5
30381613,刘杰,2,硕士研究生,10226886,外交学院,经济学,5
30381609,施同亮,2,硕士研究生,10143851,清华大学,数学,1
30382262,杨鹏飞,2,硕士研究生,,N/A,经济学,5
30382263,杨萍,2,硕士研究生,10229302,深圳大学,国际经济与贸易,5
30382264,徐军,1,博士研究生,10108675,美国哥伦比亚大学,物理学,1
30382265,徐力中,2,硕士研究生,,N/A,经济学,5
30381626,刘开运,2,硕士研究生,,N/A,金融学,5
30381627,孙远慧,2,硕士研究生,,N/A,经济学,5
30381806,吴博文,2,硕士研究生,10143850,北京大学,金融学,5
30381807,尚烁徽,2,硕士研究生,10226507,上海交通大学,N/A,
30382051,王维诚,2,硕士研究生,10226737,南京大学,管理学,6
30382051,王维诚,1,博士研究生,10394691,美国华盛顿州立大学,金融学,5
30381097,吕晓蓉,2,硕士研究生,10143851,清华大学,工商管理,3
30381100,刘大巍,1,博士研究生,10143861,上海财经大学,经济学,5
30381110,吕一凡,2,硕士研究生,,N/A,经济学,5
30381656,田擎,2,硕士研究生,10123973,中国人民大学,国际金融,5
30382282,姚刚,2,硕士研究生,,N/A,金融学,5
30382283,姚姣姣,2,硕士研究生,10149414,复旦大学,金融学,5
30382284,王家柱,2,硕士研究生,10143850,北京大学,企业管理学,3
30382054,王维钢,2,硕士研究生,10229494,浙江大学,管理学,6
30382054,王维钢,1,博士研究生,10143735,南开大学,经济学,5
30382056,吴哲,2,硕士研究生,10149414,复旦大学,运筹学与控制论专业,1
30381809,吴富佳,1,博士研究生,10149414,复旦大学,经济学,5
30381810,吴刚,2,硕士研究生,10143735,南开大学,理学,1
30381658,潘飞,2,硕士研究生,,N/A,N/A,
30382266,杨庆定,1,博士研究生,10226507,上海交通大学,管理学,6
30382267,杨荣哲,2,硕士研究生,10149380,中南财经政法大学,金融学,5
30382268,杨锐,1,博士研究生,10143735,南开大学国际经济研究所,经济学,5
30382269,杨伟,1,博士研究生,10143878,厦门大学,金融工程,5
30382057,伍军,1,博士研究生,,N/A,国际金融,5
30382057,伍军,2,硕士研究生,10143869,武汉大学,软件工程学,1
30382059,谢礼文,3,本科,10241649,密歇根大学,N/A,
30382059,谢礼文,2,硕士研究生,108038,斯坦福大学,N/A,
30381852,王轶,3,本科,10143861,上海财经大学,国际金融,5
30381857,王勇,2,硕士研究生,,N/A,法律,7
30381728,涂冰云,2,硕士研究生,10143871,西安交通大学,工商管理,3
30381730,涂强,2,硕士研究生,10226737,南京大学,经济学,5
30382285,姚璐伟,2,硕士研究生,,N/A,N/A,
30382286,姚秋,1,博士研究生,,N/A,经济学,5
30382287,姚瑢,2,硕士研究生,,N/A,N/A,
30382074,夏青,1,博士研究生,10389509,美国马里兰大学,金融数学,5
30382075,谢新,3,本科,10128393,西南财经大学,货币金融学,5
30382076,先轲宇,2,硕士研究生,,N/A,N/A,
30382077,谢屹,2,硕士研究生,10385905,慕尼黑工业大学,工程物理学,1
30382078,吴昊,2,硕士研究生,,N/A,理学,1
30382061,谢柳毅,2,硕士研究生,,N/A,经济学,5
30382189,许燕,2,硕士研究生,10143861,上海财经大学,金融学,5
30381859,王勇,2,硕士研究生,10228704,北京工业大学,工学,1
30382288,王坚,2,硕士研究生,10143851,清华大学,会计学,4
30382289,姚爽,2,硕士研究生,,N/A,经济学,5
30382095,吴旅忠,2,硕士研究生,,N/A,金融学,5
30382096,吴明鉴,2,硕士研究生,10143861,上海财经大学,经济学,5
30382097,吴娜,2,硕士研究生,10229126,美国南加州大学,工商管理,3
30382098,徐嵩,3,本科,,N/A,N/A,
30382099,熊伟,2,硕士研究生,,N/A,经济学,5
30382100,熊志勇,1,博士研究生,10389213,英国考文垂大学,N/A,
30382101,吴鹏,2,硕士研究生,10143861,上海财经大学,经济学,5
30382102,王晓晖,3,本科,,N/A,理学,1
30382103,吴鹏飞,1,博士研究生,10143735,南开大学,经济学,5
30382104,吴萍萍,2,硕士研究生,10123973,中国人民大学,应用经济学,5
30381731,潘龙玲,2,硕士研究生,,N/A,N/A,
30381732,潘明,2,硕士研究生,,N/A,N/A,
30382194,杨典,3,本科,10228718,北京科技大学,工学,1
30382194,杨典,2,硕士研究生,10128393,西南财经大学,经济学,5
30382198,杨婀冉,3,本科,10229308,沈阳大学,经济学,5
30382200,杨凡,2,硕士研究生,,N/A,经济学,5
30382201,杨芳,3,本科,,N/A,经济学,5
30382292,原泉,2,硕士研究生,10149414,复旦大学,金融工程,5
30382124,薛冀颖,1,博士研究生,10143851,清华大学,工学,1
30382124,薛冀颖,3,本科,10229420,西安电子科技大学,工学,1
30382125,薛玲,1,博士研究生,10224600,北京航空航天大学,计算机,1
30382126,薛思乔,3,本科,10226737,南京大学,金融学,5
30382126,薛思乔,2,硕士研究生,10385464,纽约大学,应用数学,1
30382126,薛思乔,2,硕士研究生,10395052,法国巴黎综合理工学院,金融数学,5
30382128,闫沛贤,2,硕士研究生,10229098,英国帝国理工大学,金融学,5
30382128,闫沛贤,2,硕士研究生,10386336,伯明翰大学,计算机,1
30382129,徐文卉,2,硕士研究生,,N/A,工商管理,3
30382130,徐学标,2,硕士研究生,,N/A,管理工程,6
30382131,徐冶丹,2,硕士研究生,10241663,英国杜伦大学,N/A,
30382138,徐轶,2,硕士研究生,,N/A,货币银行学,5
30382139,徐莹,2,硕士研究生,10143861,上海财经大学,金融学,5
30382150,徐昀君,2,硕士研究生,10226888,对外经济贸易大学,金融学,5
30382151,徐占杰,2,硕士研究生,10143735,南开大学,世界经济,5
30382152,徐正国,2,硕士研究生,,N/A,管理学,6
30382162,许春茂,2,硕士研究生,10233415,英国兰卡斯特大学,金融学,5
30382162,许春茂,3,本科,10226737,南京大学,经济学,5
30382180,许良胜,3,本科,10143850,北京大学,地质学,7
30382180,许良胜,2,硕士研究生,10143850,北京大学,经济学,5
30382182,许彤,3,本科,10228729,北京师范大学,理学,1
30382182,许彤,2,硕士研究生,10143850,北京大学,理学,1
30382187,许炎,2,硕士研究生,,N/A,N/A,
30382270,杨晓东,2,硕士研究生,,N/A,N/A,
30382271,杨欣,2,硕士研究生,,N/A,N/A,
30382273,姚毓林,2,硕士研究生,,N/A,N/A,
30382274,叶朝明,3,本科,10143735,南开大学,经济学,5
30382274,叶朝明,2,硕士研究生,,N/A,工商管理,3
30382372,张甦伟,2,硕士研究生,,N/A,工商管理,3
30382373,张涛,2,硕士研究生,,N/A,经济学,5
30381860,王玉玺,2,硕士研究生,,N/A,N/A,
30381865,王喆,2,硕士研究生,,N/A,工商管理学,3
30382396,章妍,2,硕士研究生,10149414,复旦大学,金融学,5
30382396,章妍,3,本科,10229548,中央财经大学,统计学,1
30382398,章叶飞,2,硕士研究生,10123973,中国人民大学,经济学,5
30381649,田汉卿,2,硕士研究生,10143851,清华大学,N/A,
30381649,田汉卿,3,本科,10143851,清华大学,N/A,
30382305,张露,1,博士研究生,,N/A,N/A,
30382306,王炯,2,硕士研究生,10143869,武汉大学,N/A,
30382307,翟秀华,2,硕士研究生,,N/A,理学,1
30382309,王军,1,博士研究生,,N/A,N/A,
30382215,杨宏亮,1,博士研究生,,N/A,经济学,5
30382216,杨欢,2,硕士研究生,,N/A,经济学,5
30382541,杨淳,2,硕士研究生,,N/A,金融学,5
30382374,张挺,2,硕士研究生,10143861,上海财经大学,经济学,5
30381893,魏上云,2,硕士研究生,10385484,美国纽约理工大学,N/A,
30381894,吴强,2,硕士研究生,,N/A,N/A,
30381895,吴任昊,2,硕士研究生,10143850,北京大学,金融学,5
30381896,吴素涵,3,本科,10453981,韩国淑明女子大学,N/A,
30381899,吴卫东,1,博士研究生,10108675,美国哥伦比亚大学,物理学,1
30381901,吴潇,2,硕士研究生,10385869,墨尔本大学,金融学,5
30382511,赵强,2,硕士研究生,10143735,南开大学,管理学,6
30382512,张大军,2,硕士研究生,,N/A,N/A,
30381897,吴涛,3,本科,10224597,华东理工大学,N/A,
30382293,张磊,2,硕士研究生,,N/A,N/A,
30382295,岳爱民,2,硕士研究生,,N/A,经济学,5
30382296,岳帅,3,本科,,N/A,N/A,
30382297,王江平,N/A,,10143851,清华大学,N/A,
30382299,王劲松,1,博士研究生,10149414,复旦大学,经济学,5
30382300,翟金林,1,博士研究生,,N/A,经济学,5
30382298,张力,2,硕士研究生,,N/A,医学,7
30381734,王浩宇,2,硕士研究生,10242727,香港城市大学,金融数学,5
30381735,万晓西,2,硕士研究生,10143850,北京大学,经济学,5
30381743,汪德生,2,硕士研究生,,N/A,N/A,
30381779,王洋,2,硕士研究生,10395051,巴黎高等经济商业学院,金融工程,5
30381788,唐弋迅,2,硕士研究生,10123973,中国人民大学,世界经济,5
30382278,袁英杰,2,硕士研究生,,N/A,N/A,
30382279,杨雨龙,2,硕士研究生,10143850,北京大学,金融数学,5
30382280,杨长清,2,硕士研究生,,N/A,N/A,
30381801,翁启森,2,硕士研究生,,N/A,工业工程学,1
30382219,杨济如,2,硕士研究生,10224613,华东师范大学,经济学,5
30382220,杨建华,1,博士研究生,10128393,西南财经大学,经济学,5
30381802,芮颖,3,本科,10123973,中国人民大学,货币银行学,5
30381802,芮颖,2,硕士研究生,104432,中国人民银行研究生部,国际金融,5
30382248,杨江,3,本科,10143878,厦门大学,经济学,5
30382399,章宜斌,1,博士研究生,10108695,杜克大学,金融经济学,5
30382400,赵枫,2,硕士研究生,10108675,美国哥伦比亚大学,N/A,
30382401,赵峰,2,硕士研究生,,N/A,N/A,
30381805,吴宝应,2,硕士研究生,,N/A,经济学,5
30382513,张大木,2,硕士研究生,10454072,美国Villanova大学,计算机,1
30382514,赵伟,2,硕士研究生,,N/A,工学,1
30382516,赵学军,1,博士研究生,,N/A,N/A,
30382517,张帆,2,硕士研究生,10143850,北京大学,理学,1
30382518,赵永健,2,硕士研究生,10143869,武汉大学,经济学,5
30381780,邱庆东,2,硕士研究生,,N/A,N/A,
30382253,杨军,2,硕士研究生,,N/A,工商管理,3
30382254,杨军,3,本科,10143861,上海财经大学,N/A,
30382380,张文玥,2,硕士研究生,,N/A,N/A,
30382402,杨爱斌,2,硕士研究生,10149414,复旦大学,国际金融,5
30382403,杨兵兵,3,本科,10143869,武汉大学,经济学,5
30382403,杨兵兵,2,硕士研究生,10143869,武汉大学,经济学,5
30382608,余明元,1,博士研究生,,N/A,经济学,5
30382609,余荣权,2,硕士研究生,,N/A,经济学,5
30382610,祝松,2,硕士研究生,,N/A,经济学,5
30382612,张辉,2,硕士研究生,10385464,纽约大学,工商管理,3
30382613,庄宇飞,2,硕士研究生,,N/A,N/A,
30382614,俞岱曦,2,硕士研究生,,N/A,经济学,5
30382256,徐大成,2,硕士研究生,,N/A,经济学,5
30382256,徐大成,3,本科,,N/A,工学,1
30382257,杨凯玮,2,硕士研究生,10226760,国立台湾大学,土木工程学,1
30382257,杨凯玮,2,硕士研究生,10228929,国立交通大学,管理学,6
30382382,张晓东,2,硕士研究生,10108675,哥伦比亚大学,金融工程,5
30381904,吴域,3,本科,10143850,北京大学,经济学,5
30382259,徐海焱,2,硕士研究生,,N/A,经济学,5
30382404,杨博琳,3,本科,10226507,上海交通大学,船舶与海洋工程,7
30382482,赵凤学,2,硕士研究生,10143850,北京大学,N/A,
30382483,赵慧,2,硕士研究生,,N/A,经济学,5
30382017,魏延军,2,硕士研究生,10238976,香港大学,统计,1
30382311,张明凯,2,硕士研究生,,N/A,数量经济学,5
30382313,王凯,2,硕士研究生,10108675,美国哥伦比亚大学,N/A,
30382314,张倩,3,本科,10143861,上海财经大学,经济学,5
30382315,闫一帆,2,硕士研究生,10229146,新加坡南洋理工大学,金融学,5
30382316,严志勇,2,硕士研究生,10149414,复旦大学,数量经济学,5
30382318,颜伟鹏,2,硕士研究生,10226507,上海交通大学,工学,1
30382319,颜昕,2,硕士研究生,,N/A,工商管理,3
30382326,张强,2,硕士研究生,,N/A,N/A,
30382327,张荣,2,硕士研究生,10143850,北京大学,金融学,5
30382367,晏斌,2,硕士研究生,10238973,香港中文大学,工商管理,3
30382369,张顺太,2,硕士研究生,10229437,西南交通大学,管理科学与工程,6
30382520,郑磊,2,硕士研究生,10149414,复旦大学,社会医学与卫生事业管理,7
30382522,郑青,2,硕士研究生,,N/A,N/A,
30382523,钟赟,2,硕士研究生,,N/A,N/A,
30382524,郑涛,1,博士研究生,,N/A,金融学,5
30382525,张峰,2,硕士研究生,,N/A,工学,1
30382527,张峰,1,博士研究生,,N/A,N/A,
30382528,郑伟辉,5,大专,,N/A,N/A,
30382529,周传根,2,硕士研究生,,N/A,货币银行学,5
30382531,周德昕,2,硕士研究生,10228944,黑龙江商学院,财务管理学,3
30382532,周枫,2,硕士研究生,10226737,南京大学,经济学,5
30382534,杨成,2,硕士研究生,10143861,上海财经大学,管理学,6
30382536,周寒颖,2,硕士研究生,,N/A,管理学,6
30382539,郑毅,2,硕士研究生,10143735,南开大学经济研究所,经济学,5
30382261,徐婕,1,博士研究生,10149414,复旦大学,金融学,5
30382550,张益凡,2,硕士研究生,10143850,北京大学,N/A,
30382484,赵军,2,硕士研究生,10143735,南开大学,金融学,5
30382485,赵凌琦,2,硕士研究生,10143733,财政部财政科研所,经济学,5
30382498,赵密,2,硕士研究生,10144025,中国科学技术大学,工商管理,3
30382615,卓利伟,2,硕士研究生,10229494,浙江大学,工商管理,3
30382616,俞瓅,2,硕士研究生,10149414,复旦大学,N/A,
30382617,俞晓斌,3,本科,,N/A,N/A,
30382617,俞晓斌,2,硕士研究生,,N/A,N/A,
30382618,张纪林,1,博士研究生,10143735,南开大学,金融学,5
30382619,张继枫,2,硕士研究生,,N/A,经济学,5
30382620,袁柏南,2,硕士研究生,,N/A,N/A,
30382621,袁蓓,3,本科,,N/A,经济学,5
30382622,张佳荣,2,硕士研究生,10143851,清华大学,生物学,7
30382623,邹唯,2,硕士研究生,,N/A,理科,1
30382579,叶琦,2,硕士研究生,10388187,美国加利福尼亚大学伯克莱分校,金融工程,5
30382580,易芳菲,2,硕士研究生,,N/A,管理学,6
30382383,张晓军,3,本科,10143871,陕西财经学院,统计学,1
30382383,张晓军,2,硕士研究生,10229548,中央财经大学,经济学,5
30382383,张晓军,1,博士研究生,10454121,中科院数学与系统科学研究院,管理学,6
30382389,张旭伟,2,硕士研究生,10149414,复旦大学,经济学,5
30382581,易贵海,2,硕士研究生,10143869,武汉大学,经济学,5
30382584,王鵾,3,本科,,N/A,N/A,
30382301,王靖,2,硕士研究生,10210693,澳大利亚国立大学,财务管理,3
30382301,王靖,3,本科,10226888,对外经济贸易大学,经济学,5
30382302,张亮,2,硕士研究生,10226507,上海交通大学,材料加工工程学,1
30382303,张林,2,硕士研究生,,N/A,经济学,5
30382304,张琳娜,2,硕士研究生,10226888,对外经济贸易大学,金融学,5
30382628,邹欣,2,硕士研究生,,N/A,经济学,5
30382629,陈天丰,2,硕士研究生,,N/A,N/A,
30382630,王庆仁,1,博士研究生,,N/A,金融学,5
30382631,袁青,2,硕士研究生,,N/A,N/A,
30382632,邹志新,2,硕士研究生,10144082,江西财经大学,统计学,1
30382632,邹志新,3,本科,10228720,北京理工大学,应用数学,1
30382633,陈威霖,2,硕士研究生,,N/A,管理学,6
30382635,周力,3,本科,10143851,清华大学,流体机械及流体工程,1
30382635,周力,2,硕士研究生,10149414,复旦大学,国际金融,5
30382636,张金涛,2,硕士研究生,,N/A,N/A,
30382637,周丽萍,2,硕士研究生,,N/A,N/A,
30382638,张金涛,2,硕士研究生,,N/A,N/A,
30382640,张英,2,硕士研究生,,N/A,N/A,
30382641,张英飚,3,本科,,N/A,N/A,
30382889,高峥,2,硕士研究生,,N/A,经济学,5
30382501,赵楠,3,本科,,N/A,经济学,5
30382502,赵楠,1,博士研究生,,N/A,经济学,5
30382503,赵楠,3,本科,10143850,北京大学,应用化学,1
30382503,赵楠,3,本科,10143850,北京大学,经济学,5
30382503,赵楠,2,硕士研究生,10143869,武汉大学,工商管理,3
30382390,张学东,3,本科,10228696,北京第二外国语学院,经济学,5
30382391,张雪,2,硕士研究生,10229548,中央财经大学,国际金融,5
30382585,易祺坤,3,本科,10143850,北京大学,理学,1
30382586,易万军,3,本科,10144025,中国科学技术大学,经济管理,3
30382869,张俊,3,本科,,N/A,N/A,
30382645,张跃鹏,2,硕士研究生,10229377,天津财经大学,金融学,5
30382664,郑铮,2,硕士研究生,10226888,对外经济贸易大学,经济学,5
30382665,孙陶然,2,硕士研究生,108038,斯坦福大学,N/A,
30382724,张俊杰,2,硕士研究生,10143878,厦门大学,金融工程,5
30382726,张珂,2,硕士研究生,10143850,北京大学,工学,1
30382727,张堃,2,硕士研究生,,N/A,N/A,
30382744,沈丹,2,硕士研究生,,N/A,N/A,
30383015,朱龙洋,2,硕士研究生,,N/A,工学,1
30383016,章劲,3,本科,10226516,上海大学,经济信息管理,5
30383017,朱庆恒,1,博士研究生,,N/A,房地产金融,5
30381654,孙林,2,硕士研究生,10226737,南京大学,经济学,5
30381655,田俊维,3,本科,,N/A,理学,1
30381655,田俊维,3,本科,,N/A,经济学,5
30381656,田擎,3,本科,10123973,中国人民大学,国际金融,5
30381657,田荣华,2,硕士研究生,10143869,武汉大学,经济学,5
30382077,谢屹,2,硕士研究生,10385905,慕尼黑工业大学,金融与经济数学,5
30382073,吴国雄,2,硕士研究生,10238981,香港科技大学,金融数学与统计专业,5
30382092,王小松,2,硕士研究生,,N/A,经济学,5
30382094,徐强,3,本科,,N/A,N/A,
30382097,吴娜,2,硕士研究生,10226507,上海交通大学,工学,1
30382504,赵鹏飞,2,硕士研究生,10143850,北京大学,经济学,5
30382507,詹粤萍,3,本科,,N/A,N/A,
30381898,吴为民,4,MBA/EMBA,10143853,中欧工商管理学院,工商管理,3
30382272,姚臻,2,硕士研究生,,N/A,经济学,5
30382392,张珣,2,硕士研究生,,N/A,工商管理,3
30382392,张珣,3,本科,,N/A,工学,1
30382593,易祚兴,2,硕士研究生,10229494,浙江大学,计算机科学与技术,1
30382624,张建宏,3,本科,10143851,清华大学,工程物理,1
30382624,张建宏,2,硕士研究生,10395245,法国高等商校,国际金融,5
30382624,张建宏,1,博士研究生,10454136,巴黎中央工艺学院,材料,1
30382626,王琦,3,本科,10143851,清华大学,理学,1
30382626,王琦,2,硕士研究生,10143851,清华大学经管学院,数量经济学,5
30382626,王琦,1,博士研究生,104432,中国人民银行研究生部,国际金融学,5
30382627,袁宏隆,3,本科,10229367,台北淡江大学,国际贸易学,5
30382627,袁宏隆,2,硕士研究生,10454188,美国南卡罗莱纳,国际商业,7
30382542,周建树,2,硕士研究生,,N/A,N/A,
30382275,王雄辉,2,硕士研究生,104432,中国人民银行研究生部,经济学,5
30382595,尹德才,2,硕士研究生,,N/A,N/A,
30382596,王黎敏,2,硕士研究生,104432,中国人民银行研究生部,金融学,5
30382596,王黎敏,2,硕士研究生,104432,中国人民银行研究生部,经济学,5
30382508,占冠良,2,硕士研究生,10143850,北京大学光华管理学院,管理学,6
30382509,张冰,2,硕士研究生,10229494,浙江大学,管理工程,6
30382394,张燕,2,硕士研究生,10143850,北京大学,西方经济学,5
30382395,张燕,2,硕士研究生,,N/A,理学,1
30382276,杨逸枫,3,本科,10390536,国立清华大学,经济学,5
30391092,于瑞,2,硕士研究生,,N/A,金融学,5
30391093,范泰奇,1,博士研究生,,N/A,N/A,
30382597,尹晓红,2,硕士研究生,,N/A,N/A,
30382545,张野,2,硕士研究生,,N/A,工商管理,3
30389323,夏莹莹,2,硕士研究生,10238981,香港科技大学,工商管理,3
30382600,于晖,3,本科,10143953,华中理工大学,工学,1
30382600,于晖,2,硕士研究生,10226737,南京大学,金融学,5
30382219,杨济如,2,硕士研究生,10108675,哥伦比亚大学,公共管理,6
30389414,陈旭,2,硕士研究生,,N/A,N/A,
30389871,曹进前,2,硕士研究生,,N/A,N/A,
30382220,杨建华,2,硕士研究生,10224600,北京航空航天大学,工商管理,3
30382547,张以杰,2,硕士研究生,,N/A,经济学,5
30391154,孙东宁,2,硕士研究生,10143850,北京大学,N/A,
30391154,孙东宁,1,博士研究生,10108675,美国哥伦比亚大学,N/A,
30390439,成钧,1,博士研究生,10226507,上海交通大学,N/A,
30382603,于鹏,1,博士研究生,,N/A,N/A,
30382291,袁忠伟,2,硕士研究生,10228704,北京工业大学,管理工程,6
30382291,袁忠伟,3,本科,10229412,武汉工业大学,工程,1
30391155,IKEDA KAE,2,硕士研究生,10380124,日本广岛大学,经济学,5
30391155,IKEDA KAE,3,本科,10380124,日本广岛大学,经济学,5
30390443,刘宏达,2,硕士研究生,10226507,上海交通大学,管理学,6
30390445,杨涛,2,硕士研究生,,N/A,N/A,
30382909,郭斐,3,本科,10149414,复旦大学,经济学,5
30382932,周文秱,3,本科,10143850,北京大学,生物学,7
30382932,周文秱,2,硕士研究生,10229522,芝加哥大学,工商管理,3
30382992,张晓龙,1,博士研究生,,N/A,经济学,5
30383000,周一烽,2,硕士研究生,10149414,复旦大学,N/A,
30383001,周永胜,2,硕士研究生,,N/A,经济学,5
30383002,周宇,2,硕士研究生,,N/A,经济学,5
30383003,周志远,3,本科,,N/A,工学,1
30383004,朱爱林,1,博士研究生,,N/A,经济学,5
30383006,朱晨杰,2,硕士研究生,10454215,法国北方高等商业学校,金融市场,5
30383008,朱汉江,2,硕士研究生,10229015,吉林大学,经济学,5
30383009,张铮烁,2,硕士研究生,10224607,北京交通大学,技术经济及管理,3
30383010,朱杰,2,硕士研究生,,N/A,N/A,
30382548,张亦博,2,硕士研究生,10241630,莫纳什大学,风险管理学,6
30382549,张益驰,2,硕士研究生,10229494,浙江大学,理学,1
30382865,倪莉莎,2,硕士研究生,10241662,英国曼彻斯特大学,管理学,6
30382867,刘李杰,1,博士研究生,10394756,美国约翰霍普金斯大学,电子与计算机工程,1
30393880,魏刚,2,硕士研究生,,N/A,金融工程学,5
30382864,DANIEL DONGNING SUN,1,博士研究生,10108675,美国哥伦比亚大学,N/A,
30382864,DANIEL DONGNING SUN,2,硕士研究生,10143850,北京大学,N/A,
30393949,黄斌斌,3,本科,10143851,清华大学,工学,1
30393949,黄斌斌,2,硕士研究生,10371322,新加坡管理大学,经济学,5
30393953,孟昊,2,硕士研究生,,N/A,理学,1
30394072,周毅,2,硕士研究生,,N/A,理学,1
30394074,曹潜,2,硕士研究生,10143850,北京大学,管理学,6
30394080,宋殿宇,1,博士研究生,,N/A,管理学,6
30394082,宋海岸,2,硕士研究生,10226507,上海交通大学,应用数学,1
30394083,观富钦,2,硕士研究生,,N/A,管理学,6
30394084,郑海峰,2,硕士研究生,,N/A,N/A,
30394086,杨志刚,2,硕士研究生,10143878,厦门大学,经济系,5
30383021,朱艳,2,硕士研究生,,N/A,N/A,
30383022,朱轶伦,3,本科,10143861,上海财经大学,计算机科学与技术,1
30383023,祝东升,2,硕士研究生,10143861,上海财经大学,经济学,5
30383024,祝鸿玲,2,硕士研究生,,N/A,经济学,5
30383027,傅晓轩,2,硕士研究生,10226507,上海交通大学,N/A,
30383029,张翎,2,硕士研究生,10241661,英国利物浦大学,工商管理,3
30383042,张龙,2,硕士研究生,10389412,英国南安普顿大学,经济学,5
30383043,林少立,2,硕士研究生,,N/A,N/A,
30383044,林树财,2,硕士研究生,10226507,上海交通大学,金融学,5
30383045,林森,2,硕士研究生,,N/A,经济学,5
30383046,林睿,2,硕士研究生,10395276,美国范德堡大学,经济学,5
30383046,林睿,3,本科,10228729,北京师范大学,经济学,5
30382294,王健,3,本科,10385960,内蒙古师范大学,教育技术,7
30382294,王健,2,硕士研究生,10229149,内蒙古工业大学,产业经济学,5
30382260,徐杰,2,硕士研究生,10123973,中国人民大学,数量经济学,5
30382260,徐杰,3,本科,10228729,北京师范大学,统计与概率,1
30391260,周志敏,3,本科,10143851,清华大学,N/A,
30391260,周志敏,1,博士研究生,10226864,中国科学院研究生院,N/A,
30391289,王汉宝,2,硕士研究生,,N/A,N/A,
30383048,王雪松,2,硕士研究生,10143850,北京大学,N/A,
30382870,张棪,2,硕士研究生,10128393,西南财经大学,信用管理,6
30382870,张棪,3,本科,10389464,淮南师范学院,国际经济与贸易,5
30382871,景然,2,硕士研究生,10143861,上海财经大学,会计学,4
30382872,曾文宏,2,硕士研究生,10224599,华中师范大学,数量经济学,5
30382873,曾鸿,2,硕士研究生,10149414,复旦大学,世界经济学,5
30382874,朱浩然,2,硕士研究生,10229548,中央财经大学,经济学,5
30382874,朱浩然,3,本科,10229548,中央财经大学,经济学,5
30382875,杨坤,2,硕士研究生,10149414,复旦大学,工商管理,3
30382876,杨立,2,硕士研究生,,N/A,经济学,5
30382877,毕凯,2,硕士研究生,10389564,埃默里大学,工商管理,3
30382881,祝灿,2,硕士研究生,10229522,芝加哥大学,工商管理,3
30382882,范洁,2,硕士研究生,10233358,北京协和医学院,N/A,
30382883,邓彬彬,2,硕士研究生,10363772,中国人民银行金融研究所,金融学,5
30382884,邹立虎,2,硕士研究生,10228859,广东财经大学,金融学,5
30382885,金宏伟,2,硕士研究生,10143851,清华大学,工学,1
30382887,陶然,2,硕士研究生,10454241,法国图卢兹国立综合理工学院,信息系统与软件开发,1
30382887,陶然,2,硕士研究生,10454211,法国图卢兹第一大学,金融工程,5
30382888,顾宇笛,2,硕士研究生,10224613,华东师范大学,经济学,5
30382281,袁媛,2,硕士研究生,,N/A,经济学,5
30390446,邓宇翔,1,博士研究生,,N/A,物理学,1
30391290,蔡宇滨,2,硕士研究生,,N/A,N/A,
30391589,金耀,2,硕士研究生,10143861,上海财经大学,金融工程,5
30391590,李直,2,硕士研究生,,N/A,N/A,
30392497,陈令朝,2,硕士研究生,,N/A,经济学,5
30392530,周华睿,2,硕士研究生,10242727,香港城市大学,金融工程,5
30392531,成涛,3,本科,10143735,南开大学,统计学,1
30392531,成涛,2,硕士研究生,10391069,加拿大不列颠哥伦比亚大学,数理金融,5
30392787,刘爱民,2,硕士研究生,10149414,复旦大学,经济学,5
30392865,郭相博,2,硕士研究生,10385464,纽约大学,技术管理,7
30392888,刘宏毅,2,硕士研究生,10149414,复旦大学,发展经济学,5
30393125,张媛,1,博士研究生,,N/A,N/A,
30393311,苏利华,2,硕士研究生,10226507,上海交通大学,应用统计学,1
30393333,周咏梅,2,硕士研究生,10143861,上海财经大学,国际金融学,5
30393375,张波,2,硕士研究生,,N/A,N/A,
30393378,刘先政,2,硕士研究生,10143850,北京大学,软件工程,1
30393452,蒋雯文,2,硕士研究生,10238973,香港中文大学,财务学,4
30393455,罗捷,2,硕士研究生,,N/A,管理学,6
30383424,沈龙,2,硕士研究生,10454253,伦敦大学玛丽女王学院,理学,1
30394837,张捷,3,本科,10389249,英国中央兰开夏大学,电子工程,1
30394837,张捷,2,硕士研究生,10389282,英国伦敦帝国理工大学,管理学,6
30394841,杨杰,2,硕士研究生,10143953,华中科技大学,金融学,5
30394842,吴廷华,2,硕士研究生,10143861,上海财经大学,金融学,5
30394934,林博程,2,硕士研究生,,N/A,N/A,
30394960,吴邦栋,2,硕士研究生,10143861,上海财经大学,金融学,5
30395008,曹紫建,2,硕士研究生,10369986,东京大学,N/A,
30395028,王志成,2,硕士研究生,,N/A,金融计算,5
30395156,陈斯扬,2,硕士研究生,,N/A,N/A,
30390606,王威,2,硕士研究生,10143953,华中科技大学,工学,1
30391630,于浩成,2,硕士研究生,10123973,中国人民大学,政治经济学,5
30391651,李君,2,硕士研究生,,N/A,管理学,6
30382310,张敏,2,硕士研究生,10143735,南开大学,N/A,
30383588,林健武,1,博士研究生,,N/A,N/A,
30383825,李国栋,2,硕士研究生,,N/A,N/A,
30395812,董鎏洋,2,硕士研究生,10454256,英国圣安德鲁斯,金融管理,5
30395814,王明德,2,硕士研究生,,N/A,N/A,
30395847,李文程,2,硕士研究生,,N/A,N/A,
30395849,陈黎,2,硕士研究生,10143861,上海财经大学,N/A,
30395855,葛晨,2,硕士研究生,10226737,南京大学,N/A,
30395958,HAN YILING,2,硕士研究生,,N/A,信息技术,1
30393524,苏俊杰,2,硕士研究生,10229522,美国芝加哥大学,金融数学,5
30393524,苏俊杰,3,本科,10143851,清华大学,N/A,
30393525,黄海滨,2,硕士研究生,10143850,北京大学,经济学,5
30393598,张沛,2,硕士研究生,,N/A,N/A,
30393851,朱晨歌,2,硕士研究生,10149414,复旦大学,理论物理,1
30394087,张兴,1,博士研究生,10143857,东北财经大学,经济学,5
30394270,陈媛,2,硕士研究生,10226507,上海交通大学,N/A,
30394271,郜哲,1,博士研究生,10143850,北京大学,理学,1
30394668,周谧,2,硕士研究生,10123973,中国人民大学,应用数学,1
30390667,王华,3,本科,10143851,清华大学,理学,1
30382317,颜灵珊,2,硕士研究生,10123973,中国人民大学,管理学,6
30382375,张惟闵,2,硕士研究生,10386371,英国伦敦城市大学,传播政策学,7
30382375,张惟闵,2,硕士研究生,10229098,英国伦敦商学院,工商管理,3
30382377,张维文,2,硕士研究生,10143861,上海财经大学,金融学,5
30382404,杨博琳,2,硕士研究生,10143850,北京大学,金融学,5
30382276,杨逸枫,2,硕士研究生,10229371,台湾政治大学,EMBA,2
30382378,张玮,3,本科,10228993,湖南大学,软件工程,1
30382378,张玮,2,硕士研究生,10104898,中国社会科学院研究生院,工商管理,3
30382519,郑军恒,2,硕士研究生,10143850,北京大学,"理学,分子生物学",1
30390816,缪夏美,2,硕士研究生,,N/A,经济学,5
30390817,李明阳,2,硕士研究生,10143850,北京大学,软件工程,1
30383851,付世伟,2,硕士研究生,10229548,中央财经大学,经济学,5
30390930,曲盛伟,2,硕士研究生,,N/A,N/A,
30404888,沈竹熙,3,本科,10229489,长沙理工大学,金融学,5
30405008,伍方方,2,硕士研究生,10143850,北京大学,理学,1
30382530,张弓,2,硕士研究生,,N/A,N/A,
30384771,祝昱丰,2,硕士研究生,10226507,上海交通大学,金融学,5
30384967,叶国锋,2,硕士研究生,10238973,香港中文大学,经济学,5
30391652,师婧,2,硕士研究生,10229146,新加坡南洋理工大学,理学,1
30391656,李宜璇,1,博士研究生,,N/A,N/A,
30391658,沈晔,2,硕士研究生,,N/A,N/A,
30391936,陈业,2,硕士研究生,,N/A,金融学,5
30390931,毛甜,2,硕士研究生,10143869,武汉大学,金融工程,5
30390974,胡尧盛,2,硕士研究生,10144082,江西财经大学,金融学,5
30382510,张波,3,本科,10149380,中南财经政法大学,财政学,5
30405048,韩焯林,2,硕士研究生,,N/A,应用商业,7
30386291,钱文礼,2,硕士研究生,10128393,西南财经大学,金融学,5
30409726,金媛媛,2,硕士研究生,10149414,复旦大学,金融工程管理,5
30383011,张仲维,2,硕士研究生,10229371,台湾政治大学,经济学,5
30383011,张仲维,2,硕士研究生,10229371,台湾政治大学,国际贸易,5
30392037,彭成军,2,硕士研究生,10143851,清华大学,数学,1
30392038,王文灿,2,硕士研究生,,N/A,应用经济学,5
30392167,王帅,2,硕士研究生,,N/A,经济学,5
30388615,徐黄玮,2,硕士研究生,,N/A,理学,1
30388796,王亮,2,硕士研究生,10143851,清华大学,N/A,
30409150,潘中宁,2,硕士研究生,,N/A,工商管理,3
30409155,张锦,2,硕士研究生,,N/A,N/A,
30409374,王元春,2,硕士研究生,,N/A,工学,1
30409403,王慧,2,硕士研究生,,N/A,N/A,
30409449,赵国英,2,硕士研究生,10143851,清华五道口金融学院,金融学,5
30409451,李博,2,硕士研究生,,N/A,N/A,
30409453,王瀚宁,2,硕士研究生,,N/A,N/A,
30409532,刘笑明,3,本科,10143850,北京大学,经济学,5
30409532,刘笑明,2,硕士研究生,10108675,哥伦比亚大学,运筹学,1
30409557,朱伟东,2,硕士研究生,,N/A,工商管理,3
30409566,庞亚平,2,硕士研究生,,N/A,统计学,1
30410015,马晓璇,3,本科,,N/A,N/A,
30411720,金猛,2,硕士研究生,,N/A,N/A,
30382393,张雅洁,2,硕士研究生,10221276,中央昆士兰大学,会计学,4
30382393,张雅洁,2,硕士研究生,10385922,悉尼大学,金融学,5
30395158,焦翠,2,硕士研究生,10123973,中国人民大学,金融学,5
30395159,罗成,2,硕士研究生,10143850,北京大学,计算数学,1
30395257,陈欣,2,硕士研究生,10224597,华东理工大学,企业管理,3
30395306,曾小丽,3,本科,10229383,天津外国语大学,国际贸易,5
30395306,曾小丽,2,硕士研究生,10123973,中国人民大学,世界经济,5
30395307,潘莉,2,硕士研究生,10229160,牛津大学,工商管理,3
30395446,王石千,2,硕士研究生,,N/A,经济学,5
30395447,程敏,3,本科,10143851,清华大学,数学,1
30395447,程敏,2,硕士研究生,10143851,清华大学,概率统计,1
30395453,李响,2,硕士研究生,10149414,复旦大学,金融学,5
30405159,刘淑生,2,硕士研究生,,N/A,N/A,
30405160,胡琼予,2,硕士研究生,,N/A,经济学,5
30405490,詹佳,3,本科,10238981,香港科技大学,运营管理学,3
30405490,詹佳,2,硕士研究生,10238976,香港大学,金融学,5
30405573,谢玮,1,博士研究生,10104898,中国社会科学院,经济学,5
30388919,胡长虹,3,本科,10228703,北京工商大学,经济学,5
30411732,陈茜,2,硕士研究生,10228703,北京工商大学,会计学,4
30410132,高崇南,1,博士研究生,,N/A,N/A,
30410161,梁福涛,1,博士研究生,10143861,上海财经大学,金融学,5
30388993,周欣宇,2,硕士研究生,,N/A,N/A,
30392168,应颖,2,硕士研究生,10149414,复旦大学,金融学,5
30392168,应颖,2,硕士研究生,10396492,里昂高等商学院,数量金融学,5
30415671,汪玲,2,硕士研究生,,N/A,经济学,5
30410200,李伟,2,硕士研究生,,N/A,经济学,5
30410251,朱宝臣,2,硕士研究生,10143851,清华大学,理学,1
30409572,鞠诗颖,2,硕士研究生,,N/A,N/A,
30409573,徐光,2,硕士研究生,10229115,美国伊利诺伊理工学院,金融学,5
30409570,何昕,2,硕士研究生,10123973,中国人民大学,数量经济学,5
30394108,吴超,2,硕士研究生,10454320,美国本特利商学院,金融学,5
30409673,卢绮婷,2,硕士研究生,10226507,上海交通大学,金融学,5
30408244,黄稚,2,硕士研究生,,N/A,理学,1
30408408,王峥娇,2,硕士研究生,10228933,哈尔滨工业大学,管理学,6
30408409,李超明,3,本科,10229546,中山大学,理学,1
30408409,李超明,1,博士研究生,10229546,中山大学,工学,1
30408508,陈健夫,1,博士研究生,10229126,美国南加州大学,应用数学,1
30408509,张航,2,硕士研究生,,N/A,经济学,5
30408748,温开强,2,硕士研究生,10229379,天津大学,管理学,6
30408807,周华,3,本科,10229546,中山大学,金融学,5
30408807,周华,2,硕士研究生,10238976,香港大学,金融学,5
30408808,曹力,3,本科,10143851,清华大学,N/A,
30408808,曹力,1,博士研究生,10389509,美国马里兰大学,统计学,1
30408895,王健,2,硕士研究生,,N/A,金融学,5
30409012,刘洋,2,硕士研究生,10143850,北京大学,理学,1
30409016,盛泽,2,硕士研究生,10389168,华威大学,经济与国际金融,5
30408747,TIAN HUAN,2,硕士研究生,,N/A,N/A,
30411854,乐无穹,2,硕士研究生,10149414,复旦大学,经济学,5
30411856,赵端端,2,硕士研究生,,N/A,N/A,
30415892,朱斌全,2,硕士研究生,,N/A,理学,1
30415900,赵诣,2,硕士研究生,,N/A,工学,1
30405668,杨旸,2,硕士研究生,,N/A,金融学,5
30405787,杨哲,2,硕士研究生,,N/A,经济学,5
30405841,赵健,2,硕士研究生,10149414,复旦大学,N/A,
30406054,张康康,2,硕士研究生,,N/A,N/A,
30410382,桑磊,2,硕士研究生,10143735,南开大学,概率论与数理统计,1
30389113,孙敏,2,硕士研究生,,N/A,经济学,5
30406384,陈伯祯,2,硕士研究生,,N/A,N/A,
30406579,李巍,2,硕士研究生,,N/A,理学,1
30406591,符健,3,本科,10143850,北京大学,财务管理,3
30406591,符健,2,硕士研究生,10143850,北京大学,金融学,5
30382183,许翔,2,硕士研究生,,N/A,西方会计学,4
30382163,许达,2,硕士研究生,,N/A,工商管理,3
30406152,方建,1,博士研究生,10143851,清华大学,工学,1
30406274,傅峤钰,2,硕士研究生,,N/A,N/A,
30406374,王赛飞,2,硕士研究生,10123973,中国人民大学,金融学,5
30406382,陈觉平,2,硕士研究生,10149414,复旦大学,理学,1
30411950,狄星华,2,硕士研究生,10226516,上海大学,世界经济学,5
30406775,贺喆,3,本科,,N/A,N/A,
30406788,刘晋晋,2,硕士研究生,,N/A,工商管理,3
30396020,高翔,2,硕士研究生,,N/A,经济学,5
30396077,陈志峰,2,硕士研究生,,N/A,工学,1
30396457,杨献忠,2,硕士研究生,10123973,中国人民大学,金融学,5
30396518,杜振业,2,硕士研究生,,N/A,投资与金融,5
30396566,常亚桥,2,硕士研究生,10394756,约翰霍普金斯大学,金融学,5
30403666,刘相鹏,2,硕士研究生,10143861,上海财经大学,金融学,5
30403866,哈图,2,硕士研究生,10143850,北京大学,N/A,
30404063,易小金,2,硕士研究生,10149414,复旦大学,财务管理,3
30404505,李日曼,2,硕士研究生,,N/A,经济学,5
30414220,崔蕾,2,硕士研究生,10236260,康奈尔大学,金融工程,5
30414501,王阳,2,硕士研究生,,N/A,N/A,
30414983,刘明,2,硕士研究生,10143850,北京大学,经济学,5
30414984,陈建华,2,硕士研究生,,N/A,N/A,
30414986,张婷,2,硕士研究生,10385922,悉尼大学,会计,4
30415137,刘小平,2,硕士研究生,10229548,中央财经大学,经济学,5
30415346,吴康,2,硕士研究生,,N/A,N/A,
30415350,郭晓晖,2,硕士研究生,,N/A,N/A,
30415355,杨扬,2,硕士研究生,10143851,清华大学,工学,1
30415356,方伟宁,2,硕士研究生,10229548,中央财经大学,N/A,
30415356,方伟宁,3,本科,10143869,武汉大学,N/A,
30415414,田元强,2,硕士研究生,10143871,西安交通大学,工商管理,3
30415416,李宪,2,硕士研究生,10226507,上海交通大学,工商管理,3
30415578,林国怀,2,硕士研究生,,N/A,经济学,5
30382594,殷觅智,2,硕士研究生,10229098,伦敦经济学院,N/A,
30410756,谢创,2,硕士研究生,10128393,西南财经大学,金融工程,5
30413308,林晓凤,3,本科,10149414,复旦大学,国际金融,5
30413308,林晓凤,2,硕士研究生,10149414,复旦大学,国际金融,5
30413312,姚婷,2,硕士研究生,,N/A,管理学,6
30413500,周昱峰,2,硕士研究生,,N/A,经济学,5
30413682,张亮,2,硕士研究生,,N/A,N/A,
30413853,刘勇,3,本科,10143850,北京大学,金融数学,5
30413853,刘勇,2,硕士研究生,10143850,北京大学,金融数学,5
30413855,郁琦,2,硕士研究生,10143735,南开大学,经济学,5
30413958,米良,2,硕士研究生,,N/A,经济学,5
30413960,刘博,2,硕士研究生,10389168,华威大学,金融学,5
30413961,史浩翔,2,硕士研究生,10149414,复旦大学,金融学,5
30413975,陆靖昶,2,硕士研究生,,N/A,经济学,5
30413975,陆靖昶,2,硕士研究生,,N/A,金融学,5
30414112,王金祥,2,硕士研究生,,N/A,N/A,
30414125,刘徽,2,硕士研究生,10389664,美国贝勒大学商学院,N/A,
30415933,杨振建,1,博士研究生,,N/A,N/A,
30415934,秦昌贵,2,硕士研究生,10143953,华中科技大学,金融学,5
30415976,周紫光,2,硕士研究生,10228796,大连理工大学,工学,1
30415990,蔡健林,2,硕士研究生,10226507,上海交通大学,N/A,
30416102,郭敏,2,硕士研究生,,N/A,N/A,
30416211,李锦文,2,硕士研究生,10149414,复旦大学,会计学,4
30410757,毛静平,2,硕士研究生,,N/A,N/A,
30424471,储荞,2,硕士研究生,10123973,中国人民大学,经济学,5
30424983,周涛,2,硕士研究生,,N/A,N/A,
30422760,廖新昌,2,硕士研究生,,N/A,N/A,
30423000,刘岚,2,硕士研究生,,N/A,N/A,
30418232,鲁炳良,2,硕士研究生,10143861,上海财经大学,经济学,5
30418339,郑鹏,2,硕士研究生,,N/A,理学,1
30418513,孙松,2,硕士研究生,,N/A,经济学,5
30418519,兰传杰,2,硕士研究生,,N/A,工学,1
30382642,张英辉,2,硕士研究生,10385578,英国埃克斯特大学,金融及投资学,5
30382599,游凛峰,1,博士研究生,108038,斯坦福大学,统计学,1
30382611,余洋,2,硕士研究生,10143850,北京大学,经济学,5
30382866,刘凡,1,博士研究生,,N/A,管理科学与工程,6
30383012,朱昆鹏,3,本科,,N/A,N/A,
30382879,王文龙,2,硕士研究生,10229098,伦敦大学,材料与商务,7
30382882,范洁,2,硕士研究生,10238981,香港科技大学,N/A,
30381798,汝平,1,博士研究生,10395130,美国德雷塞尔大学,信息网络,1
30385805,艾翀,2,硕士研究生,10228777,美国宾夕法尼亚州立大学,数学,1
30411016,王垠,2,硕士研究生,,N/A,N/A,
30411362,于洋,2,硕士研究生,,N/A,金融学,5
30393125,张媛,2,硕士研究生,,N/A,N/A,
30407011,周宇,2,硕士研究生,,N/A,经济学,5
30407228,江勇,2,硕士研究生,,N/A,经济学,5
30416541,刘武,2,硕士研究生,,N/A,工学,1
30417687,戴计辉,2,硕士研究生,,N/A,N/A,
30381755,王守章,2,硕士研究生,10143850,北京大学,理学,1
30381757,王德捷,2,硕士研究生,,N/A,N/A,
30381758,王德晓,2,硕士研究生,,N/A,N/A,
30381759,王定元,3,本科,10149439,东北工学院,理学,1
30381759,王定元,2,硕士研究生,10149380,中南财经大学,经济学,5
30381759,王定元,1,博士研究生,10149380,中南财经政法大学,经济学,5
30417844,蒲世林,2,硕士研究生,,N/A,N/A,
30417981,张继圣,2,硕士研究生,,N/A,N/A,
30420400,吴清宇,2,硕士研究生,10143850,北京大学,经济学,5
30420712,杨威风,2,硕士研究生,10238976,香港大学,工商管理学,3
30420926,陈叶雁南,2,硕士研究生,,N/A,N/A,
30420927,冯正彦,2,硕士研究生,,N/A,N/A,
30421458,梁国桓,3,本科,10229548,中央财经大学,经济学,5
3E+19,邓永明,2,硕士研究生,,N/A,N/A,
3E+19,邓永明,3,本科,10386591,山西农业大学,N/A,
30390873,方红涛,2,硕士研究生,,N/A,法学,7
30407315,方昶,2,硕士研究生,,N/A,经济学,5
30407532,倪侃,2,硕士研究生,10241643,美国卡内基梅隆大学,N/A,
30407532,倪侃,3,本科,10149414,复旦大学,N/A,
30407588,房建威,2,硕士研究生,10229494,浙江大学,化学工艺,1
30423436,韩创,2,硕士研究生,,N/A,金融学,5
30423502,廖婷婷,2,硕士研究生,,N/A,财务管理,3
30423503,李维康,2,硕士研究生,,N/A,金融学,5
30423632,姜华,2,硕士研究生,,N/A,N/A,
30423634,彬彬,2,硕士研究生,10454415,澳大利亚伦贡大学,商学,5
30423856,邓思聪,2,硕士研究生,,N/A,理学,1
30424398,郝淼,1,博士研究生,10229531,中国科学院,生物化学与分子生物学,1
3E+19,刘斌,3,本科,10143851,清华大学,工学,1
3E+19,刘斌,1,博士研究生,10229531,中国科学院,工学,1
3E+19,王克玉,2,硕士研究生,10226507,上海交通大学,N/A,
30381761,王帅,2,硕士研究生,10229098,伦敦经济学院,N/A,
30381762,王刚,2,硕士研究生,,N/A,N/A,
30381763,王光力,1,博士研究生,10226507,上海交通大学,工学,1
30381764,王贵文,2,硕士研究生,,N/A,N/A,
30394007,陈瑶,2,硕士研究生,,N/A,金融学,5
30382726,张珂,2,硕士研究生,10108675,哥伦比亚大学,工学,1
30391936,陈业,3,本科,,N/A,文学,7
30391936,陈业,3,本科,,N/A,金融学,5
3E+19,蔡宾,2,硕士研究生,10229548,中央财经大学,N/A,
30381766,汤志彦,2,硕士研究生,,N/A,理学,1
3E+19,姚飞军,2,硕士研究生,,N/A,经济学,5
3E+19,周建春,2,硕士研究生,,N/A,管理工程,6
3E+19,陈尚前,1,博士研究生,10143735,南开大学,经济学,5
30407656,张鹿,2,硕士研究生,,N/A,N/A,
30381776,唐明君,2,硕士研究生,,N/A,N/A,
30381777,王加英,2,硕士研究生,,N/A,经济学,5
3E+19,侯继雄,1,博士研究生,10143851,清华大学,N/A,
3E+19,杨衡,1,博士研究生,10390463,中国科学院数学与系统科学研究院,N/A,
30381767,唐光英,2,硕士研究生,,N/A,N/A,
30381770,王含嫣,2,硕士研究生,10241632,澳大利亚新南威尔士大学,金融学,5
3E+19,景辉,2,硕士研究生,10143861,上海财经大学,金融学,5
3E+19,姚思劼,2,硕士研究生,10149414,复旦大学,管理学,6
3E+19,姚思劼,3,本科,10149414,复旦大学,理学,1
3E+19,吴达,2,硕士研究生,10229098,伦敦政治经济学院,金融经济学,5
3E+19,吴达,1,博士研究生,,N/A,N/A,
30394107,盛骅,2,硕士研究生,10229443,香港理工大学,N/A,
30394842,吴廷华,2,硕士研究生,,N/A,经济学,5
30381771,王涛,2,硕士研究生,10143735,南开大学,经济学,5
30381772,唐建,3,本科,10226736,南京建筑工程学院,工学,1
30381772,唐建,2,硕士研究生,10226507,上海交通大学,工学,1
30381774,唐珂,2,硕士研究生,,N/A,N/A,
30381775,唐雷,3,本科,10143869,武汉大学,"物理学,理学",1
30381775,唐雷,2,硕士研究生,10143850,北京大学,工商管理,3
3E+19,李庆林,2,硕士研究生,10123973,中国人民大学,N/A,
3E+19,赵媛媛,2,硕士研究生,10128393,西南财经大学,经济学,5
3E+19,田间,2,硕士研究生,10229548,中央财经大学,经济学,5
3E+19,翟彦垒,2,硕士研究生,104432,中国人民银行研究生部,经济学,5
3E+19,余礼冰,2,硕士研究生,10143953,华中理工大学,工学,1
3E+19,储雯玉,3,本科,10229548,中央财经大学,经济学,5
3E+19,储雯玉,2,硕士研究生,10143850,北京大学,经济学,5
3E+19,储雯玉,2,硕士研究生,10238976,香港大学,金融学,5
3E+19,邹德立,2,硕士研究生,10143953,华中科技大学,工程,1
3E+19,于雷,3,本科,10123973,中国人民大学,经济学,5
3E+19,于雷,2,硕士研究生,10123973,中国人民大学,经济学,5
3E+19,于雷,1,博士研究生,10238976,香港大学,金融学,5
3E+19,李硕,2,硕士研究生,10229555,重庆大学,工学,1
3E+19,李硕,3,本科,10229430,西北工业大学,工学,1
3E+19,蒋劲刚,3,本科,10229379,天津大学,工学,1
3E+19,蒋劲刚,2,硕士研究生,10229379,天津大学,工学,1
3E+19,钟光正,2,硕士研究生,,N/A,经济学,5
3E+19,刘颖芳,3,本科,10229444,湘潭大学,工学,1
3E+19,吴文庆,1,博士研究生,10226507,上海交通大学,生物医学工程,7
3E+19,蔡旻,3,本科,10143878,厦门大学,金融工程,5
3E+19,蔡旻,2,硕士研究生,10143878,厦门大学,金融工程,5
3E+19,乔春,3,本科,10226868,中南大学,工学,1
3E+19,乔春,2,硕士研究生,10143735,南开大学,金融学,5
3E+19,何以广,3,本科,10143851,清华大学,核工程与核技术,1
3E+19,何以广,1,博士研究生,10143851,清华大学,核科学与技术,1
3E+19,史彦刚,3,本科,10123973,中国人民大学,国民经济学,5
3E+19,史彦刚,2,硕士研究生,10123973,中国人民大学,国民经济学,5
3E+19,陈良栋,2,硕士研究生,10143851,清华大学,电子科学与技术,1
3E+19,马强,3,本科,10224600,北京航空航天大学,计算机科学与技术,1
3E+19,马强,2,硕士研究生,10143850,北京大学,计算机系统结构,1
3E+19,梁婷,1,博士研究生,10104898,中国社会科学院,经济学,5
3E+19,施永辉,2,硕士研究生,,N/A,理学,1
3E+19,杨丹,2,硕士研究生,,N/A,理学,1
3E+19,刘明,2,硕士研究生,,N/A,经济学,5
3E+19,李静,3,本科,10123973,中国人民大学,金融学,5
3E+19,李静,2,硕士研究生,10123973,中国人民大学,金融学,5
3E+19,焦庆,1,博士研究生,10228933,哈尔滨工业大学,理学,1
3E+19,吴迪,2,硕士研究生,10149414,复旦大学,世界经济,5
30427732,邹维,3,本科,10226507,上海交通大学,国际经济与贸易,5
30427951,石婧,2,硕士研究生,,N/A,管理学,6
30428257,徐磊,1,博士研究生,10207358,埃塞克斯大学,金融学,5
30428257,徐磊,3,本科,10143735,南开大学,金融学,5
30428459,陶意非,2,硕士研究生,,N/A,N/A,
30428461,朱柏蓉,2,硕士研究生,10143851,清华大学,金融学,5
30428701,范习辉,1,博士研究生,10143953,华中科技大学,电力系统及其自动化,1
30428757,陶尹斌,2,硕士研究生,,N/A,N/A,
3E+19,曹雄飞,3,本科,10143850,北京大学,理学,1
3E+19,曹雄飞,2,硕士研究生,10143850,北京大学,国际金融,5
3E+19,谌湛,2,硕士研究生,,N/A,金融工程,5
3E+19,袁巍,2,硕士研究生,,N/A,经济学,5
3E+19,杨雅洁,2,硕士研究生,,N/A,经济学,5
3E+19,杨建勋,3,本科,10143857,东北财经大学,经济学,5
3E+19,杨建勋,2,硕士研究生,10143850,北京大学,经济学,5
3E+19,李本刚,2,硕士研究生,,N/A,管理学,6
3E+19,胡琦,1,博士研究生,,N/A,N/A,
3E+19,陶铄,2,硕士研究生,10229531,中国科学院,金融工程,5
3E+19,陶铄,3,本科,10143851,清华大学,应用数学,1
3E+19,李勇,2,硕士研究生,,N/A,经济学,5
3E+19,庄园,2,硕士研究生,,N/A,经济学,5
3E+19,张翼飞,2,硕士研究生,,N/A,经济学,5
3E+19,于鑫,2,硕士研究生,10229103,美国麻省理工学院,工商管理,3
3E+19,李骥,1,博士研究生,10143850,北京大学,经济学,5
3E+19,杨林耘,2,硕士研究生,10143850,北京大学,金融,5
3E+19,王丹丹,2,硕士研究生,104432,中国人民银行研究生部,金融,5
3E+19,薛子徵,3,本科,10229204,山西大学,工商管理,3
3E+19,薛子徵,3,本科,10229204,山西大学,应用心理学,7
3E+19,代毅,2,硕士研究生,10143850,北京大学,金融学,5
3E+19,金凌志,2,硕士研究生,10229548,中央财经大学,经济学,5
3E+19,张君孺,2,硕士研究生,,N/A,经济学,5
3E+19,张钟玉,2,硕士研究生,,N/A,会计学,4
3E+19,朱文辉,2,硕士研究生,10143851,清华大学,工商管理,3
3E+19,欧阳亮,2,硕士研究生,,N/A,管理学,6
3E+19,李琪,1,博士研究生,10229379,天津大学,管理学,6
3E+19,汤义峰,1,博士研究生,10229531,中国科学院,管理学,6
3E+19,李达夫,2,硕士研究生,10229546,中山大学,数量经济学,5
3E+19,何晶,2,硕士研究生,10108675,哥伦比亚大学,N/A,
3E+19,张明,2,硕士研究生,,N/A,管理学,6
3E+19,袁玮,1,博士研究生,,N/A,理学,1
3E+19,白仲光,1,博士研究生,10229379,天津大学,金融工程,5
3E+19,季慧娟,2,硕士研究生,10143861,上海财经大学,经济学,5
3E+19,季慧娟,3,本科,10226510,同济大学,经济学,5
3E+19,陈利,2,硕士研究生,10143861,上海财经大学,数量经济学,5
3E+19,屈伟南,2,硕士研究生,,N/A,工商管理,3
3E+19,支兆华,2,硕士研究生,,N/A,经济学,5
3E+19,张帆,2,硕士研究生,10143953,华中科技大学,N/A,
3E+19,李小羽,3,本科,10226507,上海交通大学,工学,1
3E+19,李小羽,2,硕士研究生,10149381,华南理工大学,工学,1
3E+19,谈洁颖,3,本科,10123973,中国人民大学,工商企业管理,3
3E+19,万莉,2,硕士研究生,10149381,华南理工大学,国民经济学,5
3E+19,苏纯,2,硕士研究生,10229339,四川大学,管理科学与工程,6
3E+19,安昀,2,硕士研究生,10149414,复旦大学,数量经济学,5
3E+19,付勇,3,本科,10143850,北京大学,数学,1
3E+19,付勇,2,硕士研究生,10143850,北京大学,会计学,4
3E+19,付勇,1,博士研究生,10143850,北京大学,金融学,5
30383045,林森,2,硕士研究生,,N/A,工商管理,3
30383046,林睿,3,本科,10228729,北京师范大学,电子,7
30383022,朱轶伦,2,硕士研究生,10389141,英国格拉斯哥大学,金融学,5
30383020,朱晓明,2,硕士研究生,10226507,上海交通大学,N/A,
30403844,刘重杰,3,本科,,N/A,N/A,
30395958,HAN YILING,2,硕士研究生,,N/A,计算机学,1
30405148,茅勇峰,2,硕士研究生,10143735,南开大学,金融学,5
30408409,李超明,2,硕士研究生,10229546,中山大学,工学,1
30409150,潘中宁,2,硕士研究生,,N/A,经济学,5
30409447,任慧峰,1,博士研究生,10143851,清华大学,化学,1
3E+19,黄成扬,2,硕士研究生,10143850,北京大学,金融学,5
30409532,刘笑明,3,本科,10143850,北京大学,化学,1
3E+19,陆莹,3,本科,10226507,上海交通大学,管理学,6
3E+19,左金保,2,硕士研究生,10143869,武汉大学,金融工程,5
3E+19,刘波,2,硕士研究生,10143861,上海财经大学,国防经济,5
3E+19,朱君荣,2,硕士研究生,10143850,北京大学,世界经济,5
3E+19,毛楠,2,硕士研究生,10226518,上海对外贸易学院,金融学,5
3E+19,张洪建,1,博士研究生,10143851,清华大学,物理学,1
3E+19,温胜普,2,硕士研究生,,N/A,经济学,5
3E+19,张小仁,2,硕士研究生,10229546,中山大学,经济学,5
3E+19,姚航,2,硕士研究生,10123973,中国人民大学,工商管理,3
3E+19,孙蓓琳,2,硕士研究生,10229546,中山大学,经济学,5
3E+19,陈会荣,3,本科,10229548,中央财经大学,经济学,5
3E+19,刘安田,2,硕士研究生,,N/A,金融学,5
3E+19,杜海涛,2,硕士研究生,10149414,复旦大学,工商管理,3
30389114,吴刚,2,硕士研究生,10228796,大连理工大学,管理科学与工程,6
30382644,张勇,2,硕士研究生,,N/A,管理科学与工程学,6
30394835,赵凤飞,3,本科,10143735,南开大学,软件工程,1
30394835,赵凤飞,3,本科,10143851,清华大学,计算机科学与技术,1
30392327,夏妍妍,2,硕士研究生,10226507,上海交通大学,经济学,5
3E+19,栾绍菲,2,硕士研究生,10385922,澳大利亚悉尼大学,金融与经济学,5
3E+19,林忠晶,1,博士研究生,,N/A,经济学,5
3E+19,府春江,2,硕士研究生,10143861,上海财经大学,经济学,5
3E+19,王磊,2,硕士研究生,10229015,吉林大学,经济学,5
30409570,何昕,3,本科,10229339,四川大学,经济学,5
3E+19,于启明,3,本科,10143878,厦门大学,经济学,5
3E+19,于启明,2,硕士研究生,10143861,上海财经大学,经济学,5
3E+19,朱晓栋,2,硕士研究生,10226888,对外经济贸易大学,经济学,5
3E+19,李飞,2,硕士研究生,10391022,西蒙弗雷泽大学,经济学,5
3E+19,李飞,1,博士研究生,,N/A,N/A,
3E+19,余述胜,1,博士研究生,,N/A,金融学,5
3E+19,毛矛,2,硕士研究生,10241663,杜伦大学,金融学,5
3E+19,江明波,2,硕士研究生,10149414,复旦大学,理学,1
3E+19,胡文彪,2,硕士研究生,10143851,清华大学,理学,1
3E+19,徐雄晖,2,硕士研究生,10143850,北京大学,经济学,5
3E+19,徐雄晖,3,本科,10123973,中国人民大学,经济学,5
3E+19,宋向宇,2,硕士研究生,,N/A,经济学,5
3E+19,王俊,2,硕士研究生,10226507,上海交通大学,N/A,
3E+19,刘阳,2,硕士研究生,,N/A,N/A,
30383005,朱朝华,2,硕士研究生,10395242,法国高等商业管理学院,工商管理,3
3E+19,庞飒,2,硕士研究生,10229494,浙江大学,理学,1
3E+19,张岗,1,博士研究生,10229429,西北大学,经济学,5
3E+19,王然,2,硕士研究生,10224607,北京交通大学,产业经济学,5
3E+19,呼振翼,2,硕士研究生,10226888,对外经济贸易大学,金融学,5
3E+19,邱义鹏,2,硕士研究生,10143851,清华大学,材料科学与工程,1
3E+19,张玉坤,2,硕士研究生,10143851,清华大学,化学工程与技术,1
3E+19,李瑞,2,硕士研究生,10123973,中国人民大学,金融学,5
3E+19,黄强,2,硕士研究生,,N/A,经济学,5
3E+19,张凯瑜,2,硕士研究生,,N/A,N/A,
3E+19,徐涛国,2,硕士研究生,10143953,华中科技大学,财务金融,5
3E+19,徐涛国,3,本科,10143953,华中科技大学,计算机科学与技术,1
3E+19,李振兴,2,硕士研究生,10143869,武汉大学,金融学,5
3E+19,李振兴,3,本科,10143869,武汉大学,工商管理,3
3E+19,王文祥,2,硕士研究生,10143851,清华大学,机械工程,1
3E+19,王文祥,3,本科,10226763,合肥工业大学,材料科学与工程,1
3E+19,雷宇,2,硕士研究生,,N/A,经济学,5
3E+19,乔哲,2,硕士研究生,,N/A,工商管理,3
30390543,陈龙,2,硕士研究生,10149414,复旦大学,经济学,5
30390543,陈龙,2,硕士研究生,10233376,美国加州大学洛杉矶分校,金融工程,5
30396181,周书,2,硕士研究生,,N/A,N/A,
30382312,王军辉,2,硕士研究生,,N/A,N/A,
30382379,张炜,2,硕士研究生,,N/A,N/A,
30382543,周建新,2,硕士研究生,,N/A,N/A,
30382598,应晓立,3,本科,,N/A,N/A,
30415085,赵云煜,2,硕士研究生,,N/A,N/A,
3E+19,方旻,2,硕士研究生,,N/A,N/A,
3E+19,牛志冬,2,硕士研究生,,N/A,N/A,
3E+19,刘魁,1,博士研究生,,N/A,N/A,
3E+19,李文君,3,本科,10229377,天津财经大学,"计算机科学与技术,金融学",5
3E+19,李文君,2,硕士研究生,10123973,中国人民大学,金融学,5
3E+19,蔡耀华,3,本科,,N/A,N/A,
3E+19,林庆,1,博士研究生,,N/A,N/A,
3E+19,刘晨,3,本科,10389067,英国布里斯托尔大学,电子与通信工程,7
3E+19,刘晨,2,硕士研究生,10389011,英国巴斯大学,管理与金融,5
3E+19,尚鹏岳,2,硕士研究生,10229494,浙江大学,金融数学,5
3E+19,周薇,2,硕士研究生,10143850,北京大学,金融学,5
3E+19,周薇,1,博士研究生,104432,中国人民银行研究生部,金融学,5
3E+19,邓欣雨,2,硕士研究生,,N/A,N/A,
3E+19,王曦,2,硕士研究生,,N/A,N/A,
3E+19,沙炜,2,硕士研究生,10229531,中国科学院,N/A,
3E+19,饶刚,2,硕士研究生,10149414,复旦大学,数理统计学,1
30381808,吴德瑄,2,硕士研究生,,N/A,N/A,
3E+19,鄢耀,2,硕士研究生,,N/A,N/A,
3E+19,徐九龙,2,硕士研究生,10229546,中山大学,理学,1
3E+19,徐九龙,3,本科,10229079,兰州大学,理学,1
3E+19,杨建华,3,本科,10143850,北京大学,理学,1
3E+19,杨建华,2,硕士研究生,10143850,北京大学,经济学,5
3E+19,赵云阳,2,硕士研究生,,N/A,N/A,
3E+19,林景艺,2,硕士研究生,10143850,北京大学,N/A,
30410567,罗军妮,2,硕士研究生,10143735,南开大学,金融学,5
3E+19,朱义,2,硕士研究生,,N/A,N/A,
3E+19,段鹏程,2,硕士研究生,10143878,厦门大学,生物学,7
3E+19,刘志刚,1,博士研究生,10229015,吉林大学,数量经济学,5
3E+19,任凭,2,硕士研究生,,N/A,法学,7
3E+19,张竞,2,硕士研究生,,N/A,金融学,5
3E+19,陈一峰,2,硕士研究生,,N/A,经济学,5
3E+19,蓝雁书,2,硕士研究生,,N/A,理学,1
3E+19,汪建,2,硕士研究生,,N/A,经济学,5
3E+19,陈振宇,2,硕士研究生,,N/A,经济学,5
3E+19,张啸伟,2,硕士研究生,,N/A,N/A,
3E+19,邓晓峰,3,本科,10143869,武汉大学,电子学与信息系统,7
3E+19,邓晓峰,2,硕士研究生,10143851,清华大学,工商管理,3
3E+19,周鑫怿,3,本科,,N/A,N/A,
3E+19,张楷浠,2,硕士研究生,10143869,武汉大学,金融学,5
3E+19,朱少醒,1,博士研究生,,N/A,管理学,6
3E+19,杨嘉文,2,硕士研究生,,N/A,管理学,6
3E+19,杨思亮,2,硕士研究生,10229548,中央财经大学,国际金融,5
3E+19,张文平,2,硕士研究生,10226737,南京大学,管理学,6
3E+19,刘泽兵,2,硕士研究生,10143735,南开大学,管理学,6
3E+19,刘波,3,本科,10143851,清华大学,工程物理,1
3E+19,王雪峰,2,硕士研究生,,N/A,N/A,
3E+19,姜文涛,2,硕士研究生,104432,中国人民银行研究生部,经济学,5
3E+19,胡俊敏,3,本科,10144025,中国科学技术大学,N/A,
3E+19,胡俊敏,1,博士研究生,10108701,哈佛大学,N/A,
3E+19,何肖颉,2,硕士研究生,10143733,财政部财政科研所研究生部,经济学,5
30410760,楼慧源,2,硕士研究生,10149414,复旦大学,金融学,5
30390609,郎琳,2,硕士研究生,10454258,弗罗兹瓦夫经济大学,金融与会计,5
3E+19,关家雄,2,硕士研究生,10143878,厦门大学,金融数学,5
30407242,于文婷,2,硕士研究生,10226507,上海交通大学,工商管理,3
30412938,王彦杰,3,本科,10229372,台湾中山大学,企业管理,3
30412938,王彦杰,2,硕士研究生,10229367,淡江大学,财务金融,5
30412939,王建钦,2,硕士研究生,10454446,美国弗吉尼亚州州立欧道明大学,企业管理,3
30412981,王海燕,2,硕士研究生,,N/A,工商管理,3
30412983,张佳蕾,2,硕士研究生,,N/A,理学,1
30413009,于洪洋,2,硕士研究生,,N/A,工商管理,3
30425495,黄晓婷,2,硕士研究生,,N/A,N/A,
30427707,李晓易,2,硕士研究生,,N/A,N/A,
30428257,徐磊,2,硕士研究生,,N/A,经济学,5
30428699,郭振宇,2,硕士研究生,,N/A,N/A,
3E+19,陈良栋,3,本科,10143851,清华大学,经济学,5
3E+19,陈良栋,3,本科,10143851,清华大学,微电子学,1
3E+19,宋炳珅,2,硕士研究生,,N/A,N/A,
3E+19,杜晓海,2,硕士研究生,,N/A,N/A,
3E+19,袁宜,1,博士研究生,,N/A,N/A,
3E+19,方维玲,3,本科,10229478,云南大学,计算数学,1
3E+19,方维玲,2,硕士研究生,10229478,云南大学,计算数学,1
3E+19,方维玲,2,硕士研究生,10143733,财政部科研所,财政金融,5
3E+19,王颀亮,2,硕士研究生,,N/A,N/A,
3E+19,张璐,2,硕士研究生,10143850,北京大学,经济学,5
3E+19,马文祥,2,硕士研究生,10143851,清华大学,经济学,5
3E+19,陈洪,2,硕士研究生,,N/A,N/A,
3E+19,王立立,2,硕士研究生,10149414,复旦大学,世界经济,5
3E+19,于江勇,2,硕士研究生,,N/A,N/A,
3E+19,吴广利,3,本科,10226507,上海交通大学,工学,1
3E+19,吴广利,2,硕士研究生,10143850,北京大学,经济学,5
3E+19,钟智伦,2,硕士研究生,,N/A,经济学,5
30395267,牟琼屿,2,硕士研究生,10123973,中国人民大学,经济学,5
30409725,王莹莹,2,硕士研究生,10385578,英国埃克斯特大学,营销与金融服务,5
30381773,王浩,2,硕士研究生,10229548,中央财经大学,证券投资,5
3E+19,徐幼华,2,硕士研究生,,N/A,N/A,
3E+19,王保合,1,博士研究生,,N/A,N/A,
3E+19,赵涛,1,博士研究生,,N/A,N/A,
3E+19,魏桢,3,本科,10229015,吉林大学,财政学,5
3E+19,陈雷,2,硕士研究生,,N/A,N/A,
3E+19,陈凯杨,2,硕士研究生,10143850,北京大学,金融学,5
3E+19,陈凯杨,3,本科,10149414,复旦大学,经济学,5
3E+19,黄诺楠,1,博士研究生,10143851,清华大学,应用经济学,5
3E+19,王琼,2,硕士研究生,,N/A,工学,1
3E+19,高峰,2,硕士研究生,10143850,北京大学,经济学,5
3E+19,彭敢,2,硕士研究生,,N/A,金融学,5
3E+19,盖俊龙,2,硕士研究生,,N/A,经济学,5
3E+19,曹冠业,3,本科,10226507,上海交通大学,材料科学,1
3E+19,曹冠业,3,本科,10226507,上海交通大学,技术经济,5
3E+19,曹冠业,2,硕士研究生,10449761,法国马赛经济科技法律大学,工商管理,3
3E+19,曹冠业,2,硕士研究生,10449761,法国马赛经济科技法律大学,法学,7
3E+19,曹丽娟,1,博士研究生,10144042,新加坡国立大学,N/A,
30413418,熊侃,2,硕士研究生,,N/A,N/A,
3E+19,赵宏宇,1,博士研究生,10229339,四川大学,管理学,6
3E+19,陈桂都,3,本科,,N/A,N/A,
3E+19,张丽洁,2,硕士研究生,,N/A,经济学,5
3E+19,陈晓翔,2,硕士研究生,,N/A,产业经济学,5
3E+19,韩贤旺,1,博士研究生,10149414,复旦大学,经济学,5
3E+19,齐东超,2,硕士研究生,10143851,清华大学,工学,1
3E+19,何仁科,2,硕士研究生,10143953,华中科技大学,数量经济学,5
3E+19,王珏池,2,硕士研究生,10241637,澳门科技大学,管理学,6
3E+19,赵栩,2,硕士研究生,,N/A,N/A,
3E+19,万琼,2,硕士研究生,,N/A,N/A,
3E+19,张锦灿,2,硕士研究生,10143850,北京大学,金融学,5
3E+19,贾志敏,2,硕士研究生,10143850,北京大学,经济学,5
3E+19,贾志敏,2,硕士研究生,10143850,北京大学,金融学,5
3E+19,李军,2,硕士研究生,,N/A,N/A,
3E+19,章椹元,3,本科,10149414,复旦大学,理学,1
3E+19,章椹元,2,硕士研究生,10143850,北京大学,金融学,5
3E+19,郑迎迎,2,硕士研究生,10123973,中国人民大学,金融学,5
3E+19,张勇,3,本科,10226738,南京审计学院,金融学,5
3E+19,张勇,2,硕士研究生,10149380,中南财经政法大学,国民经济学,5
3E+19,杨通,3,本科,10123973,中国人民大学,国民经济管理,6
3E+19,杨通,2,硕士研究生,10123973,中国人民大学,金融工程,5
3E+19,王燕,2,硕士研究生,10143850,北京大学,经济学,5
3E+19,刘建伟,3,本科,10143850,北京大学,文学,7
3E+19,刘建伟,2,硕士研究生,10143850,北京大学,文学,7
3E+19,刘建伟,2,硕士研究生,10228777,宾西法尼亚大学,工商管理,3
3E+19,赵恒毅,2,硕士研究生,,N/A,金融学,5
3E+19,邹卉,2,硕士研究生,,N/A,金融学,5
3E+19,戴益强,2,硕士研究生,,N/A,N/A,
3E+19,汪鸣,2,硕士研究生,,N/A,N/A,
3E+19,李晓铭,2,硕士研究生,,N/A,N/A,
3E+19,肖志刚,2,硕士研究生,,N/A,经济学,5
3E+19,邹振松,2,硕士研究生,,N/A,N/A,
3E+19,李笑薇,1,博士研究生,108038,斯坦福大学,N/A,
3E+19,李笑薇,2,硕士研究生,10108599,普林斯顿大学,N/A,
3E+19,李笑薇,3,本科,10143850,北京大学,N/A,
3E+19,贺轶,3,本科,10128393,西南财经大学,经济学,5
3E+19,贺轶,2,硕士研究生,10385855,澳大利亚昆士兰大学,应用金融学,5
3E+19,张剑峰,2,硕士研究生,,N/A,N/A,
3E+19,张鹏程,2,硕士研究生,10143851,清华大学,统计,1
3E+19,张鹏程,3,本科,10143850,北京大学,理学,1
3E+19,曲丽,2,硕士研究生,,N/A,N/A,
3E+19,蔡滨,2,硕士研究生,,N/A,N/A,
3E+19,皮敏,3,本科,10144025,中国科学技术大学,数学,1
3E+19,皮敏,3,本科,10144025,中国科学技术大学,管理科学,6
3E+19,皮敏,2,硕士研究生,10144025,中国科学技术大学,金融学,5
3E+19,章强,2,硕士研究生,,N/A,N/A,
3E+19,张溪冈,2,硕士研究生,,N/A,N/A,
3E+19,曾升,2,硕士研究生,,N/A,N/A,
3E+19,桂征辉,3,本科,10143850,北京大学,应用数学,1
3E+19,桂征辉,2,硕士研究生,10143850,北京大学,计算机,1
3E+19,杜洋,2,硕士研究生,,N/A,N/A,
3E+19,牟永宁,2,硕士研究生,,N/A,N/A,
3E+19,王朔,2,硕士研究生,,N/A,N/A,
3E+19,曾鹏,2,硕士研究生,,N/A,N/A,
3E+19,陈小鹭,2,硕士研究生,,N/A,N/A,
3E+19,林梦,2,硕士研究生,,N/A,N/A,
3E+19,王红欣,1,博士研究生,,N/A,国际金融,5
3E+19,王君正,2,硕士研究生,,N/A,N/A,
3E+19,唐建卓,2,硕士研究生,,N/A,理学,1
3E+19,刘柯,2,硕士研究生,,N/A,N/A,
3E+19,何凯,2,硕士研究生,,N/A,N/A,
3E+19,杨柯,2,硕士研究生,,N/A,N/A,
3E+19,黄春雨,1,博士研究生,,N/A,N/A,
3E+19,袁芳,2,硕士研究生,,N/A,N/A,
3E+19,谭志强,2,硕士研究生,10149414,复旦大学,金融学,5
3E+19,高宏华,2,硕士研究生,10454631,法国格勒诺布尔大学,工商管理,3
3E+19,钱钧,2,硕士研究生,10226737,南京大学,工商管理,3
3E+19,陆欣,2,硕士研究生,10149414,复旦大学,数量经济学,5
3E+19,周睿,2,硕士研究生,10226507,上海交通大学,工商管理,3
3E+19,李阳,3,本科,10226523,上海应用技术学院,金融学,5
3E+19,王健,2,硕士研究生,10229494,浙江大学,生物物理学,7
3E+19,徐寅喆,3,本科,10149414,复旦大学,法学,7
3E+19,汪光成,1,博士研究生,,N/A,管理学,6
3E+19,于华,3,本科,10149414,复旦大学,管理学会计,4
3E+19,于华,3,本科,10385759,麦考瑞大学,商学会计,4
3E+19,于华,2,硕士研究生,10385759,麦考瑞大学,会计,4
3E+19,胡昕炜,2,硕士研究生,10143851,清华大学,工学,1
3E+19,韩爱丽,2,硕士研究生,10149414,复旦大学,经济学,5
3E+19,于鑫,2,硕士研究生,10143851,清华大学,MBA/EMBA,2
3E+19,胡志宝,2,硕士研究生,10226737,南京大学,国际贸易,5
3E+19,张晖,2,硕士研究生,10143861,上海财经大学,经济学,5
3E+19,陆文磊,2,硕士研究生,10224613,上海华东师范大学,金融学,5
3E+19,陆文磊,1,博士研究生,10224613,上海华东师范大学,金融学,5
3E+19,季雷,3,本科,10149414,复旦大学,物理学,1
3E+19,季雷,2,硕士研究生,10226510,同济大学,工商管理,3
3E+19,罗薇,3,本科,10143850,北京大学,理学,1
3E+19,罗薇,2,硕士研究生,10241632,澳大利亚新南威尔士大学,金融会计,5
3E+19,朱晓亮,2,硕士研究生,10143861,上海财经大学,金融学,5
3E+19,王筱苓,2,硕士研究生,10143851,清华大学,工商管理,3
3E+19,兰乔,2,硕士研究生,10143851,清华大学,N/A,
3E+19,叶松,2,硕士研究生,10149380,中南财经政法大学,投资学,5
3E+19,杨明,2,硕士研究生,10229548,中央财经大学,N/A,
3E+19,陆秋渊,2,硕士研究生,10149414,复旦大学,经济学,5
3E+19,于进杰,2,硕士研究生,10143861,上海财经大学,金融学,5
3E+19,张峰,2,硕士研究生,,N/A,N/A,
3E+19,王海军,2,硕士研究生,,N/A,N/A,
3E+19,季雷,1,博士研究生,10454646,比立勤国立大学,工商管理,3
3E+19,陈俏宇,2,硕士研究生,,N/A,工商管理,3
3E+19,朱才敏,2,硕士研究生,,N/A,金融工程,5
3E+19,杨永光,2,硕士研究生,,N/A,N/A,
3E+19,丁俊,2,硕士研究生,,N/A,N/A,
3E+19,刘思甸,1,博士研究生,10143850,北京大学,N/A,
3E+19,宋争林,1,博士研究生,10143851,清华大学,物理化学,1
3E+19,陈静,2,硕士研究生,,N/A,N/A,
3E+19,李佳,2,硕士研究生,10143850,北京大学,N/A,
3E+19,何江旭,2,硕士研究生,,N/A,经济学,5
3E+19,倪权生,1,博士研究生,10226507,上海交通大学,金融学,5
3E+19,杨军,3,本科,10143850,北京大学,经济学,5
3E+19,郝联峰,1,博士研究生,,N/A,经济学,5
3E+19,欧阳凯,2,硕士研究生,10149414,复旦大学,经济学,5
3E+19,刘伟琳,1,博士研究生,10123973,中国人民大学,金融工程,5
3E+19,程岽,2,硕士研究生,,N/A,N/A,
3E+19,王晓冬,2,硕士研究生,,N/A,N/A,
3E+19,黄健斌,3,本科,,N/A,经济学,5
3E+19,黄健斌,3,本科,10143861,上海财经大学,金融学,5
3E+19,沈毅,2,硕士研究生,10241643,美国卡内基梅隆大学,计算金融学,5
3E+19,沈毅,3,本科,10143851,清华大学,国民经济管理,6
3E+19,韩茂华,1,博士研究生,,N/A,工科,1
3E+19,过钧,2,硕士研究生,10449738,美国WAKEFOREST大学,工商管理,3
3E+19,刘江,2,硕士研究生,10143851,清华大学,工学,1
3E+19,刘江,2,硕士研究生,10386486,德国亚琛工业大学,工学,1
3E+19,黄兴亮,1,博士研究生,10143851,清华大学,电气工程及自动化,1
3E+19,黄兴亮,1,博士研究生,10143851,清华大学,计算机应用技术,1
3E+19,许之彦,1,博士研究生,,N/A,理学,1
3E+19,许之彦,2,硕士研究生,,N/A,N/A,
3E+19,黄勤,2,硕士研究生,,N/A,经济学,5
3E+19,王佳,2,硕士研究生,,N/A,N/A,
3E+19,赖中立,2,硕士研究生,10143850,北京大学,金融学,5
3E+19,劳杰男,2,硕士研究生,10149414,复旦大学,经济学,5
3E+19,郑慧莲,2,硕士研究生,10149414,复旦大学,会计学,4
3E+19,赵大年,2,硕士研究生,10390463,中国科学院数学与系统科学研究院,统计学,1
3E+19,赵大年,3,本科,10144025,中国科学技术大学,数学,1
3E+19,杨栋,2,硕士研究生,,N/A,N/A,
3E+19,李培刚,2,硕士研究生,,N/A,N/A,
3E+19,宁君,2,硕士研究生,,N/A,N/A,
3E+19,吕其伦,2,硕士研究生,,N/A,N/A,
3E+19,吴长凤,1,博士研究生,10454682,中国科学院数学与系统科学研究院应用数学研究所,理学,1
3E+19,薛天,2,硕士研究生,10108675,美国哥伦比亚大学,工商管理,3
3E+19,薛天,2,硕士研究生,,N/A,公共卫生学,7
3E+19,何光明,2,硕士研究生,10226507,上海交通大学,工学,1
3E+19,贺涛,2,硕士研究生,,N/A,金融学,5
3E+19,杨柳,2,硕士研究生,,N/A,金融学,5
3E+19,陶铄,2,硕士研究生,10229531,中国科学院,管理学,6
3E+19,陈芳菲,3,本科,10229186,山东财政学院,经济学,5
3E+19,陈芳菲,2,硕士研究生,10143861,上海财经大学,经济学,5
3E+19,黄韬,2,硕士研究生,,N/A,N/A,
3E+19,马乐,2,硕士研究生,,N/A,N/A,
3E+19,章海默,2,硕士研究生,10149414,复旦大学,工商管理,3
3E+19,章海默,3,本科,10149414,复旦大学,经济学,5
3E+19,杨鑫鑫,2,硕士研究生,,N/A,N/A,
3E+19,何谦,2,硕士研究生,,N/A,N/A,
3E+19,朱纪刚,2,硕士研究生,,N/A,理学,1
3E+19,李佳存,2,硕士研究生,,N/A,经济学,5
30422761,伍舟宏,1,博士研究生,10143861,上海财经大学,金融数学与金融工程,5
3E+19,王超,2,硕士研究生,10229548,中央财经大学,N/A,
3E+19,代宇,2,硕士研究生,,N/A,金融学,5
3E+19,王予柯,2,硕士研究生,,N/A,经济学,5
3E+19,陈盛业,1,博士研究生,,N/A,经济学,5
3E+19,冯雨生,2,硕士研究生,10143850,北京大学,经济学,5
30381768,唐红林,2,硕士研究生,,N/A,理学,1
3E+19,吴松凯,2,硕士研究生,10241663,英国杜伦大学,金融与投资,5
3E+19,焦庆,1,博士研究生,10228933,哈尔滨工业大学,管理学,6
3E+19,周炜炜,2,硕士研究生,10389337,伦敦商学院,金融学,5
3E+19,赵鹏程,2,硕士研究生,10229494,浙江大学,高分子化学与物理,1
3E+19,苏圻涵,2,硕士研究生,,N/A,N/A,
3E+19,苏圻涵,1,博士研究生,,N/A,N/A,
3E+19,马翔,2,硕士研究生,10143851,清华大学,工学,1
3E+19,杨烨超,2,硕士研究生,10149414,复旦大学,世界经济,5
3E+19,石雨欣,2,硕士研究生,,N/A,N/A,
3E+19,牛勇,2,硕士研究生,10149414,复旦大学,经济学,5
3E+19,殷鸣,2,硕士研究生,,N/A,经济学,5
3E+19,张伟,2,硕士研究生,,N/A,N/A,
3E+19,雷鸣,2,硕士研究生,10143953,华中科技大学,管理学,6
3E+19,吴振翔,1,博士研究生,10144025,中国科学技术大学,管理学,6
3E+19,王致人,2,硕士研究生,10386327,美国波士顿大学,财务,4
3E+19,王斌,2,硕士研究生,10229115,美国伊利诺伊理工大学,N/A,
3E+19,谢振东,3,本科,10229379,天津大学,理学,1
3E+19,谢振东,2,硕士研究生,10233376,加州大学洛杉矶分校,工学,1
3E+19,李权胜,3,本科,10143850,北京大学,理学,1
3E+19,李权胜,2,硕士研究生,10143850,北京大学,理学,1
3E+19,孙占军,3,本科,10228933,哈尔滨工业大学,工学,1
3E+19,孙占军,2,硕士研究生,10228933,哈尔滨工业大学,管理学,6
3E+19,刘彦春,3,本科,10143851,清华大学,工学,1
3E+19,刘彦春,2,硕士研究生,10143850,北京大学,管理学,6
3E+19,李邦长,2,硕士研究生,,N/A,N/A,
3E+19,李威,2,硕士研究生,10143851,清华大学,工学,1
3E+19,汤丛珊,2,硕士研究生,10143861,上海财经大学,管理学,6
3E+19,顾耀强,2,硕士研究生,10143851,清华大学,管理学,6
3E+19,曾刚,3,本科,10144025,中国科技大学,N/A,
3E+19,鲍泓,2,硕士研究生,,N/A,经济学,5
3E+19,王慧杰,2,硕士研究生,10143735,南开大学,信息与计算科学,1
3E+19,王慧杰,2,硕士研究生,10385529,美国普渡大学,应用统计学,1
3E+19,吴江宏,2,硕士研究生,10143878,厦门大学,经济学,5
3E+19,田大伟,2,硕士研究生,10143861,上海财经大学,金融学,5
3E+19,田大伟,1,博士研究生,10229126,美国南加州大学,金融工程,5
3E+19,王茹远,2,硕士研究生,,N/A,N/A,
3E+19,朱建明,2,硕士研究生,104432,中国人民银行研究生部,金融学,5
3E+19,郭骁,2,硕士研究生,,N/A,金融学,5
3E+19,聂挺进,2,硕士研究生,,N/A,N/A,
3E+19,招扬,2,硕士研究生,,N/A,工学,1
3E+19,陈正宪,2,硕士研究生,,N/A,N/A,
3E+19,吴超,2,硕士研究生,,N/A,理学,1
3E+19,张晟刚,2,硕士研究生,,N/A,N/A,
3E+19,邵健,2,硕士研究生,,N/A,经济学,5
3E+19,刘美玲,2,硕士研究生,,N/A,N/A,
3E+19,刘宁,2,硕士研究生,,N/A,经济学,5
3E+19,张东一,2,硕士研究生,,N/A,理学,1
3E+19,马惠明,2,硕士研究生,,N/A,N/A,
3E+19,温秀娟,3,本科,,N/A,经济学,5
3E+19,霍华明,2,硕士研究生,,N/A,理学,1
3E+19,任爽,2,硕士研究生,,N/A,经济学,5
3E+19,李欣,2,硕士研究生,,N/A,N/A,
3E+19,谭昌杰,2,硕士研究生,,N/A,经济学,5
3E+19,许一尊,2,硕士研究生,10143861,上海财经大学,经济学,5
3E+19,魏晓雪,3,本科,10229494,浙江大学,经济学,5
3E+19,魏晓雪,2,硕士研究生,10149414,复旦大学,经济学,5
3E+19,杨瑨,2,硕士研究生,10143851,清华大学,工程学,1
3E+19,戴奇雷,N/A,,10143953,华中理工大学,生物医学工程,7
3E+19,戴奇雷,2,硕士研究生,10143953,华中理工大学,生物技术专业,1
3E+19,陶敏,2,硕士研究生,,N/A,N/A,
3E+19,陈晓,N/A,,10228933,哈尔滨工业大学,数学,1
3E+19,陈晓,2,硕士研究生,10143735,南开大学,精算学,5
3E+19,刘伟林,2,硕士研究生,10143850,北京大学,经济学,5
3E+19,胡倩,1,博士研究生,10143861,上海财经大学,世界经济,5
3E+19,杜毅,2,硕士研究生,,N/A,N/A,
3E+19,刘心任,2,硕士研究生,10143850,北京大学,经济学,5
3E+19,刘心任,2,硕士研究生,10238976,香港大学,金融学,5
3E+19,孙迪,2,硕士研究生,,N/A,金融学,5
3E+19,孙迪,2,硕士研究生,,N/A,工程学,1
3E+19,张琦,2,硕士研究生,,N/A,N/A,
3E+19,朱平,2,硕士研究生,10143861,上海财经大学,经济学,5
3E+19,王汉博,2,硕士研究生,,N/A,经济学,5
3E+19,任壮,1,博士研究生,,N/A,管理学,6
3E+19,朱冰兵,3,本科,10226737,南京大学,计算机应用专业,1
3E+19,刘元海,1,博士研究生,10226510,同济大学,管理学,6
3E+19,邵笛,2,硕士研究生,10143861,上海财经大学,工商管理,3
3E+19,盛松,2,硕士研究生,10143850,北京大学,N/A,
3E+19,宋海娟,2,硕士研究生,,N/A,工商管理,3
3E+19,刘闯,2,硕士研究生,10149414,复旦大学,管理学,6
3E+19,董理,1,博士研究生,,N/A,理学,1
3E+19,陶羽,2,硕士研究生,,N/A,N/A,
3E+19,尚志民,2,硕士研究生,,N/A,工商管理,3
3E+19,陈加荣,2,硕士研究生,10229379,天津大学,管理工程,6
3E+19,张翥,2,硕士研究生,,N/A,经济学,5
3E+19,陈栋,2,硕士研究生,10149414,复旦大学,预防医学,7
3E+19,刘光华,2,硕士研究生,,N/A,工商管理,3
3E+19,张璐,3,本科,10143850,北京大学,经济学,5
3E+19,张璐,3,本科,10143850,北京大学,理学,1
3E+19,戴斌,1,博士研究生,10123973,中国人民大学,金融学,5
3E+19,邹国英,2,硕士研究生,10128393,西南财经大学,N/A,
3E+19,唐祝益,2,硕士研究生,10226737,南京大学,经济学,5
3E+19,高松,3,本科,10143850,北京大学,临床医学,7
3E+19,张芊,2,硕士研究生,,N/A,经济学,5
3E+19,张芊,2,硕士研究生,,N/A,工商管理,3
3E+19,张芊,2,硕士研究生,,N/A,金融学,5
3E+19,顾义河,2,硕士研究生,,N/A,N/A,
3E+19,刘天君,2,硕士研究生,10143850,北京大学光华管理学院,经济学,5
3E+19,魏军,1,博士研究生,,N/A,数量经济学,5
3E+19,郭林军,2,硕士研究生,,N/A,数量经济学,5
3E+19,张宏民,3,本科,10229420,西安电子科技大学,电子工程,1
3E+19,孙丽娜,2,硕士研究生,,N/A,N/A,
3E+19,邱炜,1,博士研究生,,N/A,统计学,1
3E+19,程琨,2,硕士研究生,,N/A,金融学,5
3E+19,蔡德森,2,硕士研究生,10108675,哥伦比亚大学,房地产开发学,7
3E+19,赵宇,2,硕士研究生,,N/A,N/A,
3E+19,刘珈吟,2,硕士研究生,,N/A,N/A,
3E+19,詹凌蔚,2,硕士研究生,10143878,厦门大学,经济学,5
3E+19,詹凌蔚,3,本科,10226737,南京大学,计算机,1
3E+19,李帅,2,硕士研究生,10143851,清华大学,经济学,5
3E+19,陈乐华,2,硕士研究生,10229548,中央财经大学,金融学,5
3E+19,李金灿,2,硕士研究生,,N/A,N/A,
3E+19,牟旭东,2,硕士研究生,10224613,华东师范大学,金融学,5
3E+19,刘自强,2,硕士研究生,10149414,复旦大学,经济学,5
3E+19,林昊,3,本科,,N/A,N/A,
3E+19,姚志鹏,2,硕士研究生,,N/A,工商管理,3
3E+19,任志强,2,硕士研究生,10226507,上海交通大学,N/A,
3E+19,邵喆阳,2,硕士研究生,,N/A,N/A,
3E+19,陈勤,2,硕士研究生,,N/A,工商管理,3
3E+19,陈勤,2,硕士研究生,,N/A,经济学,5
3E+19,王少成,2,硕士研究生,10149414,复旦大学,物理化学,1
3E+19,黄志钢,2,硕士研究生,,N/A,N/A,
3E+19,郭东谋,2,硕士研究生,,N/A,N/A,
3E+19,梁洪昀,1,博士研究生,10143851,清华大学,经济学,5
3E+19,李安心,2,硕士研究生,10149414,复旦大学,金融学,5
3E+19,於震騋,2,硕士研究生,,N/A,N/A,
3E+19,李冠宇,2,硕士研究生,,N/A,N/A,
3E+19,张昊,2,硕士研究生,10241649,密歇根大学,金融工程,5
3E+19,徐宜宜,2,硕士研究生,,N/A,管理学,6
3E+19,徐宜宜,2,硕士研究生,10386328,波士顿学院,工商管理,3
3E+19,徐宜宜,3,本科,10149414,复旦大学,计算机,1
3E+19,苏玉平,2,硕士研究生,10143861,上海财经大学,经济学,5
3E+19,周益鸣,2,硕士研究生,,N/A,N/A,
3E+19,吴丰树,2,硕士研究生,10378955,加拿大约克大学,工商管理,3
3E+19,陈仕德,2,硕士研究生,,N/A,经济学,5
3E+19,易阳方,2,硕士研究生,,N/A,经济学,5
3E+19,邱春杨,2,硕士研究生,,N/A,金融学,5
3E+19,王嘉,2,硕士研究生,,N/A,N/A,
3E+19,许雪梅,2,硕士研究生,,N/A,管理学,6
3E+19,高钥群,2,硕士研究生,,N/A,N/A,
3E+19,李琛,3,本科,,N/A,经济学,5
3E+19,倪斌,2,硕士研究生,,N/A,N/A,
3E+19,冯永欢,2,硕士研究生,,N/A,经济学,5
3E+19,刘明月,2,硕士研究生,10229034,暨南大学,金融学,5
3E+19,傅友兴,2,硕士研究生,,N/A,经济学,5
3E+19,谢军,2,硕士研究生,,N/A,金融学,5
3E+19,刘晓龙,2,硕士研究生,,N/A,工学,1
3E+19,舒灏,2,硕士研究生,,N/A,N/A,
3E+19,朱亮,2,硕士研究生,,N/A,理学,1
3E+19,刘伟亭,2,硕士研究生,10149414,复旦大学,经济学,5
3E+19,刘晓,2,硕士研究生,10143861,上海财经大学,金融学,5
3E+19,张丹华,1,博士研究生,,N/A,N/A,
3E+19,范红兵,2,硕士研究生,10143735,南开大学,N/A,
3E+19,蔡目荣,2,硕士研究生,,N/A,工科,1
3E+19,郭鹏飞,1,博士研究生,,N/A,N/A,
3E+19,沈梦圆,2,硕士研究生,,N/A,N/A,
3E+19,崔思维,2,硕士研究生,,N/A,N/A,
3E+19,胡洁,2,硕士研究生,,N/A,金融学,5
3E+19,徐觅,3,本科,10149414,复旦大学,管理学,6
3E+19,秦玲萍,2,硕士研究生,104432,中国人民银行研究生部,金融学,5
3E+19,秦玲萍,3,本科,10123973,中国人民大学,金融学,5
30406591,符健,3,本科,10143850,北京大学,数学与应用数学,1
3E+19,季峰,1,博士研究生,,N/A,管理学,6
3E+19,王茜,2,硕士研究生,10143869,武汉大学,工商管理,3
3E+19,杨宇,2,硕士研究生,10143735,南开大学,经济学,5
3E+19,潘永华,1,博士研究生,10108675,哥伦比亚大学,金融学,5
3E+19,陈雯雯,2,硕士研究生,10143850,北京大学,会计学,4
3E+19,刘玉,2,硕士研究生,,N/A,经济学,5
3E+19,李靖,1,博士研究生,10226737,南京大学,管理学,6
3E+19,夏林锋,2,硕士研究生,10149414,复旦大学,N/A,
3E+19,毛文博,2,硕士研究生,,N/A,N/A,
3E+19,李栋梁,2,硕士研究生,,N/A,N/A,
3E+19,高文庆,2,硕士研究生,,N/A,N/A,
3E+19,谭丽,2,硕士研究生,,N/A,N/A,
3E+19,李化松,2,硕士研究生,10143850,北京大学,经济学,5
3E+19,蒋征,3,本科,10143851,清华大学,国际金融与财务,5
3E+19,张能进,2,硕士研究生,,N/A,N/A,
3E+19,丁蕙,2,硕士研究生,10238976,香港大学,工商管理,3
3E+19,蔡文,2,硕士研究生,10149414,复旦大学,管理学,6
3E+19,王伟,1,博士研究生,,N/A,N/A,
3E+19,王骏,2,硕士研究生,10143871,西安交通大学,金融学,5
3E+19,王宇,2,硕士研究生,10233376,美国加州州立大学,金融学,5
3E+19,高珊,2,硕士研究生,,N/A,N/A,
3E+19,王颂,2,硕士研究生,,N/A,经济学,5
3E+19,许少波,2,硕士研究生,10143851,清华大学,工商管理,3
3E+19,冯俊,1,博士研究生,10149414,复旦大学,经济学,5
3E+19,魏东,2,硕士研究生,10149414,复旦大学经济学院,经济学,5
3E+19,芮晨,3,本科,10235824,内蒙古科技大学,工学,1
3E+19,施卫平,2,硕士研究生,10389412,南安普顿大学,国际金融市场,5
3E+19,冒浩,2,硕士研究生,10229098,英国帝国理工大学,N/A,
3E+19,季鹏,2,硕士研究生,,N/A,N/A,
3E+19,楼鸿强,2,硕士研究生,,N/A,N/A,
3E+19,周晶,2,硕士研究生,,N/A,工商管理,3
3E+19,周晶,1,博士研究生,,N/A,经济学,5
3E+19,俞翼之,2,硕士研究生,,N/A,应用金融学,5
3E+19,毕天宇,2,硕士研究生,,N/A,N/A,
3E+19,陈戈,2,硕士研究生,,N/A,N/A,
3E+19,梅韬,1,博士研究生,10143850,北京大学,核技术及应用,1
3E+19,王烁杰,2,硕士研究生,,N/A,N/A,
3E+19,曲扬,2,硕士研究生,10229548,中央财经大学,经济学,5
3E+19,常蓁,2,硕士研究生,,N/A,N/A,
3E+19,王欣,1,博士研究生,10144025,中国科学技术大学,N/A,
3E+19,朱哲,2,硕士研究生,,N/A,工商管理,3
3E+19,朱哲,3,本科,,N/A,经济学,5
3E+19,邵秋涛,2,硕士研究生,,N/A,金融学,5
3E+19,杨阳,2,硕士研究生,10228777,宾夕法尼亚州立大学,N/A,
3E+19,杨阳,3,本科,10144025,中国科学技术大学,N/A,
3E+19,杨军,2,硕士研究生,10143850,北京大学,经济学,5
3E+19,党开宇,2,硕士研究生,10226507,上海交通大学,管理科学与工程,6
3E+19,祝俭,2,硕士研究生,,N/A,经济学,5
3E+19,陆志明,2,硕士研究生,,N/A,经济学,5
3E+19,余昊,2,硕士研究生,,N/A,理学,1
3E+19,李巍,2,硕士研究生,,N/A,理学,1
3E+19,梁亮,2,硕士研究生,,N/A,经济学,5
3E+19,刘志辉,2,硕士研究生,,N/A,金融学,5
3E+19,谢泽林,2,硕士研究生,,N/A,N/A,
3E+19,刘泽兵,3,本科,10143735,南开大学,管理学,6
3E+19,张玮升,2,硕士研究生,,N/A,N/A,
3E+19,张炳炜,2,硕士研究生,,N/A,N/A,
3E+19,黄峰,2,硕士研究生,,N/A,N/A,
3E+19,谯春,1,博士研究生,,N/A,N/A,
3E+19,陈轶平,1,博士研究生,,N/A,N/A,
3E+19,翟琳琳,2,硕士研究生,,N/A,N/A,
3E+19,叶乐天,2,硕士研究生,,N/A,N/A,
3E+19,钟敬棣,3,本科,10143735,南开大学,金融学,5
3E+19,钟敬棣,2,硕士研究生,10391069,加拿大不列颠哥伦比亚大学,工商管理,3
3E+19,薛琳,3,本科,,N/A,管理学,6
3E+19,薛琳,2,硕士研究生,,N/A,N/A,
3E+19,韦明亮,2,硕士研究生,,N/A,经济学,5
3E+19,刘鹏,2,硕士研究生,10123973,中国人民大学,金融学,5
3E+19,刘鹏,3,本科,10228720,北京理工大学,经济学,5
3E+19,李耀柱,2,硕士研究生,,N/A,理学,1
3E+19,曾雪兰,2,硕士研究生,,N/A,经济学,5
3E+19,王莉,2,硕士研究生,10224613,华东师范大学,金融学,5
3E+19,楚天舒,1,博士研究生,10143735,南开大学,经济学,5
3E+19,郎超,2,硕士研究生,,N/A,经济学,5
3E+19,胡永燕,2,硕士研究生,10123973,中国人民大学,金融学,5
3E+19,代云锋,2,硕士研究生,,N/A,N/A,
3E+19,王瑞海,2,硕士研究生,,N/A,N/A,
3E+19,宫雪,1,博士研究生,10229531,中国科学院,管理科学与工程,6
3E+19,陶灿,2,硕士研究生,10143850,北京大学,金融学,5
3E+19,邱宇航,2,硕士研究生,,N/A,N/A,
3E+19,黄欣,2,硕士研究生,10229098,伦敦经济学院,会计金融,5
3E+19,傅明笑,2,硕士研究生,10143851,清华大学,有机化学,1
3E+19,梁珉,2,硕士研究生,,N/A,N/A,
3E+19,姜锋,2,硕士研究生,,N/A,N/A,
3E+19,邹新进,2,硕士研究生,,N/A,N/A,
3E+19,乔林建,2,硕士研究生,,N/A,经济学,5
3E+19,杨子江,2,硕士研究生,,N/A,N/A,
3E+19,邵卓,2,硕士研究生,,N/A,N/A,
3E+19,孙楠,1,博士研究生,,N/A,N/A,
3E+19,胡志利,2,硕士研究生,,N/A,N/A,
3E+19,修世宇,1,博士研究生,10143851,清华大学,会计学,4
3E+19,饶晓鹏,2,硕士研究生,,N/A,N/A,
3E+19,王新艳,2,硕士研究生,104432,中国人民银行总行研究生部,国际金融,5
3E+19,吴照银,2,硕士研究生,,N/A,N/A,
3E+19,吕中凡,2,硕士研究生,,N/A,N/A,
3E+19,张韵,2,硕士研究生,,N/A,理学,1
3E+19,张一格,3,本科,10143735,南开大学,法学,7
3E+19,张一格,2,硕士研究生,104432,中国人民银行研究生部,经济学,5
3E+19,李家春,3,本科,10238976,香港大学,MBA,2
3E+19,李家春,2,硕士研究生,10238976,香港大学,工商管理,3
3E+19,袁新钊,2,硕士研究生,10143850,北京大学,经济学,5
3E+19,王欢,2,硕士研究生,,N/A,N/A,
3E+19,吴云峰,1,博士研究生,,N/A,N/A,
3E+19,柏重波,3,本科,10143851,清华大学,工科,1
3E+19,柏重波,2,硕士研究生,10143851,清华大学,管理学,6
3E+19,张静,1,博士研究生,,N/A,N/A,
3E+19,朱国庆,2,硕士研究生,10149414,复旦大学,应用经济学,5
3E+19,朱国庆,3,本科,10149414,复旦大学,应用数学,1
3E+19,李卓,2,硕士研究生,,N/A,N/A,
3E+19,刘怡敏,2,硕士研究生,10229339,四川大学,金融学,5
3E+19,刘竞,2,硕士研究生,10385464,纽约大学,N/A,
3E+19,徐荔蓉,2,硕士研究生,10229548,中央财经大学,经济学,5
3E+19,陈建华,2,硕士研究生,,N/A,经济学,5
3E+19,尤柏年,1,博士研究生,,N/A,经济学,5
3E+19,张楠,2,硕士研究生,,N/A,N/A,
3E+19,丰晨成,2,硕士研究生,,N/A,N/A,
3E+19,王智慧,1,博士研究生,10226507,上海交通大学,管理学,6
3E+19,华志贵,2,硕士研究生,10149414,复旦大学,经济学,5
3E+19,周欣,2,硕士研究生,10143850,北京大学,经济学,5
3E+19,蒋宁,2,硕士研究生,,N/A,N/A,
3E+19,区伟良,2,硕士研究生,,N/A,N/A,
3E+19,高茜,3,本科,10143851,清华大学,建筑学,7
3E+19,高茜,2,硕士研究生,10454787,美国俄亥俄州克利夫兰州立大学,城市研究学,7
3E+19,刘夫,2,硕士研究生,,N/A,N/A,
3E+19,周伟锋,2,硕士研究生,10143861,上海财经大学,应用经济学,5
3E+19,凌超,3,本科,10229411,武汉科技大学,应用数学,1
3E+19,凌超,2,硕士研究生,10143953,华中科技大学,数量经济学,5
3E+19,徐成城,2,硕士研究生,,N/A,N/A,
3E+19,方晗,2,硕士研究生,,N/A,N/A,
3E+19,张晓东,2,硕士研究生,10454788,美国多米尼克学院,国际经济政治分析,5
3E+19,张志强,2,硕士研究生,10385501,纽约州立大学,计算机科学,1
3E+19,张志强,2,硕士研究生,10144025,中国科学技术大学,数学,1
3E+19,王晓宁,3,本科,10229548,中央财经大学,N/A,
3E+19,陈绪新,2,硕士研究生,10226888,对外经济贸易大学,经济学,5
3E+19,张惠,2,硕士研究生,10226763,合肥工业大学,产业经济学,5
3E+19,张钫,2,硕士研究生,10226536,上海社会科学院,金融学,5
3E+19,何珅华,2,硕士研究生,,N/A,N/A,
3E+19,陈德义,2,硕士研究生,10143851,清华大学,工商管理,3
3E+19,孔庆卿,1,博士研究生,10241662,英国曼彻斯特大学,统计学,1
3E+19,万志勇,2,硕士研究生,104432,中国人民银行研究生部,经济学,5
3E+19,万志勇,3,本科,10229548,中央财经大学,N/A,
3E+19,朱蓓,2,硕士研究生,10226507,上海交通大学,会计学,4
3E+19,陈启明,2,硕士研究生,10149414,复旦大学,会计学,4
3E+19,陈启明,3,本科,10149414,复旦大学,会计学,4
3E+19,王翔,2,硕士研究生,10385869,墨尔本大学,工程管理,6
3E+19,马志强,1,博士研究生,,N/A,经济学,5
3E+19,朱建华,2,硕士研究生,,N/A,N/A,
3E+19,杨景涵,2,硕士研究生,10229546,中山大学,经济学,5
3E+19,龙向东,3,本科,10123973,中国人民大学,经济学,5
3E+19,龙向东,2,硕士研究生,10123973,中国人民大学,经济学,5
3E+19,龙向东,1,博士研究生,10445133,美国加州大学河滨分校,经济学,5
3E+19,郑青,2,硕士研究生,,N/A,经济学,5
3E+19,邓默,1,博士研究生,,N/A,数学,1
3E+19,童立,2,硕士研究生,,N/A,经济学,5
3E+19,费鹏,1,博士研究生,,N/A,房地产金融,5
3E+19,黄焱,2,硕士研究生,,N/A,国际金融学,5
3E+19,佘中强,1,博士研究生,10242727,香港城市大学,N/A,
3E+19,谷衡,2,硕士研究生,,N/A,N/A,
3E+19,张洋,2,硕士研究生,10228778,沃顿商学院,统计学,1
3E+19,张洋,1,博士研究生,10228777,宾夕法尼亚大学,电子工程,1
3E+19,位健,3,本科,10149414,复旦大学,N/A,
3E+19,位健,2,硕士研究生,,N/A,工商管理,3
3E+19,吴兴武,2,硕士研究生,,N/A,理学,1
3E+19,王小罡,2,硕士研究生,,N/A,经济学,5
3E+19,赵勇,2,硕士研究生,10143850,北京大学,N/A,
3E+19,魏莉,2,硕士研究生,,N/A,金融学,5
3E+19,白金,2,硕士研究生,,N/A,经济学,5
3E+19,唐晓斌,2,硕士研究生,,N/A,工学,1
3E+19,桑迎,2,硕士研究生,10233408,英国拉夫堡大学,银行与金融,5
3E+19,桑迎,3,本科,10226877,中国农业大学,经济学,5
3E+19,白金,2,硕士研究生,,N/A,工学,1
3E+19,罗国庆,2,硕士研究生,,N/A,经济学,5
3E+19,邓时锋,2,硕士研究生,,N/A,N/A,
3E+19,梁伟泓,2,硕士研究生,,N/A,工商管理,3
3E+19,胡戈游,2,硕士研究生,10226507,上海交通大学,管理学,6
3E+19,齐海滔,2,硕士研究生,10229494,浙江大学,经济学,5
3E+19,徐林明,2,硕士研究生,10149414,复旦大学,经济学,5
3E+19,钟山,2,硕士研究生,10229098,伦敦经济学院,金融与会计,5
3E+19,赵菲,2,硕士研究生,10228729,北京师范大学,概率论与数理统计,1
3E+19,陈昕,3,本科,,N/A,经济学,5
30406994,孟鸣,3,本科,10238998,上海外国语大学,日本文化经济,5
3E+19,李阳,3,本科,10226507,上海交通大学,经济学,5
3E+19,李阳,3,本科,10226507,上海交通大学,金融学,5
3E+19,董伟炜,2,硕士研究生,10143861,上海财经大学,证券投资,5
3E+19,董伟炜,3,本科,10128393,西南财经大学,金融学,5
3E+19,薛和斌,2,硕士研究生,10226507,上海交通大学,农业经济管理,6
3E+19,饶超,2,硕士研究生,10224603,北京邮电大学,N/A,
3E+19,张慧,2,硕士研究生,,N/A,经济学,5
3E+19,杨浩,2,硕士研究生,10224603,北京邮电大学,通信与信息系统,1
3E+19,李灿,2,硕士研究生,10143850,北京大学,西方经济学,5
3E+19,翁海波,2,硕士研究生,10143851,清华大学,工程学,1
3E+19,伍文友,2,硕士研究生,104432,中国人民银行研究部,金融学,5
3E+19,伍文友,3,本科,10144025,中国科学技术大学,金融学,5
3E+19,黄素丽,2,硕士研究生,10454832,美国加州大学圣塔巴巴拉分校,经济学,5
3E+19,杨毅平,2,硕士研究生,10123973,中国人民大学,区域经济,5
3E+19,杨铭,3,本科,,N/A,经济学,5
3E+19,项廷锋,1,博士研究生,10226507,上海交通大学,管理学,6
3E+19,张诣,2,硕士研究生,,N/A,N/A,
3E+19,晏青,3,本科,10226507,上海交通大学,N/A,
3E+19,李丹,2,硕士研究生,,N/A,管理学,6
3E+19,杨旭蔚,2,硕士研究生,,N/A,N/A,
3E+19,梁皓,1,博士研究生,,N/A,理学,1
3E+19,王航,2,硕士研究生,,N/A,N/A,
3E+19,程洲,2,硕士研究生,,N/A,N/A,
3E+19,尹哲,1,博士研究生,10226868,中南大学,管理学,6
3E+19,陈立,2,硕士研究生,10149414,复旦大学,经济学,5
3E+19,方超,2,硕士研究生,10229546,中山大学,工商管理,3
3E+19,黄志翔,3,本科,,N/A,N/A,
3E+19,曹文俊,2,硕士研究生,,N/A,N/A,
3E+19,盖婷婷,2,硕士研究生,10226507,上海交通大学,N/A,
3E+19,汪洋,2,硕士研究生,,N/A,金融工程,5
3E+19,汪洋,2,硕士研究生,,N/A,计算机科学,1
3E+19,祁禾,2,硕士研究生,,N/A,理学,1
3E+19,范迪钊,3,本科,,N/A,N/A,
3E+19,陈强,2,硕士研究生,,N/A,N/A,
3E+19,张玮,2,硕士研究生,10149380,中南财经政法大学,金融投资,5
3E+19,贾成东,2,硕士研究生,,N/A,理学,1
3E+19,刘璎,2,硕士研究生,,N/A,管理学,6
3E+19,史伟,2,硕士研究生,10403039,英国雷丁大学,经济学,5
3E+19,沈涛,1,博士研究生,10143861,上海财经大学,经济学,5
3E+19,沈毅,2,硕士研究生,10454650,美国加州圣克莱尔大学列维商学院,工商管理,3
3E+19,倪超,2,硕士研究生,10143878,厦门大学,N/A,
3E+19,冯文光,2,硕士研究生,10229546,中山大学,金融学,5
3E+19,冯文光,3,本科,10229546,中山大学,计算机科学与技术,1
3E+19,洪利平,2,硕士研究生,10128393,西南财经大学,金融学,5
3E+19,汪仪,2,硕士研究生,10149380,中南财经政法大学,经济学,5
3E+19,尹培俊,2,硕士研究生,10229079,兰州大学,工商管理,3
3E+19,尹培俊,3,本科,10224613,华东师范大学,经济学,5
3E+19,龚炜,2,硕士研究生,10207357,安徽财经大学,金融学,5
3E+19,贾鹏,2,硕士研究生,10238976,香港大学,N/A,
3E+19,贾鹏,2,硕士研究生,10143850,北京大学,N/A,
3E+19,邱璟旻,2,硕士研究生,,N/A,理学,1
3E+19,刘克飞,2,硕士研究生,10123973,中国人民大学,金融工程,5
3E+19,凌超,3,本科,10229411,武汉科技大学,信息与计算科学,1
3E+19,高靖瑜,3,本科,,N/A,N/A,
3E+19,陈东,2,硕士研究生,,N/A,金融学,5
3E+19,蔡铮,2,硕士研究生,10149414,复旦大学,电子工程,1
3E+19,马少章,2,硕士研究生,10226507,上海交通大学,管理学,6
3E+19,綦缚鹏,2,硕士研究生,10143857,东北财经大学,工商管理,3
3E+19,朱向临,2,硕士研究生,10143850,北京大学,计算数学,1
3E+19,刘潇潇,2,硕士研究生,10363772,中国人民银行金融研究所,经济学,5
3E+19,何明,2,硕士研究生,10389011,英国巴斯大学,工商管理,3
3E+19,何明,2,硕士研究生,10143869,武汉大学,经济学,5
3E+19,李怡文,2,硕士研究生,10229522,芝加哥大学,工商管理,3
3E+19,王栩,2,硕士研究生,10226510,同济大学,管理学,6
3E+19,叶从飞,2,硕士研究生,10226737,南京大学,经济学,5
3E+19,欧阳沁春,2,硕士研究生,10143853,中欧国际工商学院,工商管理,3
3E+19,欧阳沁春,2,硕士研究生,10412454,卫生部武汉生物制品研究所,医学,7
3E+19,苏竞,2,硕士研究生,10226529,上海海事大学,经济学,5
3E+19,赵耀,2,硕士研究生,10238973,香港中文大学,金融财务工商管理,5
3E+19,赵耀,3,本科,10143878,厦门大学,经济学,5
3E+19,周炜炜,3,本科,10143735,南开大学,英国语言文学,7
3E+19,袁建军,2,硕士研究生,10226507,上海交通大学,工学,1
3E+19,朱红裕,2,硕士研究生,10143851,清华大学,工学,1
3E+19,赵建,1,博士研究生,10226510,同济大学,管理学,6
3E+19,狄晓娇,2,硕士研究生,10238976,香港大学,金融学,5
3E+19,汤海波,2,硕士研究生,10149414,复旦大学,经济学,5
3E+19,周炜炜,3,本科,10143735,南开大学,国际金融,5
3E+19,沙骎,2,硕士研究生,,N/A,N/A,
3E+19,艾小军,2,硕士研究生,,N/A,N/A,
3E+19,林晶,2,硕士研究生,10143851,清华大学,经济学,5
3E+19,徐猛,2,硕士研究生,10143851,清华大学,工学,1
3E+19,罗泽萍,2,硕士研究生,,N/A,经济学,5
3E+19,王东杰,1,博士研究生,,N/A,N/A,
3E+19,闫晗,2,硕士研究生,,N/A,N/A,
3E+19,毛水荣,2,硕士研究生,10149414,复旦大学,经济学,5
3E+19,张迎军,2,硕士研究生,,N/A,经济学,5
3E+19,王崇,1,博士研究生,10143850,北京大学,金融学,5
3E+19,屈乐伟,2,硕士研究生,,N/A,N/A,
3E+19,唐桦,2,硕士研究生,10143861,上海财经大学,国际金融,5
3E+19,董晗,2,硕士研究生,10226737,南京大学,理学,1
3E+19,龚丽丽,2,硕士研究生,10226507,上海交通大学,N/A,
3E+19,陈小玲,2,硕士研究生,10229160,牛津大学,计算机,1
3E+19,方伦煜,2,硕士研究生,,N/A,管理学,6
3E+19,董元星,3,本科,10143850,北京大学,经济学,5
3E+19,徐炜哲,2,硕士研究生,10229098,伦敦政治经济学院,金融学,5
3E+19,张靖爽,2,硕士研究生,,N/A,N/A,
3E+19,申艳丽,2,硕士研究生,,N/A,经济学,5
3E+19,梁永强,1,博士研究生,,N/A,经济学,5
3E+19,张弘,2,硕士研究生,10149414,复旦大学,经济学,5
3E+19,孙文龙,2,硕士研究生,10149414,复旦大学,金融学,5
3E+19,陈健玮,3,本科,10238976,香港大学,土木工程,1
3E+19,黄海浩,3,本科,10229187,山东大学,物流工程,1
3E+19,李健,3,本科,10226507,上海交通大学,工业设计,1
3E+19,李健,3,本科,10226507,上海交通大学,金融学,5
3E+19,童汀,2,硕士研究生,104432,中国人民银行总行研究生部,经济学,5
3E+19,陶翀,2,硕士研究生,10143861,上海财经大学,应用经济学,5
3E+19,孙彬,2,硕士研究生,10123973,中国人民大学,金融学,5
3E+19,张科兵,3,本科,10226507,上海交通大学,N/A,
3E+19,张媚钗,2,硕士研究生,10229494,浙江大学,经济学,5
3E+19,陈孜铎,2,硕士研究生,10143851,清华大学,材料科学与工程,1
3E+19,何琦,3,本科,10226507,上海交通大学,经济学,5
3E+19,张永志,2,硕士研究生,,N/A,经济学,5
3E+19,王锋,2,硕士研究生,,N/A,经济学,5
3E+19,王锋,3,本科,,N/A,工学,1
3E+19,章赟,1,博士研究生,10149414,复旦大学,理论物理学,1
3E+19,章赟,2,硕士研究生,10229041,英国剑桥大学,管理学,6
3E+19,吴晨,2,硕士研究生,,N/A,N/A,
3E+19,徐佳,3,本科,,N/A,N/A,
3E+19,邱晓华,2,硕士研究生,,N/A,N/A,
3E+19,王琳,1,博士研究生,,N/A,N/A,
3E+19,崔涛,2,硕士研究生,,N/A,N/A,
3E+19,申坤,2,硕士研究生,,N/A,N/A,
3E+19,徐皓,2,硕士研究生,,N/A,N/A,
3E+19,林小聪,2,硕士研究生,,N/A,N/A,
3E+19,饶玉涵,2,硕士研究生,,N/A,N/A,
3E+19,樊利安,2,硕士研究生,,N/A,N/A,
3E+19,吴向军,2,硕士研究生,,N/A,N/A,
3E+19,潘明曦,2,硕士研究生,,N/A,经济学,5
3E+19,姚爽,2,硕士研究生,,N/A,经济学,5
3E+19,胡永青,2,硕士研究生,,N/A,N/A,
3E+19,梁杏,3,本科,,N/A,N/A,
3E+19,过蓓蓓,1,博士研究生,10144025,中国科学技术大学,金融工程,5
3E+19,韩哲昊,3,本科,,N/A,N/A,
3E+19,白海峰,2,硕士研究生,10108675,哥伦比亚大学,工商管理,3
3E+19,徐治彪,2,硕士研究生,,N/A,管理学,6
3E+19,王亚洲,2,硕士研究生,,N/A,N/A,
3E+19,姜南林,2,硕士研究生,,N/A,N/A,
3E+19,李德亮,2,硕士研究生,104432,中国人民银行研究生部,金融学,5
3E+19,李德亮,3,本科,10226510,同济大学,管理学,6
3E+19,陈翔凯,2,硕士研究生,10238973,香港中文大学,金融财务工商管理,5
3E+19,李娜,2,硕士研究生,10228777,美国宾夕法尼亚大学,应用数学与计算科学,1
3E+19,杨冬冬,2,硕士研究生,10444773,圣玛丽大学,金融学,5
3E+19,杨冬冬,3,本科,10143851,清华大学,机械工程,1
3E+19,徐栋,2,硕士研究生,10238976,香港大学,金融学,5
3E+19,徐栋,2,硕士研究生,10143850,北京大学,经济学,5
3E+19,胡军华,2,硕士研究生,10123973,中国人民大学,经济学,5
3E+19,毛从容,3,本科,10143869,武汉大学,经济学,5
3E+19,毛从容,2,硕士研究生,10143953,华中理工大学,经济学,5
3E+19,陈晖,2,硕士研究生,,N/A,工商管理,3
3E+19,邓湘伟,2,硕士研究生,10238981,香港科技大学,经济学,5
3E+19,颜媛,1,博士研究生,,N/A,N/A,
3E+19,伍智勇,2,硕士研究生,10363772,中国人民银行金融研究所,金融学,5
3E+19,殷瑞飞,1,博士研究生,10143878,厦门大学,统计学,1
3E+19,刘钦,2,硕士研究生,10144082,江西财经大学,经济学,5
3E+19,赵杰,2,硕士研究生,,N/A,理学,1
3E+19,王鹏,1,博士研究生,10149414,复旦大学,经济学,5
3E+19,田明圣,1,博士研究生,,N/A,经济学,5
3E+19,刘宏,2,硕士研究生,,N/A,管理学,6
3E+19,马洪娟,2,硕士研究生,10229034,暨南大学,金融学,5
3E+19,马洪娟,1,博士研究生,10229034,暨南大学,金融学,5
3E+19,张永东,1,博士研究生,,N/A,工学,1
3E+19,陈晓,2,硕士研究生,10229546,中山大学,工商管理,3
3E+19,黄奕,3,本科,10226737,南京大学,经济学,5
3E+19,黄奕,2,硕士研究生,10238976,香港大学,工商管理,3
3E+19,侯斌,3,本科,10143861,上海财经大学,经济学,5
3E+19,潘江,3,本科,10144025,中国科学技术大学,电子学,1
3E+19,冯志刚,2,硕士研究生,10143861,上海财经大学,金融学,5
3E+19,贾殿村,1,博士研究生,,N/A,管理学,6
3E+19,王路,1,博士研究生,,N/A,N/A,
3E+19,李中海,2,硕士研究生,10143850,北京大学,金融学,5
3E+19,鲍无可,2,硕士研究生,,N/A,工学,1
3E+19,付柏瑞,2,硕士研究生,,N/A,金融管理,5
3E+19,陈富权,2,硕士研究生,,N/A,金融学,5
3E+19,李孟海,2,硕士研究生,,N/A,工学,1
3E+19,杨鹏,2,硕士研究生,,N/A,经济学,5
3E+19,魏伟,2,硕士研究生,10149414,复旦大学,经济学,5
3E+19,魏伟,3,本科,10229494,浙江大学,国际金融,5
3E+19,郭锋,2,硕士研究生,10238976,香港大学,工商管理,3
3E+19,于倩倩,2,硕士研究生,,N/A,N/A,
3E+19,刘文正,2,硕士研究生,,N/A,工商管理,3
3E+19,姚锦,1,博士研究生,,N/A,N/A,
3E+19,顾中汉,2,硕士研究生,,N/A,N/A,
3E+19,彭云峰,2,硕士研究生,10143850,北京大学,西方经济学,5
3E+19,李永兴,3,本科,10143850,北京大学,理学,1
3E+19,林洪钧,2,硕士研究生,10149414,复旦大学,工商管理,3
3E+19,肖觅,2,硕士研究生,,N/A,管理学,6
3E+19,王鹏辉,3,本科,10143953,华中理工大学,工学,1
3E+19,王鹏辉,2,硕士研究生,10143953,华中理工大学,经济学,5
3E+19,胡建平,2,硕士研究生,10143857,东北财经大学工商管理学院,经济学,5
3E+19,桑俊,1,博士研究生,10143869,武汉大学,经济学,5
3E+19,蔡玮菁,2,硕士研究生,10143850,北京大学,经济学,5
3E+19,黄莹洁,3,本科,10143850,北京大学,经济学,5
3E+19,黄莹洁,3,本科,10143850,北京大学,管理学,6
3E+19,黄莹洁,2,硕士研究生,10238976,香港大学,工商管理,3
3E+19,任相栋,2,硕士研究生,10226507,上海交通大学,金融学,5
3E+19,何帅,2,硕士研究生,10143861,上海财经大学,N/A,
3E+19,倪文昊,3,本科,10229538,中国药科大学,N/A,
3E+19,刘伟,2,硕士研究生,10144025,中国科技大学,管理学,6
3E+19,孙建波,2,硕士研究生,10224604,首都经济贸易大学,数量经济学,5
3E+19,路阳,2,硕士研究生,,N/A,金融学,5
3E+19,黄明仁,2,硕士研究生,10131627,美国西雅图华盛顿大学,财务金融,5
3E+19,董元星,1,博士研究生,10385464,美国纽约大学Stern商学院,金融学,5
3E+19,杨锐文,2,硕士研究生,,N/A,工学,1
3E+19,杨锐文,2,硕士研究生,,N/A,理学,1
3E+19,杨明韬,2,硕士研究生,10143850,北京大学,金融学,5
3E+19,唐咸德,2,硕士研究生,,N/A,经济学,5
3E+19,赵宗庭,2,硕士研究生,10226888,对外经济贸易大学,经济学,5
3E+19,佘春宁,2,硕士研究生,10143869,武汉大学,经济学,5
3E+19,曹剑飞,2,硕士研究生,10144042,新加坡国立大学,统计学,1
3E+19,曹剑飞,2,硕士研究生,,N/A,经济学,5
3E+19,高兵,2,硕士研究生,,N/A,工程,1
3E+19,蔡建军,2,硕士研究生,,N/A,生物化学与分子生物学,1
3E+19,蔡建军,2,硕士研究生,,N/A,工学,1
3E+19,蔡建军,2,硕士研究生,,N/A,理学,1
3E+19,詹成,1,博士研究生,,N/A,通信电子工程,1
3E+19,万梦,2,硕士研究生,,N/A,工学,1
3E+19,史向明,2,硕士研究生,10149414,复旦大学,概率论与数理统计,1
3E+19,谢天翎,2,硕士研究生,,N/A,商学,5
3E+19,陈嘉平,2,硕士研究生,,N/A,商学,5
3E+19,牟旭东,2,硕士研究生,,N/A,经济学,5
3E+19,李菁,2,硕士研究生,10143850,北京大学,N/A,
3E+19,田大伟,1,博士研究生,10143861,上海财经大学,金融工程,5
3E+19,尚志民,N/A,,10228778,美国宾州大学沃顿商学院,N/A,
3E+19,邓春鸣,2,硕士研究生,10149414,复旦大学,国际金融学,5
3E+19,张剑,2,硕士研究生,10143851,清华大学,工学,1
3E+19,张子法,2,硕士研究生,10143850,北京大学,软件工程,1
3E+19,刘平,2,硕士研究生,,N/A,金融学,5
3E+19,张勇,2,硕士研究生,10143851,清华大学,工商管理,3
3E+19,张继荣,2,硕士研究生,10149439,东北大学,工学,1
3E+19,张继荣,1,博士研究生,10143851,清华大学,化学工程,1
3E+19,林华显,3,本科,,N/A,N/A,
3E+19,朱丹,3,本科,10229034,暨南大学,应用化学,1
3E+19,朱丹,2,硕士研究生,10229034,暨南大学,金融学,5
3E+19,冼鸿鹏,2,硕士研究生,10229546,中山大学,数量经济学,5
3E+19,冼鸿鹏,3,本科,10149381,华南理工大学,N/A,
3E+19,杨绍基,1,博士研究生,,N/A,经济学,5
3E+19,李恒,2,硕士研究生,,N/A,N/A,
3E+19,李轩,2,硕士研究生,10241660,英国利兹大学,管理学,6
3E+19,孟亮,1,博士研究生,10226507,上海交通大学,管理学,6
3E+19,李冬卉,2,硕士研究生,10233415,英国兰卡斯特大学,金融学,5
3E+19,黄立图,2,硕士研究生,10229546,中山大学,金融学,5
3E+19,王晓李,2,硕士研究生,10149414,复旦大学,产业经济学,5
3E+19,许利明,2,硕士研究生,10228703,北京工商大学,产业经济学,5
3E+19,薛珠,2,硕士研究生,10143861,上海财经大学,金融数学与金融工程,5
3E+19,薛珠,3,本科,10224597,华东理工大学,数学与应用数学,1
3E+19,李俊,3,本科,10143850,北京大学,法学,7
3E+19,李俊,2,硕士研究生,10143850,北京大学,工商管理,3
3E+19,孙萌,2,硕士研究生,10224603,北京邮电大学,工学,1
3E+19,倪邈,2,硕士研究生,10229494,浙江大学,工学,1
3E+19,孙祺,2,硕士研究生,,N/A,工学,1
3E+19,李昱,2,硕士研究生,,N/A,N/A,
3E+19,陆奔,2,硕士研究生,,N/A,N/A,
3E+19,胡志伟,2,硕士研究生,10226737,南京大学,经济学,5
3E+19,陈国光,2,硕士研究生,10143851,清华大学,工商管理,3
3E+19,王赟,2,硕士研究生,,N/A,N/A,
3E+19,胡洋,2,硕士研究生,10143851,清华大学,国际工商管理,3
3E+19,郭世凯,2,硕士研究生,,N/A,金融学,5
3E+19,毛颖,2,硕士研究生,10143850,北京大学,金融学,5
3E+19,陈文鹏,2,硕士研究生,,N/A,经济学,5
3E+19,徐莉,2,硕士研究生,,N/A,经济学,5
3E+19,张乐赛,2,硕士研究生,,N/A,N/A,
3E+19,代瑞亮,2,硕士研究生,10143850,北京大学,金融学,5
3E+19,周清,2,硕士研究生,10143850,北京大学,应用数学,1
3E+19,梅律吾,2,硕士研究生,10143861,上海财经大学,货币银行学,5
3E+19,王创练,1,博士研究生,,N/A,N/A,
3E+19,吴博俊,2,硕士研究生,,N/A,N/A,
3E+19,王玥晰,2,硕士研究生,10389228,英国莱斯特大学,理学,1
3E+19,李双全,2,硕士研究生,,N/A,经济学,5
3E+19,周海栋,2,硕士研究生,,N/A,管理学,6
3E+19,杨昌桁,2,硕士研究生,10454934,美国田纳西州立大学,财务金融,5
3E+19,刘明宇,2,硕士研究生,,N/A,经济学,5
3E+19,江国华,2,硕士研究生,10143735,南开大学,金融学,5
3E+19,张城源,2,硕士研究生,10123973,中国人民大学,法学,7
3E+19,乐瑞祺,2,硕士研究生,10149414,复旦大学,数量经济学,5
3E+19,何景风,2,硕士研究生,10149414,复旦大学,技术经济及管理,3
3E+19,罗远航,2,硕士研究生,10143851,清华大学,应用经济学,5
3E+19,朱红,2,硕士研究生,10228796,大连理工大学,工商管理,3
3E+19,李圣春,2,硕士研究生,10386439,第二军医大学,医学,7
3E+19,周勇,2,硕士研究生,10149414,复旦大学,经济学,5
3E+19,孙振峰,1,博士研究生,10149414,复旦大学,经济学,5
3E+19,黄芳,2,硕士研究生,10238973,香港中文大学,财务学,4
3E+19,黄文倩,2,硕士研究生,10149414,复旦大学,金融学,5
3E+19,孙轶佳,2,硕士研究生,10226507,上海交通大学,金融学,5
3E+19,马国江,2,硕士研究生,,N/A,物理电子学,1
3E+19,费逸,2,硕士研究生,,N/A,金融学,5
3E+19,刘萌萌,1,博士研究生,,N/A,工学,1
3E+19,鲁宁,2,硕士研究生,,N/A,经济学,5
3E+19,凌晨,2,硕士研究生,10229162,英国诺丁汉大学,运营管理,6
3E+19,蔡向阳,2,硕士研究生,10226877,中国农业大学,金融学,5
3E+19,宋永安,2,硕士研究生,10149414,复旦大学,数学,1
3E+19,付娟,1,博士研究生,,N/A,会计学,4
3E+19,郑晓辉,1,博士研究生,10143850,北京大学,金融学,5
3E+19,赵磊,2,硕士研究生,10143735,南开大学,金融数学,5
3E+19,周飞,3,本科,10229548,中央财经大学,理学,1
3E+19,周飞,3,本科,10229548,中央财经大学,经济学,5
3E+19,夏俊杰,2,硕士研究生,10143735,南开大学,金融学,5
3E+19,周心鹏,2,硕士研究生,,N/A,金融学,5
3E+19,周心鹏,1,博士研究生,,N/A,N/A,
3E+19,韩冬燕,2,硕士研究生,,N/A,N/A,
3E+19,王永宏,1,博士研究生,,N/A,经济学,5
3E+19,朱富林,2,硕士研究生,10403017,美国弗吉尼亚理工大学,运输/基础设施系统,7
3E+19,朱富林,3,本科,10143851,清华大学,房地产,7
3E+19,宋青,3,本科,,N/A,N/A,
3E+19,周余,2,硕士研究生,10143850,北京大学,信号与信息处理,1
3E+19,汪洋,2,硕士研究生,,N/A,N/A,
3E+19,王海雄,2,硕士研究生,,N/A,经济学,5
3E+19,罗春蕾,2,硕士研究生,,N/A,N/A,
3E+19,苏静然,2,硕士研究生,,N/A,N/A,
3E+19,张靖,2,硕士研究生,10143869,武汉大学,金融学,5
3E+19,赵立松,2,硕士研究生,10378955,加拿大约克大学,经济学,5
3E+19,周宁,2,硕士研究生,10224604,首都经济贸易大学,会计学,4
3E+19,王大鹏,1,博士研究生,10229546,中山大学,金融学,5
3E+19,盛军锋,1,博士研究生,10229034,暨南大学,经济学,5
3E+19,周志超,2,硕士研究生,10143735,南开大学,经济学,5
3E+19,程志田,2,硕士研究生,10143953,华中科技大学,金融学,5
3E+19,孙海波,1,博士研究生,10143735,南开大学,政治经济学,5
3E+19,袁斌,2,硕士研究生,10226507,上海交通大学,工商管理,3
3E+19,袁斌,2,硕士研究生,10229437,西南交通大学,电力电子学,1
3E+19,侯玉琦,2,硕士研究生,,N/A,工商管理,3
3E+19,李黄海,1,博士研究生,10229126,美国南加州大学,N/A,
3E+19,曹庆,2,硕士研究生,10229098,伦敦政治经济学院,N/A,
3E+19,王品,2,硕士研究生,10229538,中国药科大学,理学,1
3E+19,王春,2,硕士研究生,10149414,复旦大学,企业管理,3
3E+19,王春,3,本科,10226737,南京大学,理学,1
3E+19,王静,2,硕士研究生,,N/A,金融学,5
3E+19,蔡锋亮,2,硕士研究生,10389141,英国格拉斯哥大学,国际金融,5
3E+19,吴剑飞,3,本科,10123973,中国人民大学,金融学,5
3E+19,计伟,2,硕士研究生,,N/A,工商管理,3
3E+19,谷伟,1,博士研究生,10226507,上海交通大学,管理学,6
3E+19,李杰,2,硕士研究生,10226507,上海交通大学,理学,1
3E+19,刘振华,2,硕士研究生,10123973,中国人民大学,MBA,2
3E+19,张弘弢,2,硕士研究生,,N/A,N/A,
3E+19,谭琦,2,硕士研究生,,N/A,工学,1
3E+19,周全,2,硕士研究生,104432,中国人民银行研究生部,金融,5
3E+19,曲波,2,硕士研究生,10143851,清华大学,工商管理,3
3E+19,方军,2,硕士研究生,,N/A,N/A,
3E+19,闫旭,2,硕士研究生,10149414,复旦大学,经济学,5
3E+19,闫旭,2,硕士研究生,10149414,复旦大学,金融学,5
3E+19,杨泽辉,2,硕士研究生,,N/A,会计学,4
3E+19,王怡欢,2,硕士研究生,10143850,北京大学,经济学,5
3E+19,程海泳,3,本科,10143850,北京大学,经济学,5
3E+19,赵忆波,2,硕士研究生,10389412,英国南安普顿大学,国际金融市场,5
3E+19,巩怀志,2,硕士研究生,10143851,清华大学,MBA,2
3E+19,魏镇江,2,硕士研究生,10143850,北京大学,经济学,5
3E+19,刘文动,2,硕士研究生,,N/A,N/A,
3E+19,阳先伟,2,硕士研究生,,N/A,经济学,5
3E+19,陈鹏,2,硕士研究生,10143851,清华大学,工商管理,3
3E+19,张弢,2,硕士研究生,,N/A,经济学,5
3E+19,钟小婧,2,硕士研究生,10229162,英国诺丁汉大学,金融与投资学,5
3E+19,钟小婧,3,本科,10123973,中国人民大学,经济学,5
3E+19,廖志峰,2,硕士研究生,10238976,香港大学,工商管理,3
3E+19,林彤彤,2,硕士研究生,,N/A,N/A,
3E+19,严瑾,2,硕士研究生,10454957,法国瓦尔省土伦大学经济管理学院,N/A,
3E+19,严瑾,2,硕士研究生,10454958,法国图卢兹一大经济管理学院,N/A,
3E+19,宋德舜,1,博士研究生,,N/A,经济学,5
3E+19,邹翔,2,硕士研究生,104432,中国人民银行研究生部,经济学,5
3E+19,赵苏,2,硕士研究生,,N/A,N/A,
3E+19,史高飞,2,硕士研究生,,N/A,N/A,
3E+19,李玉良,1,博士研究生,,N/A,N/A,
3E+19,刘红辉,2,硕士研究生,,N/A,经济学,5
3E+19,刘红辉,2,硕士研究生,,N/A,金融学,5
3E+19,杨琨,2,硕士研究生,,N/A,N/A,
3E+19,伍旋,2,硕士研究生,10143850,北京大学,工商管理,3
3E+19,王学兵,2,硕士研究生,,N/A,工商管理,3
3E+19,李海,2,硕士研究生,10143878,厦门大学,国民经济学,5
3E+19,孙伟,2,硕士研究生,10143850,北京大学,工商管理,3
3E+19,武杰,2,硕士研究生,10143850,北京大学,工程,1
3E+19,李铧汶,2,硕士研究生,10143851,清华大学,管理学,6
3E+19,郑屹,2,硕士研究生,,N/A,工学,1
3E+19,段炼炼,2,硕士研究生,,N/A,N/A,
3E+19,曹晋,2,硕士研究生,,N/A,会计学,4
3E+19,蔡若林,3,本科,,N/A,N/A,
3E+19,洪天阳,1,博士研究生,10389282,伦敦帝国理工学院,计算科学,1
3E+19,缪东航,2,硕士研究生,10143850,北京大学,金融学,5
3E+19,钱斌,2,硕士研究生,10143850,北京大学,经济学,5
3E+19,司巍,2,硕士研究生,10229494,浙江大学,电子信息工程,1
3E+19,骆帅,2,硕士研究生,10143851,清华大学,管理科学与工程,6
3E+19,史博,2,硕士研究生,,N/A,金融学,5
3E+19,吴剑毅,2,硕士研究生,10143851,清华大学,金融学,5
3E+19,戴钢,2,硕士研究生,,N/A,经济学,5
3E+19,孙鲁闽,2,硕士研究生,10241632,澳大利亚新南威尔士大学,商学,5
3E+19,孙鲁闽,3,本科,10143735,南开大学,理学,1
3E+19,孙鲁闽,3,本科,10143735,南开大学,经济学,5
3E+19,郑煜,2,硕士研究生,10144025,中国科技大学,管理科学与工程学,6
3E+19,李广云,2,硕士研究生,10389168,英国华威大学,管理科学与运筹学,6
3E+19,黄晓鹏,2,硕士研究生,,N/A,金融学,5
3E+19,彭海伟,2,硕士研究生,10229531,中国科学院,管理科学与工程学,6
3E+19,赵航,2,硕士研究生,10149380,中南财经大学,投资经济,5
3E+19,顾旭俊,3,本科,10149414,复旦大学,金融学,5
3E+19,吴健飞,2,硕士研究生,,N/A,N/A,
3E+19,路龙凯,2,硕士研究生,,N/A,N/A,
3E+19,徐喻军,2,硕士研究生,,N/A,理学,1
3E+19,丛林,2,硕士研究生,,N/A,金融与管理,5
3E+19,吴江,2,硕士研究生,10149414,复旦大学,财政学,5
3E+19,江科宏,2,硕士研究生,,N/A,经济学,5
3E+19,赵谦,2,硕士研究生,,N/A,工学,1
3E+19,韩丽楠,2,硕士研究生,10378955,约克大学,经济与金融,5
3E+19,郝旭东,1,博士研究生,10226507,上海交通大学,金融学,5
3E+19,刘志军,2,硕士研究生,,N/A,N/A,
3E+19,杨霞辉,2,硕士研究生,10226510,同济大学,管理学,6
3E+19,郑泽鸿,2,硕士研究生,10143733,财政部财政科学研究所,经济学,5
3E+19,何家琪,2,硕士研究生,10143851,清华大学,应用经济学,5
3E+19,吕佳玮,2,硕士研究生,10143851,清华大学,工学,1
3E+19,何滨,3,本科,10228971,洛阳工学院,自动控制,1
3E+19,何滨,3,本科,10228993,湖南大学,工业外贸学,1
3E+19,李轶,2,硕士研究生,10229548,中央财经大学,国民经济学,5
3E+19,袁航,2,硕士研究生,10241647,美国威斯康辛大学麦迪逊商学院,工商管理,3
3E+19,刘红,2,硕士研究生,10143869,武汉大学,金融学,5
3E+19,刘钊,1,博士研究生,10144025,中国科学技术大学,管理学,6
3E+19,丘栋荣,2,硕士研究生,10229488,长江商学院,工商管理,3
3E+19,丘栋荣,3,本科,10229379,天津大学,化工工程与工艺,1
3E+19,吴培文,2,硕士研究生,10143851,清华大学,工学,1
3E+19,李元博,2,硕士研究生,,N/A,N/A,
3E+19,郭敏,2,硕士研究生,,N/A,N/A,
3E+19,李媛媛,2,硕士研究生,10207358,英国艾塞克斯大学,国际金融学,5
3E+19,程彧,2,硕士研究生,10391069,加拿大英属哥伦比亚大学,国际工商管理,3
3E+19,郑宇尘,2,硕士研究生,,N/A,N/A,
3E+19,方磊,3,本科,10224613,华东师范大学,N/A,
3E+19,方南,2,硕士研究生,,N/A,工商管理,3
3E+19,张卓,2,硕士研究生,,N/A,管理学,6
3E+19,初冬,2,硕士研究生,,N/A,经济学,5
3E+19,杨俊,2,硕士研究生,,N/A,商学,5
3E+19,杨靖,2,硕士研究生,,N/A,管理学,6
3E+19,杨靖,2,硕士研究生,,N/A,理学,1
3E+19,梁浩,1,博士研究生,10123973,中国人民大学,经济学,5
3E+19,刘苏,2,硕士研究生,10143850,北京大学,理学,1
3E+19,崔俊杰,2,硕士研究生,,N/A,管理学,6
3E+19,张志梅,2,硕士研究生,104432,中国人民银行研究生部,经济学,5
3E+19,张雪松,1,博士研究生,,N/A,经济学,5
3E+19,吴昱村,2,硕士研究生,,N/A,管理学,6
3E+19,谢可,2,硕士研究生,,N/A,经济学,5
3E+19,汪澂,2,硕士研究生,10454980,美国hapman University,工商管理,3
3E+19,谢书英,2,硕士研究生,,N/A,经济学,5
3E+19,袁航,2,硕士研究生,,N/A,经济学,5
3E+19,郑文祥,2,硕士研究生,10143869,武汉大学,工商管理,3
3E+19,焦文龙,2,硕士研究生,,N/A,经济学,5
3E+19,张清华,2,硕士研究生,,N/A,管理学,6
3E+19,陈键,3,本科,10123973,中国人民大学,国际金融,5
3E+19,陈键,2,硕士研究生,104432,中国人民银行研究生部,经济学,5
3E+19,马北雁,1,博士研究生,10229531,中国科学院,农学,7
3E+19,蒋朋宸,2,硕士研究生,10108675,美国哥伦比亚大学,金融工程学,5
3E+19,蒋朋宸,2,硕士研究生,10143850,北京大学,生物化学,1
3E+19,黄玥,2,硕士研究生,,N/A,物理学,1
3E+19,冀洪涛,2,硕士研究生,10143857,东北财经大学,经济学,5
3E+19,吴勇,2,硕士研究生,10226507,上海交通大学,工商管理,3
3E+19,蒋建伟,3,本科,10143861,上海财经大学,国际会计学,4
3E+19,刘杰,3,本科,,N/A,工学,1
3E+19,黎颖芳,2,硕士研究生,10228993,湖南大学,N/A,
3E+19,周琦凯,2,硕士研究生,10143851,清华大学,管理学,6
3E+19,董浩,2,硕士研究生,10143735,南开大学,金融学,5
3E+19,陈炜,2,硕士研究生,10143850,北京大学,金融学,5
3E+19,吴华,2,硕士研究生,10143850,北京大学,金融学,5
3E+19,郭国栋,2,硕士研究生,10143850,北京大学,经济学,5
3E+19,康平,2,硕士研究生,,N/A,证券期货,5
3E+19,杜飞,2,硕士研究生,10143861,上海财经大学,经济学,5
3E+19,陈伟彦,2,硕士研究生,10143878,厦门大学,统计学,1
3E+19,贺振华,2,硕士研究生,10149414,复旦大学,经济学,5
3E+19,杨谷,2,硕士研究生,,N/A,经济学,5
3E+19,黄一明,2,硕士研究生,10143851,清华大学,工商管理,3
3E+19,潘海宁,3,本科,,N/A,会计学,4
3E+19,黄亮,2,硕士研究生,10143850,北京大学,工商管理,3
3E+19,黄颖,2,硕士研究生,,N/A,N/A,
3E+19,崔同魁,2,硕士研究生,10143851,清华大学,工学,1
3E+19,陈大庆,2,硕士研究生,,N/A,管理学,6
3E+19,李旻,2,硕士研究生,10143850,北京大学,金融学,5
3E+19,马君,2,硕士研究生,10149414,复旦大学,理学,1
3E+19,王鑫钢,2,硕士研究生,,N/A,管理学,6
3E+19,李佳亮,2,硕士研究生,10229126,美国南加州大学,金融工程,5
3E+19,杜才超,2,硕士研究生,10229548,中央财经大学,金融学,5
3E+19,孙健,2,硕士研究生,,N/A,经济学,5
3E+19,李朝伟,2,硕士研究生,10149414,复旦大学,经济学,5
3E+19,何俊春,3,本科,,N/A,N/A,
3E+19,郭志喜,2,硕士研究生,10386601,加拿大多伦多大学,金融经济,5
3E+19,宋洋,1,博士研究生,10229531,中国科学院,数学与系统科学,1
3E+19,王浩,2,硕士研究生,,N/A,N/A,
3E+19,姚荻帆,3,本科,,N/A,经济学,5
3E+19,夏晨曦,2,硕士研究生,10238981,香港科技大学,理学,1
3E+19,陈龙,2,硕士研究生,,N/A,经济学,5
3E+19,裘韬,2,硕士研究生,,N/A,理学,1
3E+19,杨德龙,2,硕士研究生,10143850,北京大学,经济学,5
3E+19,杨德龙,3,本科,10143851,清华大学,工学,1
3E+19,王宗合,2,硕士研究生,,N/A,金融学,5
3E+19,柯晓,2,硕士研究生,10385464,美国纽约大学,工商管理,3
3E+19,刘强,2,硕士研究生,10226507,上海交通大学,工商管理,3
3E+19,梁剑,2,硕士研究生,,N/A,金融学,5
3E+19,董山青,2,硕士研究生,10238976,香港大学,工商管理,3
3E+19,柳菁,2,硕士研究生,,N/A,工商管理,3
3E+19,韩宁,2,硕士研究生,10226888,对外经济贸易大学,经济学,5
3E+19,赖庆鑫,2,硕士研究生,10143851,清华大学,工学,1
3E+19,方旭赟,2,硕士研究生,10143850,北京大学,N/A,
3E+19,徐超,2,硕士研究生,10143939,北京矿业大学,企业管理,3
3E+19,胡昆明,2,硕士研究生,,N/A,N/A,
3E+19,刘文良,2,硕士研究生,10143850,北京大学,金融学,5
3E+19,韩冰,2,硕士研究生,,N/A,管理学,6
3E+19,黄俊,2,硕士研究生,104432,中国人民银行研究生部,金融学,5
3E+19,邹积建,2,硕士研究生,10143850,北京大学光华管理学院,N/A,
3E+19,刘欣,2,硕士研究生,10143851,清华大学,理学,1
3E+19,李慧鹏,2,硕士研究生,10224604,首都经济贸易大学,经济学,5
3E+19,颜正华,2,硕士研究生,10149414,复旦大学,经济学,5
3E+19,颜正华,3,本科,10226507,上海交通大学,工学,1
3E+19,吕越超,2,硕士研究生,,N/A,金融学,5
3E+19,卓若伟,2,硕士研究生,10143878,厦门大学,经济学,5
3E+19,陈蔚丰,2,硕士研究生,10226737,南京大学,环境科学,7
3E+19,褚艳辉,2,硕士研究生,10143936,南京理工大学,经济学,5
3E+19,王海峰,2,硕士研究生,10143850,北京大学,工程,1
3E+19,李蕴炜,2,硕士研究生,,N/A,理学,1
3E+19,薄官辉,2,硕士研究生,,N/A,N/A,
3E+19,张凯,2,硕士研究生,10143851,清华大学,N/A,
3E+19,张翼,2,硕士研究生,,N/A,N/A,
3E+19,何多粮,2,硕士研究生,10123248,石油大学,工学,1
3E+19,何多粮,2,硕士研究生,10143850,北京大学,金融学,5
3E+19,李道滢,2,硕士研究生,10143735,南开大学,金融学,5
3E+19,戴宇虹,2,硕士研究生,,N/A,金融学,5
3E+19,戴宇虹,2,硕士研究生,,N/A,经济学,5
3E+19,郑研研,2,硕士研究生,10236275,英国斯特灵大学,经济学,5
3E+19,王翔,2,硕士研究生,10143851,清华大学,工程,1
3E+19,刘盟盟,2,硕士研究生,10143850,北京大学,工商管理,3
3E+19,谈建强,2,硕士研究生,,N/A,经济学,5
3E+19,焦云,2,硕士研究生,,N/A,金融学,5
3E+19,陈丹琳,2,硕士研究生,10123973,中国人民大学,经济学,5
3E+19,蔡青,2,硕士研究生,10385990,英国朴茨茅斯大学,金融决策分析,5
3E+19,杜冬松,2,硕士研究生,10386505,第三军医大学,医学,7
3E+19,侯燕琳,2,硕士研究生,10104898,中国社会科学院,管理学,6
3E+19,侯燕琳,2,硕士研究生,,N/A,工程,1
3E+19,冯张鹏,1,博士研究生,,N/A,工科,1
3E+19,陆海燕,3,本科,10149378,东南大学,金融学,5
3E+19,陆海燕,2,硕士研究生,10149378,东南大学,金融学,5
3E+19,王美芹,2,硕士研究生,,N/A,工商管理,3
3E+19,张彦,2,硕士研究生,,N/A,N/A,
3E+19,宋瑞来,2,硕士研究生,10123973,中国人民大学,经济学,5
3E+19,胡哲,2,硕士研究生,,N/A,经济学,5
3E+19,黄建军,2,硕士研究生,,N/A,N/A,
3E+19,周琛,2,硕士研究生,10233408,拉夫堡大学,N/A,
3E+19,王登峰,2,硕士研究生,,N/A,经济学,5
3E+19,张原,2,硕士研究生,10241649,美国密歇根大学,经济学,5
3E+19,刘方正,2,硕士研究生,,N/A,理学,1
3E+19,聂毅翔,1,博士研究生,,N/A,理学,1
3E+19,李君,2,硕士研究生,10143878,厦门大学,经济学,5
3E+19,李璇,2,硕士研究生,10143851,清华大学,金融学,5
3E+19,丁宇佳,3,本科,10229548,中央财经大学,理学,1
3E+19,李晓彬,3,本科,,N/A,N/A,
3E+19,茅炜,3,本科,10143861,上海财经大学,保险学,7
3E+19,刘金玉,2,硕士研究生,,N/A,管理学,6
3E+19,陈晓舜,2,硕士研究生,10123248,中国石油大学,工学,1
3E+19,郭建兴,3,本科,,N/A,经济学,5
3E+19,姜晓丽,2,硕士研究生,,N/A,经济学,5
3E+19,宋瑞来,2,硕士研究生,10455038,印度孟买人口国际研究院,经济学,5
3E+19,周琛,3,本科,10388929,英国贝尔法斯特女王大学,N/A,
3E+19,袁园,2,硕士研究生,,N/A,理学,1
3E+19,车广路,2,硕士研究生,,N/A,工商管理学,3
3E+19,刘毅,1,博士研究生,,N/A,管理学,6
3E+19,王婷婷,2,硕士研究生,10229548,中央财经大学,经济法,5
3E+19,李勇钢,2,硕士研究生,10143851,清华大学,N/A,
3E+19,钱鑫,2,硕士研究生,,N/A,N/A,
3E+19,刘风华,2,硕士研究生,10123973,中国人民大学,工商管理,3
3E+19,王海华,2,硕士研究生,,N/A,N/A,
3E+19,李立生,2,硕士研究生,,N/A,N/A,
3E+19,钱睿南,2,硕士研究生,,N/A,N/A,
3E+19,刘朝阳,2,硕士研究生,10143850,北京大学,金融学,5
3E+19,张羽翔,2,硕士研究生,,N/A,工学,1
3E+19,周大鹏,2,硕士研究生,10123973,中国人民大学,N/A,
3E+19,吕栋,3,本科,10149414,复旦大学,理学,1
3E+19,蒋文玲,2,硕士研究生,10143861,上海财经大学,数量经济学,5
3E+19,陆文俊,3,本科,,N/A,经济学,5
3E+19,丁进,2,硕士研究生,,N/A,理学,1
3E+19,李宇家,2,硕士研究生,,N/A,N/A,
3E+19,吕栋,2,硕士研究生,10229103,麻省理工大学,金融学,5
3E+19,乐育涛,2,硕士研究生,,N/A,N/A,
3E+19,周晶,2,硕士研究生,10229546,中山大学,金融学,5
3E+19,罗雯,2,硕士研究生,10229494,浙江大学,金融数学,5
3E+19,陈士俊,1,博士研究生,10143851,清华大学,管理学,6
3E+19,薛铮,2,硕士研究生,10143861,上海财经大学,数量经济学,5
3E+19,李倩,3,本科,10226888,对外经济贸易大学,金融学,5
3E+19,于利强,3,本科,10149414,复旦大学,金融学,5
3E+19,钱文成,2,硕士研究生,,N/A,理学,1
3E+19,唐能,2,硕士研究生,,N/A,N/A,
3E+19,徐子涵,2,硕士研究生,10143851,清华大学,金融学,5
3E+19,徐子涵,2,硕士研究生,10229098,英国帝国理工大学,金融学,5
3E+19,高喜阳,2,硕士研究生,,N/A,N/A,
3E+19,彭颖颖,2,硕士研究生,,N/A,N/A,
3E+19,汪忠远,2,硕士研究生,10241662,曼彻斯特大学,N/A,
3E+19,余志勇,3,本科,10143869,武汉大学,工商管理学,3
3E+19,余志勇,2,硕士研究生,10143869,武汉大学,金融学,5
3E+19,李勇,2,硕士研究生,10143878,厦门大学,经济学,5
3E+19,李勇,3,本科,10207354,安徽大学,数学,1
3E+19,蔡奕奕,2,硕士研究生,10226868,中南大学,管理科学与工程,6
3E+19,鲁万峰,2,硕士研究生,,N/A,经济学,5
3E+19,倪明,2,硕士研究生,10241636,澳门大学,工商管理,3
3E+19,李晓星,2,硕士研究生,10229041,剑桥大学,理学,1
3E+19,李晓星,2,硕士研究生,10229041,剑桥大学,管理学,6
3E+19,周雪军,2,硕士研究生,,N/A,金融学,5
3E+19,关山,3,本科,10386336,英国伯明翰大学,经济学,5
3E+19,关山,2,硕士研究生,10229098,英国帝国理工大学,金融学,5
3E+19,何康,2,硕士研究生,10128393,西南财经大学,金融学,5
3E+19,孙伟,3,本科,,N/A,管理学,6
3E+19,张勋,2,硕士研究生,10226888,对外经济贸易大学,管理学,6
3E+19,罗安安,1,博士研究生,10143851,清华大学,计算机科学与技术,1
3E+19,何天翔,3,本科,10207354,安徽大学,理学,1
3E+19,何天翔,2,硕士研究生,10143878,厦门大学,经济学,5
3E+19,张延闽,3,本科,10228933,哈尔滨工业大学,工学,1
3E+19,张延闽,2,硕士研究生,10228933,哈尔滨工业大学,工学,1
3E+19,向桂英,2,硕士研究生,,N/A,N/A,
3E+19,张士锋,2,硕士研究生,,N/A,经济学,5
3E+19,蔡志伟,3,本科,10228892,广州大学,计算机,1
3E+19,蔡志伟,2,硕士研究生,10226734,华南师范大学,计算机,1
3E+19,刘春雨,2,硕士研究生,,N/A,N/A,
3E+19,陈钢,2,硕士研究生,,N/A,工商管理,3
3E+19,陈梦舒,2,硕士研究生,10455058,美国西佛罗里达大学,工程,1
3E+19,陈悦,2,硕士研究生,,N/A,N/A,
3E+19,李晨,2,硕士研究生,,N/A,金融学,5
3E+19,于海颖,3,本科,10229379,天津大学,技术经济学,5
3E+19,于海颖,2,硕士研究生,10229379,天津大学,数量经济学,5
3E+19,王海,2,硕士研究生,,N/A,N/A,
3E+19,李宁,1,博士研究生,,N/A,管理学,6
3E+19,王斌,3,本科,,N/A,N/A,
3E+19,周珺,2,硕士研究生,,N/A,N/A,
3E+19,章旭峰,3,本科,10226888,北京对外经济贸易大学,N/A,
3E+19,邹昱,2,硕士研究生,10149414,复旦大学,财务金融,5
3E+19,邹昱,2,硕士研究生,10149414,复旦大学,管理学,6
3E+19,庄腾飞,2,硕士研究生,10143850,北京大学,经济学,5
3E+19,周冬,2,硕士研究生,,N/A,N/A,
3E+19,吕宜振,1,博士研究生,,N/A,工学,1
3E+19,李亚,2,硕士研究生,,N/A,经济学,5
3E+19,罗毅,2,硕士研究生,,N/A,经济学,5
3E+19,马云飞,2,硕士研究生,,N/A,N/A,
3E+19,华光磊,3,本科,,N/A,经济学,5
3E+19,唐俊杰,2,硕士研究生,,N/A,N/A,
3E+19,程世杰,2,硕士研究生,,N/A,经济学,5
3E+19,黄鑫,2,硕士研究生,,N/A,管理学,6
3E+19,黄鑫,2,硕士研究生,,N/A,工学,1
3E+19,陆栋梁,3,本科,,N/A,N/A,
3E+19,索峰,3,本科,,N/A,N/A,
3E+19,罗博,1,博士研究生,,N/A,N/A,
3E+19,祝建辉,2,硕士研究生,,N/A,N/A,
3E+19,韩晶,2,硕士研究生,,N/A,经济学,5
3E+19,韩晶,3,本科,,N/A,N/A,
3E+19,袁曦,2,硕士研究生,,N/A,N/A,
3E+19,孙伟仓,2,硕士研究生,,N/A,N/A,
3E+19,卢轶乔,1,博士研究生,,N/A,N/A,
3E+19,张矛,2,硕士研究生,,N/A,N/A,
3E+19,成胜,2,硕士研究生,,N/A,N/A,
3E+19,张杨,2,硕士研究生,,N/A,N/A,
3E+19,丁杰人,2,硕士研究生,,N/A,N/A,
3E+19,王培,2,硕士研究生,10149414,复旦大学,高分子化学物理,1
3E+19,余科苗,2,硕士研究生,,N/A,N/A,
3E+19,李欣,2,硕士研究生,10389412,南安普敦大学,统筹与金融,5
3E+19,杨琪,2,硕士研究生,,N/A,N/A,
3E+19,聂世林,2,硕士研究生,,N/A,经济学,5
3E+19,陈秀峰,2,硕士研究生,,N/A,经济学,5
3E+19,王华,2,硕士研究生,104432,中国人民银行研究生部,经济学,5
3E+19,廖平,2,硕士研究生,,N/A,经济学,5
3E+19,康佳燕,2,硕士研究生,10238976,香港大学,工商管理,3
3E+19,姜永康,2,硕士研究生,,N/A,N/A,
3E+19,秦锋,2,硕士研究生,,N/A,金融学,5
3E+19,柴文婷,2,硕士研究生,10143850,北京大学,金融学,5
3E+19,葛鹤军,1,博士研究生,,N/A,N/A,
3E+19,程桯,2,硕士研究生,,N/A,经济学,5
3E+19,吴巍,2,硕士研究生,,N/A,N/A,
3E+19,邹曦,2,硕士研究生,104432,中国人民银行研究生部,金融学,5
3E+19,邹曦,3,本科,10224600,北京航空航天大学,工程学,1
3E+19,王建强,3,本科,,N/A,N/A,
3E+19,邹维娜,2,硕士研究生,10123973,中国人民大学,经济学,5
3E+19,谢京,2,硕士研究生,,N/A,经济学,5
3E+19,姚昆,2,硕士研究生,10228729,北京师范大学,经济学,5
3E+19,管文浩,2,硕士研究生,10143869,武汉大学,经济学,5
3E+19,尹维国,2,硕士研究生,,N/A,N/A,
3E+19,丁经纬,2,硕士研究生,,N/A,工学,1
3E+19,魏丽,3,本科,10226743,南京财经大学,应用数学,1
3E+19,魏丽,2,硕士研究生,10149414,复旦大学,统计学,1
3E+19,许万国,2,硕士研究生,,N/A,经济学,5
3E+19,郭晨,2,硕士研究生,10229339,四川大学,技术经济及管理,3
3E+19,佘中强,4,MBA/EMBA,10143851,清华大学,MBA/EMBA,2
3E+19,张娅,2,硕士研究生,10454797,美国俄亥俄州肯特州立大学,金融工程,5
3E+19,张娅,4,MBA/EMBA,10454797,美国俄亥俄州肯特州立大学,MBA/EMBA,2
3E+19,方超,2,硕士研究生,,N/A,经济学,5
3E+19,林材,2,硕士研究生,10228905,贵州大学,药学,7
3E+19,林材,2,硕士研究生,10228905,贵州大学,理学,1
3E+19,余广,2,硕士研究生,,N/A,银行和金融工商管理,5
3E+19,佘春宁,1,博士研究生,,N/A,经济学,5
3E+19,程涛,2,硕士研究生,10403039,英国雷丁大学,金融学,5
3E+19,管华雨,1,博士研究生,,N/A,N/A,
3E+19,严鸿宴,2,硕士研究生,10143850,北京大学,管理学,6
3E+19,曹文俊,3,本科,,N/A,N/A,
3E+19,刘晓明,2,硕士研究生,,N/A,农学,7
3E+19,薛显志,2,硕士研究生,,N/A,经济学,5
3E+19,聂炜,2,硕士研究生,,N/A,工商管理,3
3E+19,管华雨,2,硕士研究生,,N/A,国际金融,5
3E+19,崔海峰,2,硕士研究生,104432,中国人民银行研究生部,货币银行学,5
3E+19,王本昌,2,硕士研究生,10226507,上海交通大学,应用数学,1
3E+19,吴涛,2,硕士研究生,,N/A,N/A,
3E+19,林清源,3,本科,10226507,上海交通大学,信息工程,1
3E+19,陈玉辉,2,硕士研究生,,N/A,经济学,5
3E+19,何龙,2,硕士研究生,10143869,武汉大学,金融学,5
3E+19,何龙,3,本科,10143953,华中科技大学,经济学,5
3E+19,王超,3,本科,,N/A,经济学,5
3E+19,王超,3,本科,,N/A,数学,1
3E+19,卢玉珊,2,硕士研究生,10143851,清华大学,会计学,4
3E+19,吴昊,2,硕士研究生,10143953,华中理工大学,工学,1
3E+19,李恭敏,2,硕士研究生,,N/A,经济学,5
3E+19,吴战峰,2,硕士研究生,10143851,清华大学,N/A,
3E+19,秦娟,2,硕士研究生,10143871,西安交通大学,经济学,5
3E+19,王化鑫,3,本科,10143861,上海财经大学,金融工程,5
3E+19,许运凯,1,博士研究生,10149414,复旦大学,经济学,5
3E+19,朱虹,2,硕士研究生,,N/A,经济学,5
3E+19,吴伟明,2,硕士研究生,,N/A,理学,1
3E+19,郭恒,2,硕士研究生,,N/A,N/A,
3E+19,孟晨波,3,本科,,N/A,经济学,5
3E+19,张文洁,2,硕士研究生,10226536,上海社会科学院,产业经济学,5
3E+19,巩显峰,3,本科,10228943,哈尔滨理工大学,N/A,
3E+19,邓栋,2,硕士研究生,,N/A,工学,1
3E+19,王景,2,硕士研究生,,N/A,经济学,5
3E+19,张军,3,本科,10149414,复旦大学,N/A,
3E+19,康晶,2,硕士研究生,,N/A,理学,1
3E+19,杨安乐,1,博士研究生,10226507,上海交通大学,N/A,
3E+19,王立立,2,硕士研究生,,N/A,经济学,5
3E+19,苏燕青,2,硕士研究生,,N/A,N/A,
3E+19,宁冬莉,1,博士研究生,,N/A,N/A,
3E+19,胡慧颖,3,本科,,N/A,经济学,5
3E+19,高翰昆,2,硕士研究生,10229162,英国诺丁汉大学,N/A,
3E+19,姚霞天,2,硕士研究生,10149414,复旦大学,金融学,5
3E+19,刘军,2,硕士研究生,,N/A,哲学,7
3E+19,张国强,2,硕士研究生,10228703,北京工商大学,经济学,5
3E+19,孙驰,2,硕士研究生,10149414,复旦大学,经济学,5
3E+19,吴印,2,硕士研究生,,N/A,经济学,5
3E+19,吴印,3,本科,,N/A,工学,1
3E+19,韩海平,2,硕士研究生,10144025,中国科学技术大学,经济学,5
3E+19,韩海平,3,本科,10144025,中国科学技术大学,管理科学,6
3E+19,韩海平,3,本科,10144025,中国科学技术大学,计算机科学与技术,1
3E+19,朱颖,2,硕士研究生,10144025,中国科技大学,N/A,
3E+19,何文韬,2,硕士研究生,,N/A,管理学,6
3E+19,张婷,2,硕士研究生,10143869,武汉大学,管理学,6
3E+19,唐倩,2,硕士研究生,10224613,华东师范大学,金融学,5
3E+19,卢扬,2,硕士研究生,,N/A,N/A,
3E+19,周战海,2,硕士研究生,,N/A,N/A,
3E+19,黄栋,2,硕士研究生,10143861,上海财经大学,经济学,5
3E+19,于泽雨,1,博士研究生,,N/A,经济学,5
3E+19,方维,2,硕士研究生,10143851,清华大学,精密仪器及机械学,1
3E+19,罗建辉,3,本科,10228966,河南大学,理学,1
3E+19,罗建辉,2,硕士研究生,10226737,南京大学,管理学,6
3E+19,陈志龙,2,硕士研究生,,N/A,理学,1
3E+19,陈志龙,3,本科,10224600,北京航空航天大学,管理信息系统,1
3E+19,陈志龙,2,硕士研究生,10403039,英国雷丁大学,金融工程与数量分析,5
3E+19,张霖,2,硕士研究生,,N/A,金融学,5
3E+19,袁维德,3,本科,10226763,合肥工业大学,数学与应用数学,1
3E+19,张鹏,2,硕士研究生,10149414,复旦大学,经济学,5
3E+19,王孝德,1,博士研究生,10229509,浙江农业大学,经济学,5
3E+19,王亚南,2,硕士研究生,10149414,复旦大学,金融工程,5
3E+19,崔建波,2,硕士研究生,,N/A,经济学,5
3E+19,曹名长,2,硕士研究生,10143861,上海财经大学,经济学,5
3E+19,孙海波,2,硕士研究生,10143735,南开大学,经济学,5
3E+19,杜猛,2,硕士研究生,10226737,南京大学,经济学,5
3E+19,王卫东,2,硕士研究生,10238979,香港浸会大学,工商管理,3
3E+19,莫华寅,2,硕士研究生,10238998,上海外国语大学,工商管理,3
3E+19,许俊哲,2,硕士研究生,10149414,复旦大学,经济学,5
3E+19,乐琪,2,硕士研究生,10455193,美国克拉里恩大学,N/A,
3E+19,许强,3,本科,,N/A,管理学,6
3E+19,周晓文,2,硕士研究生,10226510,同济大学,N/A,
3E+19,周晓文,2,硕士研究生,10455192,普渡大学德国分校,MBA,2
3E+19,张慎平,2,硕士研究生,,N/A,经济学,5
3E+19,冯刚,2,硕士研究生,10143850,北京大学,管理学,6
3E+19,李博,2,硕士研究生,10226507,上海交通大学,N/A,
3E+19,程亮,2,硕士研究生,,N/A,金融学,5
3E+19,王睿,2,硕士研究生,,N/A,经济学,5
3E+19,席行懿,3,本科,,N/A,文学,7
3E+19,王旭巍,2,硕士研究生,10123973,中国人民大学,经济学,5
3E+19,郭锐,2,硕士研究生,,N/A,经济学,5
3E+19,赵龙,2,硕士研究生,,N/A,理学,1
3E+19,袁野,2,硕士研究生,10149414,复旦大学,工商管理,3
3E+19,孙芳,2,硕士研究生,10224613,华东师范大学,经济学,5
3E+19,王卫东,3,本科,10143850,北京大学国际关系学院,法学,7
3E+19,董红波,2,硕士研究生,,N/A,管理学,6
3E+19,姜培正,2,硕士研究生,10224613,华东师范大学,政治经济学,5
3E+19,姜培正,2,硕士研究生,10389168,英国华威大学,经济学,5
3E+19,姜培正,2,硕士研究生,10389168,英国华威大学,金融理学,5
3E+19,付伟,2,硕士研究生,10143871,西安交通大学,工学,1
3E+19,付伟,2,硕士研究生,10143850,北京大学,工商管理,3
3E+19,蔡春红,2,硕士研究生,,N/A,国际金融,5
3E+19,关永祥,2,硕士研究生,10143850,北京大学,金融学,5
3E+19,关永祥,2,硕士研究生,10226864,中科院研究生院,软件系统分析工程,1
3E+19,俞忠华,2,硕士研究生,10224613,华东师范大学,世界经济,5
3E+19,王巍,2,硕士研究生,10143851,清华大学,工商管理,3
3E+19,夏春晖,2,硕士研究生,10385925,悉尼科技大学,会计金融,5
3E+19,陈明星,2,硕士研究生,10144025,中国科学技术大学,金融学,5
3E+19,黄小坚,2,硕士研究生,10226518,上海对外贸易学院国际经贸学院,经济学,5
3E+19,黄小坚,3,本科,10228729,北京师范大学,理学,1
3E+19,赵艰申,2,硕士研究生,10226507,上海交通大学,金融学,5
3E+19,张倩,2,硕士研究生,,N/A,工商管理学,3
3E+19,闾志刚,2,硕士研究生,,N/A,工商管理,3
3E+19,谭鹏万,1,博士研究生,,N/A,经济学,5
3E+19,谢志刚,2,硕士研究生,10143878,厦门大学,经济学,5
3E+19,刘儒明,2,硕士研究生,,N/A,工学,1
3E+19,吴渭,2,硕士研究生,,N/A,医学,7
3E+19,贲兴振,2,硕士研究生,,N/A,经济学,5
3E+19,陈剑波,3,本科,,N/A,N/A,
3E+19,孔雪梅,2,硕士研究生,,N/A,管理学,6
3E+19,陈忠,1,博士研究生,10143850,北京大学,分析化学,1
3E+19,姚晨曦,2,硕士研究生,10149414,复旦大学,金融学,5
3E+19,杨建标,2,硕士研究生,,N/A,理学,1
3E+19,彭海平,2,硕士研究生,10144025,中国科学技术大学,概率论与数理统计,1
3E+19,汪晖,2,硕士研究生,,N/A,工学,1
3E+19,汪晖,2,硕士研究生,,N/A,经济学,5
3E+19,周其源,1,博士研究生,10226507,上海交通大学,管理科学与工程,6
3E+19,张亮,2,硕士研究生,10226518,上海对外贸易学院,金融学,5
3E+19,左剑,2,硕士研究生,10149414,复旦大学,国际贸易学,5
3E+19,杜蜀鹏,2,硕士研究生,104432,中国人民银行研究生部,金融学,5
3E+19,沈洋,2,硕士研究生,10210693,澳大利亚国立大学,金融管理,5
3E+19,周鸣,2,硕士研究生,10143851,清华大学,工商管理,3
3E+19,巩伟,2,硕士研究生,10143850,北京大学,工程学,1
3E+19,孙琳,3,本科,,N/A,经济学,5
3E+19,何潇,2,硕士研究生,,N/A,经济学,5
3E+19,王邦祺,3,本科,10226760,台湾大学,历史学,7
3E+19,王邦祺,2,硕士研究生,10226760,台湾大学,历史学,7
3E+19,冯小波,2,硕士研究生,10226507,上海交通大学,管理科学与工程,6
3E+19,谢芝兰,2,硕士研究生,,N/A,经济学,5
3E+19,项廷锋,2,硕士研究生,,N/A,N/A,
3E+19,彭建辉,1,博士研究生,,N/A,工学,1
3E+19,刘太阳,2,硕士研究生,,N/A,理学,1
3E+19,韩亚庆,2,硕士研究生,,N/A,经济学,5
3E+19,雷俊,3,本科,10143850,北京大学,信息与计算科学,1
3E+19,周豪,2,硕士研究生,10143850,北京大学,软件工程,1
3E+19,林乐峰,2,硕士研究生,10143850,北京大学,理学,1
3E+19,曲扬,1,博士研究生,10143851,清华大学,工学,1
3E+19,张旭,1,博士研究生,10229546,中山大学,金融学,5
3E+19,张钶,2,硕士研究生,10143850,北京大学,工学,1
3E+19,张钶,2,硕士研究生,10108675,哥伦比亚大学,理学,1
3E+19,曹海,3,本科,,N/A,经济学,5
3E+19,梁辉,2,硕士研究生,10143851,清华大学,管理科学与工程,6
3E+19,梁辉,3,本科,10143851,清华大学,管理信息系统,1
3E+19,金笑非,2,硕士研究生,,N/A,经济学,5
3E+19,朱卫华,2,硕士研究生,10143851,清华大学,计算机科学与技术,1
3E+19,张戈,1,博士研究生,,N/A,经济学,5
3E+19,刘青山,2,硕士研究生,10123973,中国人民大学,管理学,6
3E+19,张栓伟,2,硕士研究生,,N/A,工学,1
3E+19,陈乐,2,硕士研究生,10143850,北京大学,金融学,5
3E+19,陈璇淼,2,硕士研究生,,N/A,经济学,5
3E+19,陈少平,2,硕士研究生,10144042,新加坡国立大学,化工与环境工程,1
3E+19,陈少平,3,本科,10143878,厦门大学,化工,1
3E+19,吕慧建,2,硕士研究生,,N/A,经济学,5
3E+19,叶瑜珍,2,硕士研究生,,N/A,N/A,
3E+19,张鹏,2,硕士研究生,10143861,上海财经大学,经济学,5
3E+19,徐爽,3,本科,10149414,复旦大学,经济学,5
3E+19,张少华,2,硕士研究生,10149414,复旦大学,数量经济学,5
3E+19,曾国富,2,硕士研究生,10143861,上海财经大学,管理学,6
3E+19,王战强,2,硕士研究生,10143869,武汉大学,经济学,5
3E+19,昌志华,1,博士研究生,10143869,武汉大学,理学,1
3E+19,姚文辉,2,硕士研究生,10143871,西安交通大学,应用经济学,5
3E+19,吴江,2,硕士研究生,10229546,中山大学,经济学,5
3E+19,吴江,2,硕士研究生,10241632,澳大利亚新南威尔士大学,商科,6
3E+19,古平,2,硕士研究生,10385654,特文特大学,N/A,
3E+19,俞诚,3,本科,,N/A,经济学,5
3E+19,杜昌勇,2,硕士研究生,,N/A,理学,1
3E+19,陆成来,1,博士研究生,10143861,上海财经大学,统计学,1
3E+19,开文明,2,硕士研究生,10149414,复旦大学,世界经济,5
3E+19,聂曙光,2,硕士研究生,10149414,复旦大学,企业管理,3
3E+19,袁争光,2,硕士研究生,10143861,上海财经大学,金融学,5
3E+19,魏博,2,硕士研究生,10149414,复旦大学,区域经济学,5
3E+19,李大刚,2,硕士研究生,,N/A,N/A,
3E+19,李坤元,2,硕士研究生,10143735,南开大学,经济学,5
3E+19,刘忠勋,2,硕士研究生,10226516,上海大学,金融学,5
3E+19,凌莉,2,硕士研究生,10389168,英国华威大学,金融学,5
3E+19,钱翔,2,硕士研究生,10229548,中央财经大学,金融学,5
3E+19,单黎鸣,2,硕士研究生,10226507,上海交通大学,工商管理,3
3E+19,谭涛,2,硕士研究生,10149414,复旦大学,金融学,5
3E+19,王海,2,硕士研究生,,N/A,工商管理,3
3E+19,柴妍,2,硕士研究生,10224597,华东理工大学,经济学,5
3E+19,苟开红,1,博士研究生,10226507,上海交通大学,企业管理,3
3E+19,冯士祯,2,硕士研究生,10143850,北京大学,金融学,5
3E+19,任琳娜,3,本科,,N/A,经济学,5
3E+19,申庆,2,硕士研究生,,N/A,工商管理,3
3E+19,张惠萍,2,硕士研究生,,N/A,经济学,5
3E+19,周强松,3,本科,10228796,大连理工大学,工业管理工程,1
3E+19,王晓明,2,硕士研究生,,N/A,经济学,5
3E+19,许富强,2,硕士研究生,10143850,北京大学,经济学,5
3E+19,吴昊,1,博士研究生,10394666,布鲁内尔大学,计算金融学,5
3E+19,张李陵,2,硕士研究生,10143851,清华大学,经济学,5
3E+19,张李陵,3,本科,10143851,清华大学,理学,1
3E+19,王平,2,硕士研究生,,N/A,管理学,6
3E+19,胡东健,2,硕士研究生,,N/A,经济学,5
3E+19,郭党钰,2,硕士研究生,,N/A,工商管理,3
3E+19,张鹏,2,硕士研究生,10149414,复旦大学,理学,1
3E+19,张鹏,3,本科,10228796,大连理工大学,理学,1
3E+19,何博,2,硕士研究生,10143861,上海财经大学,金融学,5
3E+19,何博,3,本科,10149380,中南财经政法大学,投资学,5
3E+19,向霈,2,硕士研究生,,N/A,工商管理,3
3E+19,王成,3,本科,10143850,北京大学光学管理学院,经济学,5
3E+19,桂志强,2,硕士研究生,,N/A,N/A,
3E+19,赵峰,2,硕士研究生,10143861,上海财经大学,金融学,5
3E+19,帅虎,2,硕士研究生,10149414,复旦大学,N/A,
3E+19,许定晴,2,硕士研究生,10229355,苏州大学,金融学,5
3E+19,笪菲,2,硕士研究生,10386336,伯明翰大学,会计金融,5
3E+19,王国强,2,硕士研究生,10229494,浙江大学,管理学,6
3E+19,刘俊,1,博士研究生,10149414,复旦大学,金融学,5
3E+19,江小震,2,硕士研究生,10149414,复旦大学,金融学,5
3E+19,江小震,3,本科,,N/A,N/A,
3E+19,曾丽琼,2,硕士研究生,,N/A,金融学,5
3E+19,曾丽琼,3,本科,,N/A,经济学,5
3E+19,骆泽斌,1,博士研究生,10143735,南开大学,区域经济学,5
3E+19,吴昊,2,硕士研究生,,N/A,经济学,5
3E+19,于航,1,博士研究生,10149414,复旦大学,运筹学与控制论专业,1
3E+19,李舒禾,2,硕士研究生,,N/A,商学,5
3E+19,杨立春,1,博士研究生,,N/A,经济学,5
3E+19,王鼐,2,硕士研究生,,N/A,N/A,
3E+19,张光成,2,硕士研究生,,N/A,工商管理,3
3E+19,张大方,2,硕士研究生,10143861,上海财经大学,工商管理,3
3E+19,孔学峰,2,硕士研究生,10229548,中央财经大学,金融学,5
3E+19,欧庆铃,1,博士研究生,10228729,北京师范大学,理学,1
3E+19,刘水云,2,硕士研究生,10229161,挪威管理学院,工商管理,3
3E+19,腊博,2,硕士研究生,10236278,梅西大学,金融学,5
3E+19,吴俊峰,2,硕士研究生,10363772,中国人民银行金融研究所,经济学,5
3E+19,梁冬冬,2,硕士研究生,10229015,吉林大学,理学,1
3E+19,佟巍,2,硕士研究生,10241649,美国密歇根大学,工业工程,1
3E+19,佟巍,2,硕士研究生,10241649,美国密歇根大学,金融工程,5
3E+19,董阳阳,2,硕士研究生,10386328,美国波士顿学院,工商管理学,3
3E+19,董阳阳,2,硕士研究生,10386328,美国波士顿学院,金融学,5
3E+19,陈薇薇,2,硕士研究生,10123973,中国人民大学,财务与金融学,5
3E+19,钱悦,2,硕士研究生,10226737,南京大学,MBA,2
3E+19,钱悦,4,MBA/EMBA,10226737,南京大学,IMBA,2
3E+19,陈兵,4,MBA/EMBA,10229522,美国芝加哥大学,MBA,2
3E+19,杨大力,2,硕士研究生,10143861,上海财经大学,经济学,5
3E+19,陈锦泉,3,本科,,N/A,金融学,5
3E+19,张睿,2,硕士研究生,,N/A,金融学,5
3E+19,陈宇,2,硕士研究生,,N/A,理学,1
3E+19,李龙俊,2,硕士研究生,,N/A,经济学,5
3E+19,吴圣涛,2,硕士研究生,10143869,武汉大学商学院,经济学,5
3E+19,甘霖,2,硕士研究生,,N/A,工商管理,3
3E+19,谢志华,2,硕士研究生,,N/A,理学,1
3E+19,蒋秀蕾,2,硕士研究生,10229538,中国药科大学,药物化学,7
3E+19,蒋秀蕾,3,本科,10229538,中国药科大学,中药药理学,7
3E+19,钟明,2,硕士研究生,10149414,复旦大学,工商管理,3
3E+19,陈扬帆,2,硕士研究生,,N/A,工商管理,3
3E+19,张亚辉,3,本科,,N/A,工商管理,3
3E+19,杨云,2,硕士研究生,,N/A,理学,1
3E+19,谢治宇,2,硕士研究生,,N/A,经济学,5
3E+19,侯梧,2,硕士研究生,,N/A,理学,1
3E+19,乔迁,2,硕士研究生,,N/A,工商管理,3
3E+19,傅鹏博,2,硕士研究生,,N/A,经济学,5
3E+19,季侃乐,2,硕士研究生,,N/A,管理学,6
3E+19,王帅,2,硕士研究生,,N/A,管理学,6
3E+19,王涛,2,硕士研究生,10226507,上海交通大学,工科,1
3E+19,辜岚,1,博士研究生,10143850,北京大学,经济学,5
3E+19,奚鹏洲,2,硕士研究生,,N/A,理学,1
3E+19,苗婷,2,硕士研究生,,N/A,经济学,5
3E+19,王伟,2,硕士研究生,,N/A,工学,1
3E+19,唐华,3,本科,,N/A,金融学,5
3E+19,陈国辉,2,硕士研究生,10229548,中央财经大学,经济学,5
3E+19,陈学林,2,硕士研究生,,N/A,工商管理,3
3E+19,罗世锋,2,硕士研究生,10143851,清华大学,N/A,
3E+19,赵滔滔,2,硕士研究生,10143861,上海财经大学,金融学,5
3E+19,张敬燕,2,硕士研究生,10226507,上海交通大学,理学,1
3E+19,钱亚风云,2,硕士研究生,,N/A,金融学,5
3E+19,赵志华,1,博士研究生,,N/A,金融工程,5
3E+19,王妍,3,本科,,N/A,管理学,6
3E+19,肖坚,2,硕士研究生,10229546,中山大学,经济学,5
3E+19,马骏,3,本科,,N/A,理学,1
3E+19,刘潇,2,硕士研究生,,N/A,理学,1
3E+19,冯波,2,硕士研究生,,N/A,经济学,5
3E+19,刘志奇,2,硕士研究生,,N/A,经济学,5
3E+19,欧阳力君,2,硕士研究生,,N/A,工商管理,3
3E+19,郑茂,2,硕士研究生,,N/A,经济学,5
3E+19,何云峰,1,博士研究生,,N/A,工学,1
3E+19,林飞,1,博士研究生,,N/A,经济学,5
3E+19,蔡海洪,2,硕士研究生,,N/A,管理学,6
3E+19,伍卫,2,硕士研究生,,N/A,经济学,5
3E+19,萧楠,2,硕士研究生,,N/A,经济学,5
3E+19,郑希,2,硕士研究生,,N/A,理学,1
3E+19,尹华龙,2,硕士研究生,10229546,中山大学,经济学,5
3E+19,林钟斌,2,硕士研究生,10143850,北京大学,世界经济学,5
3E+19,孙庆瑞,2,硕士研究生,10149380,中南财经大学,管理学,6
3E+19,张发余,1,博士研究生,,N/A,经济学,5
3E+19,彭砚,2,硕士研究生,10143735,南开大学,金融学,5
3E+19,李建,2,硕士研究生,10143861,上海财经大学,金融学,5
3E+19,李建,3,本科,10144082,江西财经大学,经济学,5
3E+19,李建,2,硕士研究生,,N/A,经济学,5
3E+19,赵建忠,2,硕士研究生,,N/A,金融学,5
3E+19,史彬,2,硕士研究生,10143861,上海财经大学,金融学,5
3E+19,范静,2,硕士研究生,,N/A,金融市场学,5
3E+19,周小丹,2,硕士研究生,10242727,香港城市大学,金融数学,5
3E+19,白洁,2,硕士研究生,10143861,上海财经大学,经济学,5
3E+19,刘腾,2,硕士研究生,,N/A,金融学,5
3E+19,刘超安,2,硕士研究生,,N/A,经济学,5
3E+19,侯清濯,2,硕士研究生,,N/A,工学,1
3E+19,潘峰,1,博士研究生,,N/A,理学,1
3E+19,陈志民,2,硕士研究生,,N/A,法学,7
3E+19,陈志民,2,硕士研究生,10108675,哥伦比亚大学,公共管理,6
3E+19,涂海强,2,硕士研究生,,N/A,金融学,5
3E+19,王晓晨,2,硕士研究生,,N/A,经济学,5
3E+19,付浩,2,硕士研究生,10143851,清华大学,经济学,5
3E+19,陈志华,2,硕士研究生,,N/A,经济学,5
3E+19,王丽萍,2,硕士研究生,10123973,中国人民大学,金融学,5
3E+19,刘霄汉,2,硕士研究生,10149439,东北大学,经济学,5
3E+19,张小刚,2,硕士研究生,10108675,哥伦比亚大学,工商管理,3
3E+19,王建军,1,博士研究生,,N/A,经济学,5
3E+19,杨俊,2,硕士研究生,,N/A,管理学,6
3E+19,邓立新,5,大专,,N/A,N/A,
3E+19,李文健,2,硕士研究生,,N/A,理学,1
3E+19,纪玲云,2,硕士研究生,,N/A,经济学,5
3E+19,王义克,2,硕士研究生,,N/A,工商管理学,3
3E+19,王超,2,硕士研究生,,N/A,理学,1
3E+19,宋昆,2,硕士研究生,,N/A,经济学,5
3E+19,陈皓,2,硕士研究生,,N/A,管理学,6
3E+19,马喜德,1,博士研究生,,N/A,经济学,5
3E+19,郭杰,2,硕士研究生,,N/A,工学,1
3E+19,刘树荣,2,硕士研究生,,N/A,经济学,5
3E+19,胡剑,2,硕士研究生,,N/A,经济学,5
3E+19,肖林,3,本科,,N/A,经济学,5
3E+19,张坤,2,硕士研究生,,N/A,理学,1
3E+19,方何,2,硕士研究生,10123973,中国人民大学,概率论与数理统计,1
3E+19,方何,N/A,,10207354,安徽大学,统计学,1
3E+19,卢章玥,2,硕士研究生,,N/A,理学,1
3E+19,张清华,2,硕士研究生,,N/A,物理学,1
3E+19,刘涛,2,硕士研究生,,N/A,工商管理,3
3E+19,樊正伟,2,硕士研究生,,N/A,经济学,5
3E+19,梁裕宁,2,硕士研究生,,N/A,管理学,6
3E+19,梁裕宁,2,硕士研究生,,N/A,经济学,5
3E+19,厉建超,2,硕士研究生,,N/A,经济学,5
3E+19,任泽松,2,硕士研究生,,N/A,理学,1
3E+19,荣膺,2,硕士研究生,10143850,北京大学,会计学,4
3E+19,方超,3,本科,,N/A,N/A,
3E+19,应帅,3,本科,10143850,北京大学,管理学,6
3E+19,李璇,3,本科,10143851,清华大学,金融学,5
3E+19,蒋峰,1,博士研究生,10143878,厦门大学,经济学,5
3E+19,成曦,2,硕士研究生,,N/A,经济学,5
3E+19,曹思,3,本科,,N/A,经济学,5
3E+19,林伟斌,1,博士研究生,,N/A,经济学,5
3E+19,刘格菘,1,博士研究生,104432,中国人民银行研究生部,经济学,5
3E+19,刘格菘,2,硕士研究生,104432,中国人民银行研究生部,金融学,5
3E+19,刘格菘,3,本科,10143857,东北财经大学,国际金融,5
3E+19,尚杰,2,硕士研究生,10229548,中央财经大学,投资学,5
3E+19,栾超,2,硕士研究生,,N/A,经济学,5
3E+19,杨桢霄,1,博士研究生,,N/A,理学,1
3E+19,韩硕,2,硕士研究生,10228718,北京科技大学经济管理学院,管理科学与工程,6
3E+19,徐超,3,本科,10224600,北京航空航天大学,飞行器环境与生命保障工程,1
3E+19,焦巍,1,博士研究生,10226536,上海社科院世界经济所,金融学,5
3E+19,焦巍,1,博士研究生,,N/A,经济学,5
3E+19,许进财,2,硕士研究生,,N/A,经济学,5
3E+19,石大怿,2,硕士研究生,,N/A,经济学,5
3E+19,许忠海,2,硕士研究生,,N/A,理学,1
3E+19,廖振华,2,硕士研究生,,N/A,理学,1
3E+19,张雅君,2,硕士研究生,,N/A,经济学,5
3E+19,张磊,2,硕士研究生,,N/A,理学,1
3E+19,徐立平,2,硕士研究生,,N/A,工商管理,3
3E+19,葛秋石,2,硕士研究生,,N/A,工学,1
3E+19,林高榜,1,博士研究生,,N/A,经济学,5
3E+19,胡耀文,2,硕士研究生,,N/A,金融学,5
3E+19,陆文凯,2,硕士研究生,10143861,上海财经大学,工商管理学,3
3E+19,陆文凯,3,本科,10226510,同济大学,会计学,4
3E+19,梁鹏,1,博士研究生,10229531,中国科学院,环境科学,7
3E+19,梁鹏,1,博士研究生,10447192,法国奥尔良大学,大气化学,1
3E+19,洪木妹,2,硕士研究生,,N/A,N/A,
3E+19,陈硕,3,本科,10143735,南开大学,生物化学,1
3E+19,陈硕,2,硕士研究生,10233370,美国乔治敦大学,生物化学及分子生物学,1
3E+19,陈硕,2,硕士研究生,10389509,美国马里兰大学,应用计算机,1
3E+19,陈硕,2,硕士研究生,10228777,宾西法尼亚大学,工商管理,3
3E+19,归凯,2,硕士研究生,,N/A,N/A,
3E+19,游典宗,2,硕士研究生,,N/A,经济学,5
3E+19,张博,1,博士研究生,10224603,北京邮电大学,工学,1
3E+19,贾丽杰,2,硕士研究生,10143851,清华大学,理学,1
3E+19,张崴,2,硕士研究生,,N/A,N/A,
3E+19,李文良,3,本科,10229339,四川大学,经济学,5
3E+19,肖芳芳,2,硕士研究生,,N/A,经济学,5
3E+19,何杰,2,硕士研究生,,N/A,经济数学理学,5
3E+19,冀楠,2,硕士研究生,10143735,南开大学,经济学,5
3E+19,余海燕,2,硕士研究生,10149414,复旦大学,数量经济学,5
3E+19,周楠,2,硕士研究生,,N/A,工商管理,3
3E+19,聂璐,2,硕士研究生,,N/A,文学,7
3E+19,余红,3,本科,,N/A,经济学,5
3E+19,张腾,2,硕士研究生,,N/A,工学,1
3E+19,赵锴,2,硕士研究生,,N/A,管理学,6
3E+19,王曼,2,硕士研究生,,N/A,经济学,5
3E+19,王鹏,2,硕士研究生,10143851,清华大学,工学,1
3E+19,余文龙,1,博士研究生,10143861,上海财经大学,金融数学与金融工程,5
3E+19,刘敦,2,硕士研究生,,N/A,N/A,
3E+19,万建军,2,硕士研究生,,N/A,N/A,
3E+19,胡晓晖,2,硕士研究生,,N/A,N/A,
3E+19,张西林,2,硕士研究生,,N/A,N/A,
3E+19,毛深静,2,硕士研究生,,N/A,经济学,5
3E+19,邓虎,2,硕士研究生,10143869,武汉大学,金融工程,5
3E+19,谭珏娜,3,本科,,N/A,经济学,5
3E+19,王奇玮,2,硕士研究生,,N/A,N/A,
3E+19,胡宜斌,2,硕士研究生,,N/A,N/A,
3E+19,郑帮强,2,硕士研究生,10143953,华中科技大学,管理科学与工程,6
3E+19,郑帮强,3,本科,10143953,华中科技大学,工业工程,1
3E+19,范妍,2,硕士研究生,10149414,复旦大学,管理学,6
3E+19,张富盛,3,本科,10226507,上海交通大学,金融学,5
3E+19,邱世磊,2,硕士研究生,10123973,中国人民大学,管理学,6
3E+19,邱世磊,3,本科,10123973,中国人民大学,管理学,6
3E+19,苏昌景,2,硕士研究生,,N/A,N/A,
3E+19,郑振源,2,硕士研究生,104432,中国人民银行研究生部,经济学,5
3E+19,倪玉娟,1,博士研究生,,N/A,N/A,
3E+19,胡忠俊,2,硕士研究生,10228964,河海大学,国民经济学,5
3E+19,范贵龙,2,硕士研究生,10143869,武汉大学,金融学,5
3E+19,李进,2,硕士研究生,10143869,武汉大学,金融学,5
3E+19,刘博,2,硕士研究生,,N/A,N/A,
3E+19,刘莉莉,2,硕士研究生,,N/A,N/A,
3E+19,王园园,2,硕士研究生,,N/A,N/A,
3E+19,于洋,2,硕士研究生,,N/A,N/A,
3E+19,高圣,2,硕士研究生,,N/A,N/A,
3E+19,易卓,1,博士研究生,,N/A,N/A,
3E+19,郭睿,3,本科,10143857,东北财经大学,金融学,5
3E+19,纪云飞,1,博士研究生,,N/A,工学,1
3E+19,张伟保,2,硕士研究生,10149381,华南理工大学,工学,1
3E+19,张翔,2,硕士研究生,10385599,荷兰代尔夫特理工大学,概率、风险及统计,1
3E+19,许文波,2,硕士研究生,10229015,吉林大学,工商管理,3
3E+19,杨达治,2,硕士研究生,10143850,北京大学光华管理学院,N/A,
3E+19,张非默,2,硕士研究生,,N/A,工学,1
3E+19,管宇,2,硕士研究生,,N/A,金融数学,5
3E+19,武阳,2,硕士研究生,,N/A,经济学,5
3E+19,刘琦,1,博士研究生,10143850,北京大学,概率统计,1
3E+19,罗山,1,博士研究生,,N/A,天体物理学,1
3E+19,林鹏,2,硕士研究生,10143861,上海财经大学,工商管理,3
3E+19,周云,1,博士研究生,10143851,清华大学,生物学,7
3E+19,刚登峰,2,硕士研究生,10226507,上海交通大学,管理科学与工程,6
3E+19,张雪川,2,硕士研究生,,N/A,N/A,
3E+19,陶武彬,2,硕士研究生,,N/A,N/A,
3E+19,万民远,1,博士研究生,10229339,四川大学,生物医学,7
3E+19,刘吉林,2,硕士研究生,10143861,上海财经大学,产业经济学,5
3E+19,董梁,1,博士研究生,10241649,美国密歇根大学,材料科学,1
3E+19,董梁,2,硕士研究生,10241649,美国密歇根大学,计算机科学,1
3E+19,董梁,3,本科,10143851,清华大学,材料科学,1
3E+19,董梁,3,本科,10143851,清华大学,计算机科学,1
3E+19,王浩,2,硕士研究生,,N/A,经济学,5
3E+19,纪文静,2,硕士研究生,10229046,江苏大学,经济学,5
3E+19,郑研研,2,硕士研究生,10236275,英国斯特灵大学,理学,1
3E+19,王美芹,2,硕士研究生,,N/A,应用金融,5
3E+19,彭一博,2,硕士研究生,10143850,北京大学,经济学,5
3E+19,肖勇,2,硕士研究生,10149414,复旦大学,金融工程管理,5
3E+19,雷俊,2,硕士研究生,10143850,北京大学,信号与信息处理,1
3E+19,张旭,2,硕士研究生,10229548,中央财经大学,金融学,5
3E+19,官泽帆,2,硕士研究生,,N/A,金融数学,5
3E+19,刘鲁旦,1,博士研究生,10386328,美国波士顿学院,金融学,5
3E+19,倪明,1,博士研究生,10143878,厦门大学,经济学,5
3E+19,程桯,2,硕士研究生,,N/A,理学,1
3E+19,严菲,2,硕士研究生,,N/A,经济学,5
3E+19,严菲,2,硕士研究生,,N/A,金融学,5
3E+19,许家涵,3,本科,,N/A,经济学,5
3E+19,许家涵,3,本科,,N/A,文学,7
3E+19,魏丽,2,硕士研究生,,N/A,经济学,5
3E+19,刘家伟,1,博士研究生,,N/A,经济学,5
3E+19,陈希希,3,本科,,N/A,金融学,5
3E+19,张恒,2,硕士研究生,10128393,西南财经大学,N/A,
3E+19,马斌博,2,硕士研究生,,N/A,N/A,
3E+19,胡文波,3,本科,10386601,加拿大多伦多大学,金融,5
3E+19,胡文波,2,硕士研究生,10143850,北京大学,金融,5
3E+19,胡娜,2,硕士研究生,10128393,西南财经大学,经济学,5
3E+19,路文韬,2,硕士研究生,,N/A,金融与投资,5
3E+19,王乐乐,1,博士研究生,,N/A,N/A,
3E+19,袁华涛,1,博士研究生,10128393,西南财经大学,金融学,5
3E+19,李兵伟,2,硕士研究生,10229548,中央财经大学,金融学,5
3E+19,慕浩,2,硕士研究生,,N/A,N/A,
3E+19,刘辉,1,博士研究生,,N/A,N/A,
3E+19,易智泉,3,本科,,N/A,N/A,
3E+19,王鹏,1,博士研究生,,N/A,经济学,5
3E+19,王鹏,2,硕士研究生,,N/A,管理学,6
3E+19,魏玉敏,2,硕士研究生,10143878,厦门大学,金融学,5
3E+19,魏玉敏,3,本科,10143878,厦门大学,金融学,5
3E+19,黄春逢,2,硕士研究生,10226507,上海交通大学,金融学,5
3E+19,刘俊廷,2,硕士研究生,10229531,中国科学院,N/A,
3E+19,胡春霞,2,硕士研究生,10143869,武汉大学,金融学,5
3E+19,耿广棋,2,硕士研究生,10143861,上海财经大学,数量经济学,5
3E+19,娄涛,2,硕士研究生,10224603,北京邮电大学,软件工程,1
3E+19,王玥,2,硕士研究生,10143850,北京大学,经济学,5
3E+19,王玥,2,硕士研究生,10238976,香港大学,金融学,5
3E+19,林柏川,2,硕士研究生,10143850,北京大学,药物化学,7
3E+19,林柏川,3,本科,10143850,北京大学,药学,7
3E+19,孙超,3,本科,10123973,中国人民大学,N/A,
3E+19,孙超,2,硕士研究生,10108675,美国哥伦比亚大学,N/A,
3E+19,龙宇飞,3,本科,10229015,吉林大学,理学,1
3E+19,张萍,2,硕士研究生,,N/A,经济学,5
3E+19,熊伟,2,硕士研究生,,N/A,经济学,5
3E+19,姜萍,2,硕士研究生,,N/A,N/A,
3E+19,吴启权,1,博士研究生,10229379,天津大学,管理科学,6
3E+19,罗众球,2,硕士研究生,10229538,中国药科大学,药学,7
3E+19,易军,2,硕士研究生,10123973,中国人民大学,会计学,4
3E+19,于军华,2,硕士研究生,10123973,中国人民大学,世界经济学,5
3E+19,陈桥宁,2,硕士研究生,,N/A,经济学,5
3E+19,郑如熙,2,硕士研究生,10149414,复旦大学,N/A,
3E+19,王延飞,2,硕士研究生,10149414,复旦大学,企业管理,3
3E+19,韩冬,2,硕士研究生,10143851,清华大学,工学,1
3E+19,闵杭,3,本科,10226507,上海交通大学,工学,1
3E+19,刘锋,2,硕士研究生,10143850,北京大学,工程,1
3E+19,王申,1,博士研究生,,N/A,N/A,
3E+19,章潇枫,3,本科,10149414,复旦大学,数学与应用数学,1
3E+19,周博洋,2,硕士研究生,10233415,兰卡斯特大学,理学,1
3E+19,李晨辉,2,硕士研究生,10229531,中国科学院,工学,1
3E+19,李晨辉,3,本科,10143869,武汉大学,N/A,
3E+19,王增财,2,硕士研究生,10128393,西南财经大学,经济学,5
3E+19,石峰,2,硕士研究生,,N/A,N/A,
3E+19,余斌,2,硕士研究生,10228933,哈尔滨工业大学,N/A,
3E+19,余斌,3,本科,10229419,西安财经学院,N/A,
3E+19,商小虎,1,博士研究生,10226536,上海社会科学院,经济学,5
3E+19,商小虎,2,硕士研究生,10241636,澳门大学,经济学,5
3E+19,商小虎,2,硕士研究生,10226536,上海社会科学院,经济学,5
3E+19,商小虎,3,本科,10149414,复旦大学,经济学,5
3E+19,易海波,2,硕士研究生,10143953,华中科技大学,企业管理,3
3E+19,沙川,2,硕士研究生,10226737,南京大学,数学,1
3E+19,白冰洋,2,硕士研究生,,N/A,N/A,
3E+19,顾钰,2,硕士研究生,10226516,上海大学,金融学,5
3E+19,李海宝,2,硕士研究生,,N/A,经济学,5
3E+19,王纯,2,硕士研究生,,N/A,经济学,5
3E+19,王海青,2,硕士研究生,,N/A,经济学,5
3E+19,蒋鑫,2,硕士研究生,,N/A,经济学,5
3E+19,王海涛,2,硕士研究生,,N/A,工商管理,3
3E+19,李文宾,2,硕士研究生,,N/A,N/A,
3E+19,黄艳芳,2,硕士研究生,10143851,清华大学,N/A,
3E+19,尹诚庸,2,硕士研究生,10395530,莱斯大学,统计学,1
3E+19,尹诚庸,3,本科,10149414,复旦大学,金融学,5
30431862,高钢杰,1,博士研究生,10229531,中国科学院,天体物理,1
30431804,闫冬,2,硕士研究生,,N/A,理学,1
30431742,黄河,2,硕士研究生,10149380,中南财经政法大学,统计学,1
30431741,刘骥,2,硕士研究生,10238976,香港大学,经济学,5
30431678,黄珺,2,硕士研究生,,N/A,管理学,6
30431645,程同朦,2,硕士研究生,10226510,同济大学,金融学,5
30431645,程同朦,3,本科,10236253,山东师范大学,教育技术学,7
30431644,陈纪靖,2,硕士研究生,10229115,美国伊利诺伊理工学院,金融学,5
30431644,陈纪靖,3,本科,10228720,北京理工大学,法学,7
30431268,廉素君,2,硕士研究生,10143953,华中科技大学,金融学,5
30431212,高海宁,3,本科,,N/A,金融学,5
30431197,张再奇,2,硕士研究生,10389570,美国福特汉姆大学,金融学,5
30431197,张再奇,3,本科,10123973,中国人民大学,金融学,5
30431197,张再奇,3,本科,10123973,中国人民大学,数学与应用数学,1
30431196,王致远,2,硕士研究生,10149414,复旦大学,经济学,5
3E+19,夏明月,2,硕士研究生,,N/A,经济学,5
3E+19,邓艺颖,2,硕士研究生,10228993,湖南大学,金融学,5
3E+19,陈勇,2,硕士研究生,,N/A,信号与信息处理,1
3E+19,胡宇飞,2,硕士研究生,,N/A,N/A,
3E+19,吉莉,2,硕士研究生,10455416,中国人民银行金融研究所研究生部,金融学,5
3E+19,赵治烨,3,本科,10143850,北京大学,微电子,1
3E+19,楼昕宇,2,硕士研究生,,N/A,N/A,
3E+19,洪流,2,硕士研究生,10143861,上海财经大学,金融学,5
3E+19,汪曦,3,本科,10143851,清华大学,工学,1
3E+19,廖瀚博,2,硕士研究生,10229546,中山大学,工学,1
3E+19,廖瀚博,3,本科,10226763,合肥工业大学,工学,1
3E+19,杨仁眉,1,博士研究生,10128393,西南财经大学,金融学,5
3E+19,杨仁眉,3,本科,10228678,安徽工业大学,统计学,1
3E+19,杨仁眉,2,硕士研究生,10128393,西南财经大学,金融学,5
3E+19,吴闻,2,硕士研究生,,N/A,N/A,
3E+19,刘深,2,硕士研究生,,N/A,N/A,
3E+19,王林,2,硕士研究生,,N/A,工商管理,3
3E+19,郑川江,2,硕士研究生,,N/A,经济学,5
3E+19,李东骞,2,硕士研究生,,N/A,"工学,工商管理",3
3E+19,徐瀛,3,本科,,N/A,N/A,
3E+19,吴祖尧,2,硕士研究生,10143851,清华大学,铸造专业,7
3E+19,韩林,2,硕士研究生,,N/A,理学,1
3E+19,李武群,1,博士研究生,10229531,中国科学院,工学,1
3E+19,李为冰,1,博士研究生,,N/A,管理学,6
3E+19,赵雪芹,1,博士研究生,10149414,复旦大学,经济学,5
3E+19,殷孝东,2,硕士研究生,,N/A,工商管理,3
3E+19,王咏辉,2,硕士研究生,10229160,英国牛津大学,计算机,1
3E+19,王咏辉,3,本科,10229160,英国牛津大学,工程,1
3E+19,李源海,2,硕士研究生,10143869,武汉大学,经济学,5
3E+19,李源海,1,博士研究生,,N/A,管理学,6
3E+19,蒋秋洁,2,硕士研究生,10143851,清华大学,光电工程,1
3E+19,章晖,2,硕士研究生,10143850,北京大学,西方经济学,5
3E+19,杨旭,2,硕士研究生,,N/A,文学,7
30432009,张海钧,2,硕士研究生,,N/A,N/A,
3E+19,桂跃强,2,硕士研究生,,N/A,工学,1
3E+19,桂跃强,2,硕士研究生,,N/A,金融学,5
3E+19,周蔚文,2,硕士研究生,10143850,北京大学,管理科学与工程,6
3E+19,庄波,2,硕士研究生,10455235,瑞士洛桑大学,金融,5
3E+19,吴欣荣,N/A,,10143851,清华大学,电机工程与应用电子技术,1
3E+19,吴欣荣,2,硕士研究生,,N/A,工学,1
3E+19,张胜记,2,硕士研究生,,N/A,管理学,6
3E+19,陈钢,2,硕士研究生,10143851,清华大学,工商管理学,3
3E+19,张萌,2,硕士研究生,,N/A,经济学,5
3E+19,张萌,2,硕士研究生,,N/A,商学,5
3E+19,韩硕,N/A,,10228718,北京科技大学经济管理学院,信息管理与信息系统,6
3E+19,刘琦,1,博士研究生,,N/A,理学,1
3E+19,许炜,2,硕士研究生,,N/A,国际金融,5
3E+19,梁莹,2,硕士研究生,,N/A,经济学,5
3E+19,梁莹,2,硕士研究生,,N/A,金融学,5
3E+19,王安良,2,硕士研究生,,N/A,MBA,2
3E+19,刘俊清,4,MBA/EMBA,10123973,中国人民大学,MBA,2
3E+19,刘颖芳,2,硕士研究生,10143851,清华大学,MBA,2
30411733,周鹏,2,硕士研究生,10108675,哥伦比亚大学,MBA,2
30382890,黎晓晖,2,硕士研究生,10238973,香港中文大学,MBA,2
30388919,胡长虹,2,硕士研究生,10143850,北大光华管理学院,MBA,2
30382605,张国天,2,硕士研究生,,N/A,MBA,2
30382365,张淑婉,2,硕士研究生,10226760,台湾大学,MBA,2
3E+19,王宁,2,硕士研究生,10143850,北京大学,EMBA,2
3E+19,杨凯,2,硕士研究生,10229546,中山大学岭南学院,MBA,2
3E+19,陈秀峰,2,硕士研究生,,N/A,EMBA,2
3E+19,黄健斌,4,MBA/EMBA,10149381,华南理工大学,EMBA,2
3E+19,戴奇雷,2,硕士研究生,10143853,中欧国际工商学院,MBA,2
3E+19,朱富林,4,MBA/EMBA,10388897,美国印地安那大学,MBA,2
3E+19,王海涛,4,MBA/EMBA,10228778,沃顿商学院,MBA,2
3E+19,吴剑飞,2,硕士研究生,10143850,北京大学,MBA,2
3E+19,谢志刚,4,MBA/EMBA,10386327,美国波士顿大学,MBA,2
3E+19,闾志刚,4,MBA/EMBA,,N/A,MBA,2
3E+19,张倩,4,MBA/EMBA,10226507,上海交通大学,MBA,2
3E+19,彭培祥,2,硕士研究生,,N/A,MBA,2
3E+19,阳琨,4,MBA/EMBA,10143850,北京大学,MBA,2
3E+19,周可彦,4,MBA/EMBA,10143850,北京大学,MBA,2
3E+19,蒋俊国,4,MBA/EMBA,10123973,中国人民大学,MBA,2
3E+19,盛震山,2,硕士研究生,,N/A,MBA,2
3E+19,曾刚,4,MBA/EMBA,10143851,清华大学,MBA,2
3E+19,崔强,4,MBA/EMBA,10389737,美国达特茅斯学院,MBA,2
3E+19,任竞辉,2,硕士研究生,10143851,清华大学,MBA,2
3E+19,李权胜,4,MBA/EMBA,10238973,香港中文大学,MBA,2
3E+19,周广山,2,硕士研究生,,N/A,MBA,2
3E+19,周炜炜,4,MBA/EMBA,10149414,复旦大学,MBA,2
3E+19,周炜炜,4,MBA/EMBA,10238976,香港大学,MBA,2
3E+19,饶超,4,MBA/EMBA,10389509,美国马里兰大学,MBA,2
3E+19,赵英楷,2,硕士研究生,10108675,美国哥伦比亚大学,MBA,2
3E+19,韦勇,4,MBA/EMBA,10242726,香港公开大学,MBA,2
3E+19,陈逊,2,硕士研究生,10143861,上海财经大学,MBA,2
3E+19,林青,2,硕士研究生,10108695,美国杜克大学,MBA,2
3E+19,蒋征,2,硕士研究生,10238973,香港中文大学,MBA,2
3E+19,陈凯杨,2,硕士研究生,10143851,清华大学,MBA,2
3E+19,许杰,2,硕士研究生,10412664,美国Pepperdine University,MBA,2
30382526,郑拓,2,硕士研究生,10229522,芝加哥大学,MBA,2
307646,谢爱龙,4,MBA/EMBA,10390109,美国罗斯福大学,MBA,2
30381651,田晶,4,MBA/EMBA,10453787,美国纽约市立大学布鲁克商学院,MBA,2
30381649,田汉卿,4,MBA/EMBA,10453733,美国加州大学伯克利分校哈斯商学院,MBA,2
30380011,林勇,4,MBA/EMBA,10143851,清华大学,MBA,2
30380198,李志磊,2,硕士研究生,10143851,清华大学,MBA,2
30380143,李源,2,硕士研究生,10385502,美国纽约州立大学布法罗分校,EMBA,2
30380294,刘浩,4,MBA/EMBA,10149414,复旦大学,MBA,2
30380225,林健标,2,硕士研究生,10229098,卡斯商学院,MBA,2
3E+19,张文琍,4,MBA/EMBA,10143861,上海财经大学,EMBA,2
30381496,苏天杉,4,MBA/EMBA,10453628,美国罗彻斯特大学商学院,MBA,2
3E+19,于善辉,2,硕士研究生,10143850,北京大学,理学,1
30432157,王浩,2,硕士研究生,10143851,清华大学五道口金融学院,工商管理,3
30432157,王浩,4,MBA/EMBA,10236260,美国康奈尔大学,MBA,2
30432316,包兵华,2,硕士研究生,,N/A,管理学,6
30432394,黄耀锋,2,硕士研究生,10143850,北京大学,经济学,5
30432478,兰兰,3,本科,,N/A,临床医学,7
30432478,兰兰,2,硕士研究生,,N/A,神经生物学,7
30432516,何移直,3,本科,10143850,北京大学,经济学,5
30432516,何移直,2,硕士研究生,10143850,北京大学光华管理学院,工商管理,3
30432516,何移直,1,博士研究生,10455725,荷兰屯特大学,金融工程,5
30432517,杨志远,2,硕士研究生,,N/A,N/A,
30432741,刘国江,2,硕士研究生,10149381,华南理工大学,企业管理,3
30432609,石琳,2,硕士研究生,,N/A,N/A,
30341261,马丁,1,博士研究生,,N/A,N/A,
30432639,代望涛,2,硕士研究生,10228933,哈尔滨工业大学,工学,1
3E+19,侯慧娣,2,硕士研究生,10229478,云南大学,理学,1
30381641,谭冬寒,1,博士研究生,10233358,北京协和医学院,临床医学,7
30381426,邵骏,2,硕士研究生,10143878,厦门大学,N/A,
3E+19,张俊生,2,硕士研究生,10144025,中国科学技术大学,管理科学与工程,6
30381636,刘凌云,2,硕士研究生,10226507,上海交通大学,管理科学与工程,6
30267636,薛小波,2,硕士研究生,10143851,清华大学,流体力学,1
30267636,薛小波,3,本科,10143851,清华大学,工程力学,1
30432868,高耀华,2,硕士研究生,,N/A,N/A,
30432877,杨喆,2,硕士研究生,10226510,同济大学,金融学,5
30432944,刘疆,2,硕士研究生,10143869,武汉大学,经济学,5
30432944,刘疆,3,本科,10143869,武汉大学,经济学,5
30432944,刘疆,3,本科,10143869,武汉大学,理学,1
30433041,鲁力,1,博士研究生,,N/A,N/A,
30433176,陆威,3,本科,,N/A,N/A,
30433177,张航,1,博士研究生,10229548,中央财经大学,N/A,
30433356,曲泉儒,2,硕士研究生,,N/A,N/A,
30433357,钱厚翔,2,硕士研究生,10233369,乔治华盛顿大学,计算机科学,1
30433359,姜永明,2,硕士研究生,10143851,清华大学,工商管理,3
3E+19,罗文杰,2,硕士研究生,10229126,美国南加州大学,数学金融,5
30327096,顾柔刚,2,硕士研究生,,N/A,管理学,6
30433436,朱睿,2,硕士研究生,10143878,厦门大学,工商管理,3
30433437,雷志勇,2,硕士研究生,10143850,北京大学,计算机软件与理论,1
30433460,石磊,2,硕士研究生,,N/A,N/A,
30381257,辇大吉,2,硕士研究生,10123973,中国人民大学,理论经济学,5
30433633,王贵重,1,博士研究生,,N/A,N/A,
3E+19,李永兴,2,硕士研究生,10143850,北京大学,金融学,5
3E+19,吴双,2,硕士研究生,10143850,北京大学,金融学,5
30433931,张文君,2,硕士研究生,10143878,厦门大学,N/A,
30433933,朱天竑,2,硕士研究生,10226507,上海交通大学,模式识别与智能系统,7
30434181,陈宏初,2,硕士研究生,,N/A,N/A,
30434183,吴晖,2,硕士研究生,10143851,清华大学,管理科学与工程,6
30434267,王磊,2,硕士研究生,10226737,南京大学,材料物理与化学,1
30434322,马天翼,3,本科,10229494,浙江大学,物理学,1
3E+19,莫海波,4,MBA/EMBA,,N/A,MBA,2
30434567,田彧龙,2,硕士研究生,10226507,上海交通大学,金融学,5
30434567,田彧龙,3,本科,10229494,浙江大学,光电信息工程学,1
30434542,祁广东,2,硕士研究生,,N/A,经济学,5
30434541,周怡,2,硕士研究生,,N/A,理学,1
30434541,周怡,2,硕士研究生,,N/A,工学,1
30434511,郑巍山,2,硕士研究生,,N/A,N/A,
30434456,萧嘉倩,2,硕士研究生,10229546,中山大学,经济学,5
30381791,任翀,4,MBA/EMBA,10238973,香港中文大学,MBA,2
3E+19,金昉毅,3,本科,10226510,同济大学,N/A,
3E+19,金昉毅,2,硕士研究生,10457262,德国康斯坦茨大学,国际企业经济学,5
30434642,曲少杰,4,MBA/EMBA,10238973,香港中文大学,MBA,2
30434642,曲少杰,3,本科,10229546,中山大学,财务管理与投资,3
3E+19,哈默,3,本科,10224604,首都经济贸易大学,经济学,5
30423247,魏淳,2,硕士研究生,10228720,北京理工大学,信号与信息处理,1
30434680,朱垚,2,硕士研究生,10149414,复旦大学,金融学,5
30434757,刘安坤,2,硕士研究生,10143869,武汉大学,金融学,5
30423247,魏淳,2,硕士研究生,10238973,香港中文大学,金融学,5
30434841,邹运,2,硕士研究生,10143857,东北财经大学,金融学,5
30434878,杨彦喆,3,本科,10226737,南京大学,金融工程,5
30433284,管仁贤,2,硕士研究生,10143871,西安交通大学,管理学,6
30434907,贺宁,2,硕士研究生,,N/A,金融学,5
30434908,寇文红,1,博士研究生,10143850,北京大学,金融学,5
30434916,邹舟,2,硕士研究生,10454320,美国本特利大学,会计学,4
30434916,邹舟,2,硕士研究生,10454320,美国本特利大学,工商管理,3
30424980,范旦波,2,硕士研究生,10238976,香港大学,金融,5
3E+19,张谊然,2,硕士研究生,,N/A,N/A,
30434956,朱律,2,硕士研究生,,N/A,N/A,
30434957,孙彬,2,硕士研究生,,N/A,N/A,
30434959,万亿,2,硕士研究生,,N/A,N/A,
30434969,王钟,1,博士研究生,10144001,美国德州大学达拉斯分校,计算机科学,1
30434969,王钟,2,硕士研究生,10229494,浙江大学,数学,1
30434969,王钟,3,本科,10229494,浙江大学,数学,1
30434970,杨红,2,硕士研究生,,N/A,工学,1
30435032,王鑫晨,3,本科,,N/A,N/A,
30411931,肖威兵,2,硕士研究生,,N/A,N/A,
30435218,何之渊,2,硕士研究生,,N/A,数量经济学,5
30435219,张延鹏,2,硕士研究生,,N/A,金融学,5
3E+19,郑晓曦,2,硕士研究生,10123973,中国人民大学,金融学,5
30412768,肖立强,2,硕士研究生,10229546,中山大学,金融学,5
30435281,JIANG SHAOKUN,3,本科,10229099,美国伦斯勒理工学院,计算机,1
30435281,JIANG SHAOKUN,2,硕士研究生,10108675,美国哥伦比亚大学,统计学,1
30435256,陈建军,2,硕士研究生,,N/A,管理学,6
30435302,万纯,2,硕士研究生,10143850,北京大学,N/A,
30435309,张子炎,2,硕士研究生,,N/A,N/A,
30435310,陈亘斯,2,硕士研究生,,N/A,N/A,
30435398,王霆,2,硕士研究生,,N/A,N/A,
30381722,童国林,2,硕士研究生,10149380,中南财经大学,货币银行学,5
30435438,邓明明,2,硕士研究生,,N/A,金融学,5
30382504,赵鹏飞,3,本科,10143850,北京大学,理学,1
30435621,王帅,2,硕士研究生,10143735,南开大学,经济学,5
30435657,牟星海,2,硕士研究生,,N/A,N/A,
30435656,汪静以,3,本科,,N/A,N/A,
30435679,郦彬,1,博士研究生,10149414,复旦大学,金融学,5
30427705,周克平,2,硕士研究生,,N/A,经济学,5
30420178,谭荐丰,2,硕士研究生,10389570,福特汉姆大学,应用统计学,1
30435878,王迪,2,硕士研究生,,N/A,计量金融学,5
30435807,王雁杰,2,硕士研究生,,N/A,经济学,5
30435798,郑有为,2,硕士研究生,10226507,上海交通大学,N/A,
30382384,张晓泉,2,硕士研究生,10143851,清华大学,材料科学与工程,1
3E+19,杜习杰,2,硕士研究生,10143861,上海财经大学,金融学,5
30435958,程卉超,2,硕士研究生,10143850,北京大学,经济学,5
30247912,高诗,2,硕士研究生,,N/A,N/A,
30436092,陈涵,2,硕士研究生,,N/A,N/A,
30436093,李洋,2,硕士研究生,,N/A,N/A,
30436127,徐俊,2,硕士研究生,,N/A,N/A,
30436399,于涛,1,博士研究生,10123973,中国人民大学,财务学,4
30436376,皮劲松,2,硕士研究生,10229538,中国药科大学,N/A,
3E+19,王慧杰,2,硕士研究生,10385529,美国普渡大学,数理金融,5
30392498,应洁茜,2,硕士研究生,10394651,美国北卡州立大学,管理学,6
30437050,罗佳明,2,硕士研究生,,N/A,N/A,
3E+19,程彧,3,本科,10149414,上海复旦大学,国际经济,5
30432782,张蓓蓓,2,硕士研究生,,N/A,N/A,
30377552,陈鹏,2,硕士研究生,104432,中国人民银行研究生部,N/A,
30377552,陈鹏,2,硕士研究生,,N/A,金融学,5
3E+19,瞿灿,2,硕士研究生,10143878,厦门大学,经济学,5
3E+19,瞿灿,2,硕士研究生,10371322,Singapore Management University,经济学,5
30438416,于渤,2,硕士研究生,,N/A,N/A,
30438636,龚涛,1,博士研究生,10386371,伦敦城市大学,人工智能,7
30412569,曾理,2,硕士研究生,,N/A,工学,1
30380050,李羿,2,硕士研究生,10226507,上海交通大学,金融学,5
3E+19,金昉毅,1,博士研究生,10457262,德国康斯坦茨大学,数量金融学,5
30431437,张海静,2,硕士研究生,,N/A,经济学,5
30439056,朱海东,2,硕士研究生,10149414,复旦大学,理学,1
30439282,施红俊,1,博士研究生,10226510,同济大学,管理学,6
30439272,陈玮,2,硕士研究生,10394756,美国约翰霍普金斯大学,化学,1
30439243,李海涛,1,博士研究生,10144025,中国科学技术大学,金融工程,5
30439316,彭紫云,2,硕士研究生,,N/A,N/A,
3E+19,尹页,2,硕士研究生,,N/A,N/A,
30439355,吴沛文,2,硕士研究生,,N/A,N/A,
30439550,王玉英,1,博士研究生,10143878,厦门大学,金融学,5
30424408,李国林,2,硕士研究生,10229499,浙江工商大学,经济学,5
30439709,潘永昌,2,硕士研究生,10226518,上海对外经贸大学,金融学,5
30439656,唐颐恒,2,硕士研究生,,N/A,N/A,
30440120,杨喆,2,硕士研究生,,N/A,N/A,
30440187,施钰,2,硕士研究生,,N/A,N/A,
30265669,段玮婧,2,硕士研究生,10229546,中山大学,N/A,
3E+19,王忠波,1,博士研究生,10104898,中国社会科学院,经济学,5
30440188,范力,2,硕士研究生,,N/A,N/A,
3E+19,蔡若林,2,硕士研究生,,N/A,N/A,
3E+19,林洪钧,3,本科,10149414,复旦大学,力学与工程科学,1
30433281,李石,2,硕士研究生,10229531,中国科学院,管理学,6
3E+19,邹德立,3,本科,10143869,武汉大学,经济学,5
30440907,薛莉丽,2,硕士研究生,10143861,上海财经大学,国民经济学,5
3E+19,经惠云,2,硕士研究生,10143850,北京大学,金融学,5
30436205,韩阅川,2,硕士研究生,,N/A,统计学,1
30440883,陈薪羽,2,硕士研究生,10143850,北京大学,概率论与数理统计,1
30418002,陈诗昆,2,硕士研究生,,N/A,金融学,5
30441220,徐力,2,硕士研究生,10229494,浙江大学,工学,1
30441220,徐力,2,硕士研究生,10143851,清华大学,MBA/EMBA,2
30441420,刘亮,2,硕士研究生,10149414,复旦大学,金融学,5
30441417,张帅,2,硕士研究生,,N/A,N/A,
3E+19,陈昕,2,硕士研究生,,N/A,N/A,
30441655,徐伟,2,硕士研究生,10143851,清华大学,工学,1
30441829,张英,3,本科,10123973,中国人民大学,国际经济与贸易,5
30441988,程子旭,2,硕士研究生,,N/A,N/A,
30442076,梁雪丹,2,硕士研究生,10143850,北京大学,理学,1
30409889,何玄文,2,硕士研究生,10143851,清华大学,管理学,6
30434513,陈晨,2,硕士研究生,10143851,清华大学,工学,1
30442133,王明君,2,硕士研究生,,N/A,金融学,5
30407534,杨梦,2,硕士研究生,,N/A,经济学,5
3E+19,高松,1,博士研究生,10143850,北京大学,生理学,7
30382521,郑猛,3,本科,10143735,南开大学,信息与计算科学,1
30382521,郑猛,2,硕士研究生,10143850,北京大学,软件工程,1
30382164,许健,2,硕士研究生,10229548,中央财经大学,统计学,1
30442755,林青泽,2,硕士研究生,,N/A,N/A,
30378266,戴险峰,1,博士研究生,10104898,中国社会科学院,金融学,5
3E+19,于洋,2,硕士研究生,,N/A,N/A,
3E+19,王睿智,2,硕士研究生,,N/A,N/A,
3E+19,余斌,2,硕士研究生,10143735,南开大学,经济学,5
30443077,王林峰,2,硕士研究生,10229546,中山大学,N/A,
30443082,商震,3,本科,10143851,清华大学,数学,1
30443082,商震,2,硕士研究生,10143850,北京大学,数学,1
30443078,徐斌,2,硕士研究生,,N/A,N/A,
3E+19,阳桦,2,硕士研究生,,N/A,N/A,
30381266,彭炜,2,硕士研究生,10226507,上海交通大学,工程,1
30443256,董福焱,2,硕士研究生,,N/A,N/A,
30443402,王登元,2,硕士研究生,,N/A,N/A,
30443343,杨一,2,硕士研究生,10143850,北京大学,西方经济学,5
30257622,周珞晏,2,硕士研究生,,N/A,N/A,
30432613,高峰,2,硕士研究生,10143850,北京大学,金融学,5
3E+19,姜诚,3,本科,10143851,清华大学,金融学,5
3E+19,姜诚,2,硕士研究生,10143861,上海财经大学,金融学,5
30433360,田瑀,2,硕士研究生,10149414,复旦大学,理学,1
30415415,艾定飞,1,博士研究生,,N/A,应用物理,1
30443710,程书峰,3,本科,10143869,武汉大学,工学,1
30443710,程书峰,2,硕士研究生,10226536,上海社会科学院,经济学,5
30259857,宋绍峰,2,硕士研究生,10143851,清华大学,工学,1
30259857,宋绍峰,4,MBA/EMBA,10236260,康奈尔大学,MBA/EMBA,2
30443985,高俊芳,2,硕士研究生,10143878,厦门大学,政治经济学,5
30381900,吴文明,2,硕士研究生,10395829,东安格利亚大学,经济学,5
30444164,汤慧,2,硕士研究生,,N/A,N/A,
30444166,丁靖斐,2,硕士研究生,,N/A,N/A,
3E+19,徐一恒,2,硕士研究生,10143869,武汉大学,金融工程学,5
30444167,郝杰,3,本科,,N/A,N/A,
30444216,洪阳玚,3,本科,,N/A,N/A,
30444616,朱赟,2,硕士研究生,,N/A,N/A,
30435307,成雨轩,2,硕士研究生,10389067,英国布里斯托大学,金融投资,5
30444833,胡超,2,硕士研究生,10395276,范德比尔特大学,金融学,5
3E+19,何晓春,1,博士研究生,10149380,中南财经政法大学,产业经济学,5
30445240,赵睿,2,硕士研究生,10389011,英国巴斯大学,金融与银行,5
30445212,夏雨,2,硕士研究生,,N/A,N/A,
30445239,倪伟,2,硕士研究生,10143861,上海财经大学,法律,7
3E+19,钟俊,2,硕士研究生,,N/A,金融学,5
3E+19,韩克,2,硕士研究生,10229494,浙江大学,金融学,5
30445189,郭雪松,2,硕士研究生,,N/A,N/A,
30441221,戴家伟,2,硕士研究生,10226737,南京大学,国际贸易学,5
30445397,董瑾,2,硕士研究生,10143850,北京大学,西方经济学,5
30445359,杨培鸿,2,硕士研究生,,N/A,经济学,5
30413695,阮毅,2,硕士研究生,10395060,美国肯特州立大学,金融工程,5
30383016,章劲,3,本科,10226516,上海大学,文学,7
30415084,王睿,2,硕士研究生,,N/A,经济学,5
3E+19,陈斌,1,博士研究生,10233358,清华大学北京协和医学院,内科学,7
3E+19,刘领坡,2,硕士研究生,10224604,首都经济贸易大学,数量经济学,5
30470264,赵旭东,2,硕士研究生,10123973,中国人民大学,经济学,5
30486152,张伟,2,硕士研究生,,N/A,理学,1
30485973,郭纪亭,2,硕士研究生,10143850,北京大学,金融学,5
30486072,陶祺,2,硕士研究生,10389011,英国巴斯大学,金融与风险,5
3E+19,王爽,3,本科,10224596,华东政法大学,经济学,5
30380511,刘涛,2,硕士研究生,,N/A,金融学,5
30432357,施成,2,硕士研究生,10143851,清华大学,工学,1
30509083,任翔,2,硕士研究生,10226507,上海交通大学,N/A,
30540144,黄波,3,本科,10226737,南京大学,N/A,
30540144,黄波,2,硕士研究生,10149414,复旦大学,金融学,5
30540273,冯赟,2,硕士研究生,10241649,美国密歇根大学,应用经济学,5
30540273,冯赟,2,硕士研究生,10241649,美国密歇根大学,金融工程,5
3E+19,冯彬,2,硕士研究生,10143878,厦门大学,金融工程学,5
30540561,尹浩,2,硕士研究生,,N/A,N/A,
30540626,沈莉,2,硕士研究生,10143861,上海财经大学,金融,5
30430480,董珊珊,2,硕士研究生,,N/A,工商管理,3
30540759,吕振山,2,硕士研究生,10143850,北京大学,金融工程,5
30540760,刘洁倩,1,博士研究生,10229494,浙江大学,数学,1
3E+19,纪青,2,硕士研究生,10226510,同济大学,应用数学,1
3E+19,晏青,2,硕士研究生,10226507,上海交通大学,经济学,5
30541111,吴玮,2,硕士研究生,10149414,复旦大学,理学,1
3E+19,何江,2,硕士研究生,10143851,清华大学,流体力学,1
30432202,吴文钊,2,硕士研究生,,N/A,N/A,
30541523,陈奇,2,硕士研究生,10149414,复旦大学,微电子,1
30541643,杨超,2,硕士研究生,10149414,复旦大学,经济学,5
30432312,王梁,2,硕士研究生,10224607,北京交通大学,产业经济学,5
30433341,冯汉杰,2,硕士研究生,10143851,清华大学,数学,1
3E+19,钟鸣远,2,硕士研究生,10149414,复旦大学,金融学,5
3E+19,钱思佳,2,硕士研究生,10226507,上海交通大学,管理学,6
30541784,尤国梁,3,本科,10229166,山东轻工业学院,工学,1
30542140,马逸钧,3,本科,,N/A,N/A,
30542156,夏理曼,2,硕士研究生,,N/A,N/A,
30542159,邓皓友,2,硕士研究生,,N/A,N/A,
30542158,李宇昂,2,硕士研究生,10143851,清华大学,工学,1
30542173,郑源,1,博士研究生,10229443,香港理工大学,计算机,1
30441422,王剑,1,博士研究生,10149414,复旦大学,物理学,1
30542372,陈伟,2,硕士研究生,10143851,清华大学,N/A,
30542599,陈烨远,2,硕士研究生,,N/A,N/A,
30542863,闻晨雨,2,硕士研究生,10385565,美国雪城大学,金融学,5
30543216,杨义山,3,本科,10143869,武汉大学,经济学,5
30432048,章鸽武,2,硕士研究生,10143869,武汉大学,管理学,6
30543511,张弘,2,硕士研究生,,N/A,N/A,
30543771,林皓,2,硕士研究生,,N/A,工学,1
30543769,孟禄程,2,硕士研究生,,N/A,理学,1
3E+19,吴昊,1,博士研究生,,N/A,经济学,5
30543724,朱金钰,3,本科,10143851,清华大学,工学,1
30543724,朱金钰,2,硕士研究生,10143851,清华大学,工学,1
30543724,朱金钰,1,博士研究生,10389424,加拿大滑铁卢大学,工学,1
30544000,王晓岩,2,硕士研究生,10143851,清华大学,计算机科学与技术,1
30544003,卓勇,2,硕士研究生,,N/A,N/A,
30544005,郑爱刚,2,硕士研究生,10224600,北京航空航天大学,工学,1
30544193,李瑾懿,2,硕士研究生,10143735,南开大学,精算学,5
30544187,王博,2,硕士研究生,10143851,清华大学,工学,1
30545123,余亮,2,硕士研究生,,N/A,N/A,
30545044,吴逸,2,硕士研究生,10143861,上海财经大学,经济学,5
30545027,邹巍,2,硕士研究生,10224613,华东师范大学,统计学,1
30382214,杨贵宾,1,博士研究生,10143871,西安交通大学,应用经济学,5
30545353,杜广,2,硕士研究生,,N/A,金融数学,5
30444079,魏晓菲,2,硕士研究生,10143878,厦门大学,民商法学,7
30433120,陈圆明,2,硕士研究生,10389737,美国达特茅斯学院,应用数学,1
30433120,陈圆明,3,本科,10143851,清华大学,电子工程,1
3E+19,李敏,2,硕士研究生,,N/A,N/A,
30409725,王莹莹,3,本科,10224607,北京交通大学,经济学,5
30380764,梁辰,3,本科,10149414,复旦大学,金融学,5
30380764,梁辰,2,硕士研究生,10149414,复旦大学,金融学,5
30546420,孙裕文,2,硕士研究生,,N/A,N/A,
30431646,郑中华,1,博士研究生,10229548,中央财经大学,金融学,5
30547038,江凌,2,硕士研究生,,N/A,金融学,5
30547039,田钊,2,硕士研究生,10229126,美国南加州大学,金融工程,5
30547204,冯琪,2,硕士研究生,10238976,香港大学,经济学,5
30547202,孙麓深,2,硕士研究生,,N/A,N/A,
30547201,杜国昊,2,硕士研究生,10143861,上海财经大学,经济学,5
30547200,段博卿,2,硕士研究生,10108695,杜克大学,经济学,5
30547203,范刚强,2,硕士研究生,,N/A,N/A,
3E+19,张琦,2,硕士研究生,,N/A,金融学,5
30547026,王艺伟,3,本科,10229015,吉林大学,经济学,5
30547026,王艺伟,3,本科,10229015,吉林大学,理学,1
30547316,陶国峰,2,硕士研究生,,N/A,N/A,
30547026,王艺伟,2,硕士研究生,10143850,北京大学,经济学,5
30547576,蔡志文,2,硕士研究生,10143861,上海财经大学,统计学,1
30380790,刘心峰,2,硕士研究生,10241662,英国曼彻斯特大学,理学,1
30547696,郑诗韵,2,硕士研究生,10229103,麻省理工学院,经济学,5
30261100,程远,3,本科,10228703,北京工商大学,金融工程,5
30547771,俞天甲,3,本科,10229494,浙江大学,理学,1
30547771,俞天甲,2,硕士研究生,10385922,悉尼大学,经济学,5
30545348,黄济宽,2,硕士研究生,10412340,英国纽卡斯尔大学,金融学,5
3E+19,邱红丽,2,硕士研究生,10412340,英国纽卡斯尔大学,跨文化交流与国际管理,6
30378805,葛兰,1,博士研究生,10465968,美国西北大学,生物医学工程,7
30542317,独孤南薫,3,本科,10465968,美国西北大学,经济学,5
30382932,周文秱,1,博士研究生,10465968,美国西北大学,分子生物学,1
30378587,独孤南薰,3,本科,10465968,美国西北大学,经济学,5
30548046,向伊达,2,硕士研究生,10241649,美国密歇根大学,经济学,5
30548048,张超梁,3,本科,10224603,北京邮电大学,N/A,
30548050,杜宇,2,硕士研究生,10385464,美国纽约大学,工程,1
30548051,沈佳,2,硕士研究生,10149414,复旦大学,经济学,5
30543773,李鸥,2,硕士研究生,10238976,香港大学,工商管理学,3
30431935,何子建,2,硕士研究生,,N/A,工商管理,3
30431935,何子建,3,本科,,N/A,经济学,5
30382301,王靖,3,本科,10226888,对外经济贸易大学,经济信息管理,5
30548117,程星烨,2,硕士研究生,,N/A,N/A,
30470264,赵旭东,3,本科,10123973,中国人民大学,经济学,5
30548238,朱未一,2,硕士研究生,10123973,中国人民大学,经济学,5
30548253,苏宁,2,硕士研究生,10143850,北京大学,西方经济学,5
3E+19,李可颖,2,硕士研究生,,N/A,经济学,5
30548280,黄浩东,3,本科,10143851,清华大学,管理学,6
30548280,黄浩东,2,硕士研究生,10143851,清华大学,管理学,6
30547028,贾继承,2,硕士研究生,,N/A,经济学,5
30413483,侯杰,2,硕士研究生,,N/A,经济学,5
30383826,张略钊,2,硕士研究生,,N/A,N/A,
30431952,高群山,1,博士研究生,,N/A,经济学,5
30548498,吕沂洋,2,硕士研究生,10229546,中山大学,金融学,5
30382546,张一甫,2,硕士研究生,,N/A,N/A,
30443778,李沁,2,硕士研究生,10238976,香港大学,金融学,5
30548496,王卫林,3,本科,10143953,华中科技大学,工学,1
3E+19,雷俊,2,硕士研究生,10143850,北京大学,工学,1
3E+19,雷俊,3,本科,10143850,北京大学,理学,1
30549142,李惟愚,2,硕士研究生,10143851,清华大学,政治经济学,5
30549740,王玉,2,硕士研究生,,N/A,N/A,
3E+19,徐觅,2,硕士研究生,10149414,复旦大学,工商管理,3
30550527,李响,2,硕士研究生,10144025,中国科学技术大学,N/A,
30442544,王佳骏,2,硕士研究生,10389282,帝国理工学院,金融学,5
30394082,宋海岸,2,硕士研究生,,N/A,理学,1
3E+19,王利刚,2,硕士研究生,10143851,清华大学,工程,1
30551296,王妍,1,博士研究生,10229015,吉林大学,经济学,5
3E+19,王正,2,硕士研究生,,N/A,N/A,
30432626,何文忠,1,博士研究生,,N/A,经济学,5
30551717,傅瑶纯,2,硕士研究生,10389168,华威大学,金融与经济学,5
30551734,吴悠,1,博士研究生,,N/A,N/A,
30551731,国歌,3,本科,,N/A,N/A,
30422027,李刚,1,博士研究生,10104898,中国社科院,经济学,5
30422027,李刚,2,硕士研究生,10229379,天津大学,金融工程,5
30551733,牛永涛,1,博士研究生,,N/A,N/A,
30381736,王滨,2,硕士研究生,,N/A,管理学,6
30442928,章成,2,硕士研究生,10390536,国立清华大学,金融学,5
3E+19,陈栋,2,硕士研究生,10149414,复旦大学,卫生经济管理学,3
30553375,张大铮,2,硕士研究生,10238973,香港中文大学,工商管理,3
3E+19,刘畅畅,2,硕士研究生,,N/A,N/A,
30486116,黄钟,2,硕士研究生,,N/A,经济学,5
30554969,林翟,2,硕士研究生,10143878,厦门大学,应用经济学,5
3E+19,龙宇飞,1,博士研究生,10229531,中国科学院,理学,1
30557253,冯国生,2,硕士研究生,,N/A,N/A,
30557254,林鲁东,1,博士研究生,,N/A,N/A,
30557252,黄静,2,硕士研究生,,N/A,N/A,
30557318,张骏,3,本科,10226507,上海交通大学,金融学,5
30557317,周晨,2,硕士研究生,10143850,北京大学光华管理学院,金融学,5
30557464,刘扬,2,硕士研究生,10385759,澳大利亚麦考瑞大学,金融学,5
3E+19,刘琦,2,硕士研究生,10224607,北方交通大学,工商管理,3
30382400,赵枫,2,硕士研究生,10123973,中国人民大学,N/A,
30557518,梁凯,2,硕士研究生,10149414,复旦大学,金融工程管理,5
30557517,张浩然,2,硕士研究生,,N/A,金融,5
30557556,王可心,2,硕士研究生,,N/A,N/A,
30557557,陈博,2,硕士研究生,,N/A,N/A,
30548049,郭卉,2,硕士研究生,,N/A,经济学,5
3E+19,胡振仓,2,硕士研究生,10229449,新疆财经学院,金融学,5
3E+19,张丽娟,2,硕士研究生,,N/A,金融学,5
30557617,柳雯青,2,硕士研究生,10128393,西南财经大学,金融学,5
30557617,柳雯青,3,本科,10128393,西南财经大学,管理学,6
3E+19,邹维娜,3,本科,10123973,中国人民大学,经济学,5
30557765,张磊,2,硕士研究生,10149414,复旦大学,金融学,5
30557679,黄斐玉,2,硕士研究生,,N/A,N/A,
30435677,李彪,2,硕士研究生,,N/A,理学,1
3E+19,张燕珍,2,硕士研究生,10226888,对外经济贸易大学,经济学,5
30558659,袁作栋,2,硕士研究生,,N/A,N/A,
30558716,郭为熹,3,本科,10229041,剑桥大学,自然科学,7
30558717,Oliver Cox,3,本科,10241662,曼彻斯特大学,心理学,7
30558736,方莉,2,硕士研究生,,N/A,工商管理,3
3E+19,刘通,2,硕士研究生,10229494,浙江大学,金融学,5
30558597,李晓西,2,硕士研究生,10108695,美国杜克大学,工商管理,3
30558997,姚楠燕,2,硕士研究生,10229126,美国南加利福尼亚大学,公共政策,7
30558985,曾皓明,2,硕士研究生,,N/A,金融学,5
30559036,方晓,2,硕士研究生,,N/A,N/A,
3E+19,哈默,2,硕士研究生,10123973,中国人民大学,国民经济学,5
30559110,潘漪,2,硕士研究生,10143850,北京大学,经济学,5
30559165,王霈,2,硕士研究生,,N/A,金融学,5
3E+19,张湛,2,硕士研究生,,N/A,理学,1
30559166,于跃,2,硕士研究生,10389282,英国伦敦帝国理工大学,金融数学,5
3E+19,徐寅喆,2,硕士研究生,10149414,复旦大学,管理学,6
30559176,刘莎莎,2,硕士研究生,10226743,南京财经大学,金融学,5
3E+19,李竞,2,硕士研究生,10149414,复旦大学,经济学,5
30559276,蔡静,2,硕士研究生,,N/A,工学,1
30559398,虞娣,3,本科,10229548,中央财经大学,经济学,5
30411719,陈洁,2,硕士研究生,10149414,复旦大学,金融学,5
30559424,夏里鹏,2,硕士研究生,,N/A,N/A,
30559474,胡银玉,1,博士研究生,10143851,清华大学,化学工程与技术,1
30438417,田阳,2,硕士研究生,10238976,香港大学,金融学,5
30438417,田阳,2,硕士研究生,10143850,北京大学,管理学,6
30559707,唐煜,2,硕士研究生,10143735,南开大学,经济学,5
30545344,赵鼎龙,2,硕士研究生,,N/A,电子学,1
30559962,蔡宇飞,1,博士研究生,10143953,华中科技大学,经济学,5
3E+19,钟鸣远,2,硕士研究生,10149414,复旦大学,经济学,5
30434878,杨彦喆,3,本科,10226737,南京大学,工业工程,1
30560128,郭智,2,硕士研究生,,N/A,金融学,5
30560262,李强,2,硕士研究生,,N/A,投资分析,6
3E+19,袁建军,2,硕士研究生,,N/A,金融学,5
3E+19,常璐,2,硕士研究生,10143861,上海财经大学,会计学,4
30560297,屠环宇,2,硕士研究生,,N/A,金融,5
30380131,敬夏玺,2,硕士研究生,,N/A,经济学,5
30392787,刘爱民,2,硕士研究生,10149414,复旦大学,西方经济学,5
30560871,李天舒,3,本科,10143878,厦门大学,经济学,5
30560846,李正清,2,硕士研究生,,N/A,N/A,
30560871,李天舒,2,硕士研究生,10229546,中山大学,管理学,6
30561059,王鹏,2,硕士研究生,10108675,哥伦比亚大学,统计学,1
30543513,杨康,2,硕士研究生,,N/A,金融,5
30561290,吴弦,2,硕士研究生,10385922,悉尼大学,金融学专业商学,5
30561287,汪萍,2,硕士研究生,10143861,上海财经大学,经济学,5
30541111,吴玮,1,博士研究生,10149414,复旦大学,理学,1
30561421,李威汉,3,本科,10389152,英国赫尔大学,理学,1
30561421,李威汉,3,本科,10389152,英国赫尔大学,经济和会计学,6
30561396,赵柳燕,2,硕士研究生,10149414,复旦大学,经济学,5
30561483,Mark Davids,3,本科,10241662,曼彻斯特大学,文学,7
30561483,Mark Davids,2,硕士研究生,10229098,伦敦经济学院,理学,1
30561597,余军,1,博士研究生,10143878,厦门大学,N/A,
30559782,孙笑悦,2,硕士研究生,,N/A,N/A,
30380530,刘威,2,硕士研究生,10389168,华威大学,金融与经济,5
3E+19,庄期瑜,3,本科,,N/A,经济学,5
3E+19,庄期瑜,2,硕士研究生,,N/A,工商管理,3
3E+19,吴祖尧,2,硕士研究生,,N/A,工学,1
30253260,余芽芳,1,博士研究生,,N/A,N/A,
3E+19,桂跃强,2,硕士研究生,,N/A,财政金融学,5
30562166,陈臣,2,硕士研究生,10226507,上海交通大学,工商管理,3
30547636,刘小明,2,硕士研究生,10238973,香港中文大学,金融学,5
3E+19,李振兴,3,本科,10143869,武汉大学,计算机,1
30347118,马鹏飞,2,硕士研究生,10229494,浙江大学,N/A,
30347118,马鹏飞,3,本科,10378258,四川理工学院,N/A,
30381266,彭炜,2,硕士研究生,10226507,上海交通大学,管理科学与工程,6
30560024,孙蒙,2,硕士研究生,,N/A,理学,1
30562835,金之洁,2,硕士研究生,10389509,美国马里兰大学,金融学,5
3E+19,魏桢,2,硕士研究生,,N/A,N/A,
30347118,马鹏飞,2,硕士研究生,10229494,浙江大学,食品科学,7
30562990,郑雪莹,2,硕士研究生,10149414,复旦大学,财务学,4
30562995,车日楠,2,硕士研究生,10224607,北京交通大学,计算数学,1
30562959,曹张琪,2,硕士研究生,,N/A,N/A,
3E+19,曲华锋,2,硕士研究生,10229015,吉林大学,信用经济与管理,6
30562992,严凯,2,硕士研究生,10143850,北京大学,微电子学与固体电子学,1
30563098,张志雄,2,硕士研究生,,N/A,管理学,6
30563099,张奇,2,硕士研究生,,N/A,N/A,
30563169,饶小飞,2,硕士研究生,,N/A,N/A,
30378912,冯明远,2,硕士研究生,10229494,浙江大学,计算机科学与技术,1
30563251,杜沛,2,硕士研究生,,N/A,N/A,
30563330,黄弢,2,硕士研究生,10143851,清华大学,法学,7
30563340,叶盛,2,硕士研究生,10143861,上海财经大学,N/A,
3E+19,罗皓亮,2,硕士研究生,,N/A,经济学,5
30265580,陆丰,2,硕士研究生,10149378,东南大学,国际贸易学,5
30563468,陶毅,2,硕士研究生,,N/A,N/A,
30563470,谢越,2,硕士研究生,,N/A,N/A,
3E+19,杨翰,2,硕士研究生,,N/A,N/A,
30563574,李洁,2,硕士研究生,,N/A,经济学,5
3E+19,王维,1,博士研究生,,N/A,N/A,
30563576,熊钰,2,硕士研究生,,N/A,金融学,5
30563577,张永任,1,博士研究生,,N/A,经济学,5
30563674,陈文扬,2,硕士研究生,10143861,上海财经大学,金融学,5
3E+19,王延飞,2,硕士研究生,10149414,复旦大学,管理学,6
30563673,曾新杰,2,硕士研究生,,N/A,N/A,
3E+19,韩丽楠,2,硕士研究生,10378955,约克大学,理学,1
3E+19,杨烨超,3,本科,10149414,复旦大学,N/A,
30563245,梁溥森,2,硕士研究生,10229546,中山大学,N/A,
3E+19,郭思洁,2,硕士研究生,,N/A,N/A,
30563584,沈悦,2,硕士研究生,10386336,英国伯明翰大学,投资学,5
30563919,张序,2,硕士研究生,,N/A,N/A,
30563920,王士聪,2,硕士研究生,10385275,美国布兰迪斯大学,国际经济与金融学,5
30563913,丁士恒,2,硕士研究生,,N/A,N/A,
30564079,田元泉,2,硕士研究生,,N/A,N/A,
30409447,任慧峰,1,博士研究生,,N/A,理学,1
3E+19,赵剑,2,硕士研究生,10143851,清华大学,工学,1
30564397,张立,2,硕士研究生,,N/A,N/A,
30285952,李云鑫,2,硕士研究生,10143851,清华大学,化工,1
30564389,曹璐迪,2,硕士研究生,,N/A,N/A,
30564714,陶星言,2,硕士研究生,10385922,悉尼大学,量化金融,5
3E+19,魏晓雪,3,本科,10229494,浙江大学,金融学,5
3E+19,魏晓雪,2,硕士研究生,10149414,复旦大学,金融学,5
30436093,李洋,2,硕士研究生,10226507,上海交通大学,N/A,
3E+19,张晓南,2,硕士研究生,,N/A,经济学,5
30414873,王喆,2,硕士研究生,,N/A,经济学,5
30434878,杨彦喆,2,硕士研究生,10386336,伯明翰大学,金融工程,5
30431861,胡中原,2,硕士研究生,,N/A,工程,1
30562452,韩笑,2,硕士研究生,,N/A,统计学,1
30562452,韩笑,2,硕士研究生,,N/A,金融工程,5
30564835,王占海,1,博士研究生,,N/A,N/A,
30381624,孙亚超,1,博士研究生,10386639,巴黎第十一大学,经济学,5
30381624,孙亚超,1,博士研究生,10229412,武汉理工大学,经济学,5
30564908,张洋,2,硕士研究生,,N/A,N/A,
30564916,徐静远,2,硕士研究生,10236260,康奈尔大学,N/A,
30260891,王晓辉,2,硕士研究生,10149381,华南理工大学,国民经济,5
30565046,王凯,3,本科,10226510,同济大学,工学,1
30565046,王凯,2,硕士研究生,10149414,复旦大学,经济学,5
3E+19,张延闽,2,硕士研究生,10228933,哈尔滨工业大学,控制科学与工程,1
30565449,徐珊,2,硕士研究生,,N/A,N/A,
30382540,周加文,3,本科,10149414,复旦大学,电子信息科学与技术,1
30382540,周加文,2,硕士研究生,10385275,布兰迪斯大学,国际经济与金融,5
30565588,纪君凯,2,硕士研究生,10143861,上海财经大学,统计学,1
3E+19,邓子威,2,硕士研究生,,N/A,经济学,5
3E+19,顾鑫峰,2,硕士研究生,,N/A,理学,1
3E+19,周桓,3,本科,,N/A,管理学,6
30565690,张磊,2,硕士研究生,10143851,清华大学,工商管理,3
30565810,谭飞,1,博士研究生,10229443,香港理工大学,健康技术与信息科学,1
30565768,闫雯雯,2,硕士研究生,,N/A,管理学,6
3E+19,吴昊,2,硕士研究生,,N/A,N/A,
30566072,何民基,3,本科,10238976,香港大学,管理学,6
30566073,苏俊祺,3,本科,10385740,新西兰奥克兰大学,商学,5
30566073,苏俊祺,2,硕士研究生,10241632,澳大利亚新南威尔士大学,商学,5
3E+19,虞淼,2,硕士研究生,,N/A,理学,1
30540271,韩文强,1,博士研究生,,N/A,管理学,6
30566781,郭盈,1,博士研究生,,N/A,理学,1
3E+19,蒋俊阳,2,硕士研究生,,N/A,N/A,
30567088,李俊江,2,硕士研究生,,N/A,经济学,5
30440115,季参平,2,硕士研究生,10241649,美国密歇根大学,金融工程,5
30440115,季参平,3,本科,10226888,对外经济贸易大学,经济学,5
30243237,周小波,2,硕士研究生,,N/A,N/A,
3E+19,崔书田,3,本科,10226507,上海交通大学,工学,1
3E+19,崔书田,2,硕士研究生,10226507,上海交通大学,管理学,6
3E+19,崔书田,3,本科,10226507,上海交通大学,理学,1
3E+19,魏卓,1,博士研究生,,N/A,N/A,
30555516,林唐宇,2,硕士研究生,,N/A,理学,1
30567570,夏金涛,2,硕士研究生,10226507,上海交通大学,应用统计,1
3E+19,陆从珍,2,硕士研究生,10149414,复旦大学,经济学,5
30560119,张望,2,硕士研究生,10143851,清华大学,理学,1
30567669,孙海龙,2,硕士研究生,,N/A,N/A,
3E+19,王阡,2,硕士研究生,,N/A,投资管理,6
30559216,藏海涛,2,硕士研究生,,N/A,经济学,5
30382885,金宏伟,2,硕士研究生,10143851,清华大学,材料科学与工程,1
30567874,胡智磊,2,硕士研究生,,N/A,N/A,
3E+19,席行懿,2,硕士研究生,,N/A,工商管理,3
3E+19,呼荣权,2,硕士研究生,,N/A,N/A,
30567928,刘田,2,硕士研究生,,N/A,N/A,
30429699,何江波,2,硕士研究生,,N/A,经济学,5
30410760,楼慧源,3,本科,10229494,浙江大学,应用生物科学,7
30568069,徐华婧,3,本科,,N/A,N/A,
3E+19,杨帅,2,硕士研究生,10123973,中国人民大学,金融学,5
3E+19,李秋实,3,本科,,N/A,N/A,
30543994,孙欣炎,2,硕士研究生,10224597,华东理工大学,工学,1
30302742,石炯,2,硕士研究生,10229034,暨南大学,金融学,5
30568152,陈衍鹏,2,硕士研究生,,N/A,N/A,
30568154,高喆,2,硕士研究生,,N/A,N/A,
30568155,鲁衡军,3,本科,10229555,重庆大学,工学,1
30568155,鲁衡军,2,硕士研究生,10229302,深圳大学,金融学,5
30568156,刘婧,2,硕士研究生,10143850,北京大学,工程,1
30407242,于文婷,2,硕士研究生,,N/A,管理学,6
30244925,王丝语,2,硕士研究生,,N/A,N/A,
3E+19,陈星,2,硕士研究生,10143861,上海财经大学,国民经济学,5
30331264,梁静静,2,硕士研究生,10143850,北京大学,药物化学,7
3E+19,魏建,3,本科,10143735,南开大学,经济学,5
3E+19,魏建,3,本科,10229379,天津大学,管理学,6
3E+19,魏建,2,硕士研究生,10143735,南开大学,经济学,5
30383024,祝鸿玲,1,博士研究生,,N/A,政府经济学,5
3E+19,徐远航,2,硕士研究生,,N/A,N/A,
30568438,彭震威,2,硕士研究生,,N/A,N/A,
3E+19,章锦涛,2,硕士研究生,,N/A,N/A,
30568530,陈宝枝,2,硕士研究生,10210693,澳洲国立大学,经济,5
30568530,陈宝枝,1,博士研究生,10238976,香港大学,教育,7
30568530,陈宝枝,3,本科,10495904,澳洲新南韦尔斯大学,商业,5
30568531,梅立中,3,本科,10386601,多伦多大学,理学,1
30568531,梅立中,2,硕士研究生,10388184,渥太华大学,工商管理,3
30568530,陈宝枝,2,硕士研究生,10495903,澳洲Macquarie University,应用财务,4
30568530,陈宝枝,2,硕士研究生,10495903,澳洲Macquarie University,商业研究,7
30415195,丁锐,2,硕士研究生,10229160,牛津大学,理学,1
30415891,张晓圆,2,硕士研究生,10229377,天津财经大学,N/A,
30243320,王明旭,2,硕士研究生,,N/A,经济学,5
30382870,张棪,2,硕士研究生,10128393,西南财经大学,经济学,5
30568802,武媚,3,本科,10143850,北京大学,理学,1
30568802,武媚,3,本科,10143850,北京大学,经济学,5
30568802,武媚,2,硕士研究生,10143850,北京大学,金融学,5
3E+19,俞卿卿,2,硕士研究生,,N/A,N/A,
30541528,陈鹄飞,1,博士研究生,,N/A,金融学,5
30568990,杨坚丽,2,硕士研究生,10123973,中国人民大学,统计学,1
30568989,李禄俊,3,本科,10143850,北京大学,金融数学,5
30568988,李聚华,2,硕士研究生,,N/A,统计学,1
3E+19,匡伟,2,硕士研究生,10228720,北京理工大学,N/A,
30568992,杜浩然,2,硕士研究生,10149414,复旦大学,金融,5
3E+19,张晓亮,2,硕士研究生,10143850,北京大学,经济学,5
30568989,李禄俊,1,博士研究生,10143850,北京大学,金融数学,5
30568993,罗昊,2,硕士研究生,10229548,中央财经大学,经济学,5
3E+19,张宇帆,2,硕士研究生,,N/A,N/A,
30569054,孟夏,2,硕士研究生,,N/A,N/A,
30569055,崔宸龙,1,博士研究生,10229146,新加坡南洋理工大学,材料科学与工程,1
30409570,何昕,2,硕士研究生,10123973,中国人民大学,经济学,5
3E+19,李坤元,2,硕士研究生,10143735,南开大学,金融学,5
3E+19,王赟杰,1,博士研究生,,N/A,N/A,
30434678,史延,2,硕士研究生,10224600,北京航空航天大学,金融学,5
30569070,李飞,2,硕士研究生,10496169,法国北方高等商学院,理学,1
30569071,韩庆,2,硕士研究生,10143953,华中科技大学,管理学,6
3E+19,姚卫巍,2,硕士研究生,10226507,上海交通大学,管理科学与工程,6
3E+19,于洋,1,博士研究生,10229531,中国科学院,环境科学,7
30568150,陈莹,2,硕士研究生,,N/A,工学,1
30569448,周帅,2,硕士研究生,10143735,南开大学,金融学,5
3E+19,麻旭东,2,硕士研究生,10385749,美国亚利桑那大学,农业与资源经济学,5
30486087,王海明,2,硕士研究生,10143861,上海财经大学,经济学,5
30378267,单文,2,硕士研究生,,N/A,N/A,
30440549,赵楠楠,3,本科,10229377,天津财经大学,管理学,6
30412019,黄惠宇,1,博士研究生,,N/A,N/A,
30569546,刘昊,2,硕士研究生,10229548,中央财经大学,财政学,5
30440549,赵楠楠,2,硕士研究生,10123973,中国人民大学,经济学,5
3E+19,钟帅,2,硕士研究生,,N/A,N/A,
30569920,周颖辉,2,硕士研究生,,N/A,N/A,
30382870,张棪,3,本科,10389464,淮南师范学院,经济学,5
30261735,郭思捷,2,硕士研究生,,N/A,N/A,
3E+19,刘婷,2,硕士研究生,,N/A,N/A,
30570040,陈涛,2,硕士研究生,,N/A,N/A,
30570045,雷杨娟,2,硕士研究生,10143851,清华大学,工商管理,3
3E+19,刘田,2,硕士研究生,10123973,中国人民大学,政治经济学,5
30570358,张蕙显,2,硕士研究生,,N/A,N/A,
3E+19,李晓博,2,硕士研究生,,N/A,经济学,5
3E+19,张明,2,硕士研究生,,N/A,N/A,
3E+19,曾豪,2,硕士研究生,,N/A,N/A,
30570644,宋青涛,2,硕士研究生,,N/A,金融学,5
30565489,高延龙,2,硕士研究生,10385869,墨尔本大学,金融学,5
30570807,忻佳华,3,本科,10226507,上海交通大学,机械工程及自动化,1
30570807,忻佳华,3,本科,10226507,上海交通大学,国际经济与贸易,5
3E+19,栾峰,2,硕士研究生,,N/A,N/A,
30570870,王宇超,2,硕士研究生,,N/A,N/A,
3E+19,陈甄璞,2,硕士研究生,,N/A,工商管理,3
3E+19,丁琳,2,硕士研究生,10143878,厦门大学,国际金融,5
30571145,万方方,4,MBA/EMBA,,N/A,MBA,2
3E+19,王泽实,2,硕士研究生,,N/A,生物学,7
30563486,刘诣博,2,硕士研究生,10233408,英国拉夫堡大学,数学,1
3E+19,张华恩,2,硕士研究生,,N/A,经济学,5
30571318,麦静,2,硕士研究生,,N/A,N/A,
30571439,王深,2,硕士研究生,,N/A,N/A,
30571440,张蕴文,2,硕士研究生,,N/A,N/A,
30571442,刘金辉,2,硕士研究生,10143851,清华大学,金融,5
30571448,武丹,2,硕士研究生,10143850,北京大学,金融学,5
30571558,张慕禹,2,硕士研究生,,N/A,N/A,
3E+19,尤之奇,2,硕士研究生,10143861,上海财经大学,金融学,5
30571664,张子乔,2,硕士研究生,10389282,英国帝国理工学院,金融学,5
30541529,范锐,2,硕士研究生,,N/A,金融学,5
30571884,黄佳祥,1,博士研究生,10143878,厦门大学,经济学,5
3E+19,雷嘉源,2,硕士研究生,10143850,北京大学,金融学,5
3E+19,李会忠,2,硕士研究生,10143851,清华大学,经济学,5
30432656,周梦婕,2,硕士研究生,10224613,华东师范大学,计算机软件与理论,1
30430404,王萍莉,2,硕士研究生,10226507,上海交通大学,金融学,5
30572166,黄友文,2,硕士研究生,,N/A,N/A,
30563748,邓敬东,2,硕士研究生,,N/A,金融学,5
30569921,董辰,2,硕士研究生,10226532,上海理工大学,金融学,5
30572458,邱紫华,1,博士研究生,10143878,厦门大学,应用经济学,5
30572459,陈荔,2,硕士研究生,10389495,美国罗彻斯特大学,金融学,5
30572478,周思越,2,硕士研究生,10144042,新加坡国立大学,经济学,5
30572874,蒋佳霖,2,硕士研究生,10143869,武汉大学,会计学,4
30572873,吴一纯,N/A,,10143850,北京大学光华管理学院,N/A,
30572744,汪坤,2,硕士研究生,,N/A,金融学,5
30572743,柳黎,2,硕士研究生,,N/A,理学,1
3E+19,叶佳,2,硕士研究生,,N/A,N/A,
30573012,赵年珅,2,硕士研究生,,N/A,N/A,
30565448,梁跃军,2,硕士研究生,10143850,北京大学,经济学,5
30573209,张伟锋,2,硕士研究生,,N/A,N/A,
3E+19,张锋,2,硕士研究生,10149414,复旦大学,经济学,5
3E+19,陆怡雯,2,硕士研究生,,N/A,N/A,
30573428,邹强,3,本科,10229187,山东大学,数学,1
30573428,邹强,2,硕士研究生,10149414,复旦大学,金融学,5
3E+19,杨定光,2,硕士研究生,,N/A,经济学,5
3E+19,王成,2,硕士研究生,,N/A,经济学,5
30573632,马芳,2,硕士研究生,10123973,中国人民大学,工商管理,3
30573593,刘源,2,硕士研究生,10454423,伦敦大学皇家霍洛威学院,金融学,5
30573593,刘源,3,本科,10229186,山东财经大学,经济学,5
30574144,张士扬,1,博士研究生,,N/A,N/A,
30395535,华李成,2,硕士研究生,10226536,上海社会科学院,经济学,5
3E+19,钟伟,1,博士研究生,10149414,复旦大学,数学,1
30574325,张贺章,2,硕士研究生,10238815,桂林电子科技大学,管理学,6
30574310,孙悦,2,硕士研究生,10143850,北京大学,金融学,5
3E+19,辛晨晨,2,硕士研究生,10143851,清华大学,N/A,
30574462,江文军,2,硕士研究生,10143861,上海财经大学,N/A,
30573784,丁尧,2,硕士研究生,10386336,英国伯明翰大学,N/A,
30569924,张庆昌,1,博士研究生,,N/A,世界经济,5
30567447,张寓,2,硕士研究生,,N/A,金融学,5
30574691,王璠,2,硕士研究生,10241662,英国曼彻斯特大学,理学,1
30574694,张艺敏,2,硕士研究生,,N/A,N/A,
30567721,邱延冰,1,博士研究生,,N/A,经济学,5
30567572,杜钧天,3,本科,10228703,北京工商大学,N/A,
30434679,武志骁,2,硕士研究生,,N/A,理学,1
30574824,陈方雷,2,硕士研究生,,N/A,N/A,
30575198,王菀宜,2,硕士研究生,,N/A,N/A,
30575220,许拓,2,硕士研究生,,N/A,管理学,6
3E+19,方圆,3,本科,10143850,北京大学,数学与应用数学,1
3E+19,方圆,2,硕士研究生,10143850,北京大学,数学与应用数学,1
30575618,程可,3,本科,10143869,武汉大学,护理学,7
30575618,程可,2,硕士研究生,10143869,武汉大学,世界经济学,5
30575643,邢秋羽,2,硕士研究生,,N/A,金融学,5
30567670,杨艳林,2,硕士研究生,,N/A,经济学,5
30558377,邵洁,2,硕士研究生,10241651,杜兰大学,金融学,5
3E+19,王超伟,2,硕士研究生,10229494,浙江大学,统计学,1
3E+19,王超伟,3,本科,10229494,浙江大学,应用数学,1
30432765,方龙,2,硕士研究生,10104898,中国社会科学院,经济学,5
30576007,徐玉良,2,硕士研究生,10386497,德克萨斯农工大学,统计学,1
30378992,冯烜,2,硕士研究生,10386601,加拿大多伦多大学,MBA,2
30575979,张昆,2,硕士研究生,10143851,清华大学,金融学,5
3E+19,胡松,2,硕士研究生,,N/A,N/A,
30545044,吴逸,2,硕士研究生,10143861,上海财经大学,金融数学与金融工程,5
30576058,杨旭,2,硕士研究生,10229098,伦敦政治经济学院,N/A,
30576307,李长桥,2,硕士研究生,10229103,美国麻省理工学院,工学,1
30568952,尹航,2,硕士研究生,10149414,复旦大学,金融学,5
3E+19,崔建波,3,本科,10229379,天津大学,工学,1
30563471,笪篁,2,硕士研究生,10229122,美国明尼苏达大学双城分校,金融数学,5
30576408,李淑彦,2,硕士研究生,10143850,北京大学,金融学,5
30571297,毕凯,3,本科,10241637,澳门科技大学,N/A,
30571297,毕凯,2,硕士研究生,10241637,澳门科技大学,会计学,4
30383019,朱小明,2,硕士研究生,10143850,北京大学,金融数学,5
30441826,曾健飞,2,硕士研究生,10390169,密歇根州立大学,数学,1
30576660,申峰旗,2,硕士研究生,10108599,普林斯顿大学,金融学,5
30396178,许文星,2,硕士研究生,10226507,上海交通大学,计算机科学与技术,1
3E+19,宋倩倩,2,硕士研究生,,N/A,工商管理,3
30576722,葛飞,2,硕士研究生,10143850,北京大学,经济学,5
3E+19,赖礼辉,2,硕士研究生,,N/A,N/A,
30568687,郎骋成,2,硕士研究生,10226737,南京大学,工业工程,1
30576931,张世略,2,硕士研究生,,N/A,N/A,
3E+19,陈军,2,硕士研究生,10226507,上海交通大学,工商管理,3
3E+19,陈军,2,硕士研究生,10357438,美国伊利诺伊大学,金融学,5
3E+19,夏祥全,2,硕士研究生,,N/A,N/A,
30383018,朱锐,3,本科,10229494,浙江大学,经济学,5
30383018,朱锐,2,硕士研究生,10143850,北京大学,金融学,5
30381045,刘重晋,1,博士研究生,10143850,北京大学,理学,1
30577136,王立芹,2,硕士研究生,,N/A,N/A,
3E+19,杨凡,2,硕士研究生,10143851,清华大学,工学,1
30577312,高鹏飞,2,硕士研究生,,N/A,N/A,
3E+19,余丽旋,3,本科,10123973,中国人民大学,管理学,6
30571883,邢恭海,3,本科,,N/A,经济学,5
30382533,杨超,2,硕士研究生,10505893,英国南威尔士大学,数学与金融计算,5
30577615,张文,2,硕士研究生,,N/A,N/A,
3E+19,耿帅军,2,硕士研究生,,N/A,理学,1
30577626,薛一品,3,本科,10149414,复旦大学,理论与应用力学,1
30577626,薛一品,2,硕士研究生,10394651,美国北卡州立大学,金融数学,5
30577629,孟巍,3,本科,10149414,复旦大学,微电子学,1
30577629,孟巍,2,硕士研究生,10149414,复旦大学,集成电路工程,1
30577625,胡淼,2,硕士研究生,10229522,芝加哥大学,金融数学,5
3E+19,汪志健,1,博士研究生,,N/A,工学,1
3E+19,樊艳,3,本科,10226888,中国金融学院,保险,7
3E+19,樊艳,2,硕士研究生,10144025,中国科学技术大学,工商管理,3
30560918,王海涛,2,硕士研究生,10228729,北京师范大学,经济学,5
30577698,陈曦,2,硕士研究生,10123973,中国人民大学,N/A,
30577700,吴鹏,2,硕士研究生,10226507,上海交通大学,N/A,
30323805,李喆,2,硕士研究生,,N/A,N/A,
30577701,周庆,2,硕士研究生,10149414,复旦大学,工商管理,3
3E+19,陈曙亮,2,硕士研究生,10149414,复旦大学,N/A,
30577845,刘璇子,2,硕士研究生,,N/A,N/A,
3E+19,王志飞,3,本科,,N/A,管理学,6
30577844,赵岩,3,本科,10224597,华东理工大学,经济学,5
30577839,邹慧,2,硕士研究生,10149414,复旦大学,金融学,5
30577922,李华建,2,硕士研究生,,N/A,N/A,
3E+19,张昌平,2,硕士研究生,10149414,复旦大学,金融学,5
3E+19,赵易,2,硕士研究生,10143850,北京大学,N/A,
30563088,宁霄,2,硕士研究生,10123973,中国人民大学,金融工程,5
30378787,何奇,2,硕士研究生,10143869,武汉大学,财政学,5
30578198,朱丹,2,硕士研究生,,N/A,N/A,
30443607,范庭芳,2,硕士研究生,10149414,复旦大学,工学,1
30325916,赵国进,2,硕士研究生,10143735,南开大学,精算学,5
30578318,石霄蒙,2,硕士研究生,10224607,北京交通大学,金融学,5
30578327,李朝昱,3,本科,10226737,南京大学,数学,1
30578327,李朝昱,2,硕士研究生,10233369,美国乔治华盛顿大学,统计学,1
3E+19,钱文成,2,硕士研究生,10143735,南开大学,遗传学,7
30378200,陈颖,3,本科,10143850,北京大学,N/A,
30578438,张雪韬,2,硕士研究生,,N/A,理学,1
30578470,汤祺,2,硕士研究生,10226507,上海交通大学,金融学,5
30578681,何媛,2,硕士研究生,10144042,新加坡国立大学,应用经济学,5
30578686,杨鑫桐,2,硕士研究生,10445701,萨塞克斯大学,国际会计与公司治理,5
3E+19,吴远怡,2,硕士研究生,,N/A,理学,1
30543517,李茜,2,硕士研究生,10229098,伦敦政治经济学院,金融数学,5
30579479,许佳,3,本科,,N/A,N/A,
3E+19,黄兴,1,博士研究生,,N/A,N/A,
3E+19,史伟,2,硕士研究生,,N/A,理学,1
30579767,刘瀚驰,2,硕士研究生,,N/A,N/A,
30360772,朱征星,2,硕士研究生,,N/A,N/A,
30579766,陈金伟,2,硕士研究生,10143850,北京大学,金融学,5
30549737,孙浩中,2,硕士研究生,,N/A,经济学,5
30579905,王哲,2,硕士研究生,10143851,清华大学,工商管理,3
30579905,王哲,2,硕士研究生,10123973,中国人民大学,经济学,5
30438665,董季周,2,硕士研究生,10149414,复旦大学,金融学,5
3E+19,徐慕浩,2,硕士研究生,10143735,南开大学,金融学,5
3E+19,蒋丽丝,2,硕士研究生,10226507,上海交通大学,管理科学与工程,6
30581223,张文洁,2,硕士研究生,,N/A,经济学,5
3E+19,韩哲昊,2,硕士研究生,10143861,上海财经大学,统计学,1
3E+19,袁素,3,本科,10149414,复旦大学,经济学,5
3E+19,罗伟卿,1,博士研究生,,N/A,N/A,
30581386,姚海明,2,硕士研究生,,N/A,会计学,4
30581683,张建胜,4,MBA/EMBA,,N/A,MBA,2
30581684,高凯,2,硕士研究生,,N/A,经济学,5
30390317,高楠,2,硕士研究生,10238976,香港大学,金融学,5
30390317,高楠,2,硕士研究生,10143850,北京大学,经济学,5
30581940,卢珊,1,博士研究生,,N/A,N/A,
30581942,杨富麟,2,硕士研究生,10224597,华东理工大学,区域经济学,5
30581943,胡攸乔,1,博士研究生,10229532,中国科学院大学,细胞生物学,7
30570370,石晓冉,2,硕士研究生,10228729,北京师范大学,统计学,1
3E+19,高义,1,博士研究生,10143850,北京大学,经济学,5
3E+19,史伟,4,MBA/EMBA,,N/A,EMBA,2
30420445,吴越,2,硕士研究生,,N/A,N/A,
30582722,孔令兵,2,硕士研究生,,N/A,N/A,
30582718,曹巍浩,3,本科,,N/A,N/A,
30582679,骆尖,2,硕士研究生,10149414,复旦大学,财务管理,3
3E+19,王丹,2,硕士研究生,,N/A,金融学,5
30583059,余欢,3,本科,10143953,华中科技大学,工学,1
30583059,余欢,1,博士研究生,10143851,清华大学,工学,1
30583059,余欢,3,本科,10143850,北京大学,经济学,5
30583296,康芳华,2,硕士研究生,10224613,华东师范大学,金融学,5
30430815,贾腾,2,硕士研究生,10149414,复旦大学,国际商务,3
30434456,萧嘉倩,3,本科,10229546,中山大学,"数学,会计",1
30584308,王贵君,2,硕士研究生,,N/A,N/A,
3E+19,胡伟,3,本科,10149380,中南财经政法大学,经济学、金融学,5
3E+19,罗英宇,2,硕士研究生,,N/A,管理学,6
3E+19,马生华,2,硕士研究生,,N/A,N/A,
30584989,刘文成,2,硕士研究生,,N/A,经济学,5
30292021,池陈森,2,硕士研究生,,N/A,经济学,5
30585348,朱恒红,2,硕士研究生,10143850,北京大学,经济学,5
30585741,王卫,2,硕士研究生,,N/A,N/A,
30586271,翟森,2,硕士研究生,10143850,北京大学,计算机应用技术,1
30586260,童宇,2,硕士研究生,,N/A,N/A,
30586282,秦闻,2,硕士研究生,10149414,复旦大学,金融学,5
3E+19,王鑫,2,硕士研究生,10143850,北京大学,N/A,
30586219,柳预才,2,硕士研究生,10143861,上海财经大学,数量金融学,5
30586268,李迪光,2,硕士研究生,,N/A,N/A,
30586265,李迪,2,硕士研究生,,N/A,N/A,
30586214,李德清,2,硕士研究生,10226737,南京大学,金融学,5
3E+19,丁天宇,2,硕士研究生,,N/A,N/A,
30586253,冯帆,2,硕士研究生,,N/A,N/A,
30586434,张放,2,硕士研究生,,N/A,N/A,
30583289,吕智卓,2,硕士研究生,,N/A,金融学,5
3E+19,许望伟,2,硕士研究生,10149414,复旦大学,经济学,5
30586653,程放,2,硕士研究生,10143850,北京大学,金融学,5
30586706,王宇,2,硕士研究生,10143735,南开大学,金融学,5
30586635,李昂,2,硕士研究生,,N/A,N/A,
30586657,朱昊,2,硕士研究生,10149414,复旦大学,公共管理,6
30586705,操昭煦,2,硕士研究生,,N/A,N/A,
3E+19,王颖,2,硕士研究生,,N/A,N/A,
30587017,张诗悦,2,硕士研究生,10143878,厦门大学,经济学,5
30587018,廖欢欢,2,硕士研究生,10228933,哈尔滨工业大学,机械电子工程,1
3E+19,常逍遥,2,硕士研究生,,N/A,N/A,
30587034,周诗博,2,硕士研究生,10143851,清华大学,工学,1
30587034,周诗博,2,硕士研究生,10143851,清华大学,经济学,5
30587018,廖欢欢,4,MBA/EMBA,10143853,中欧国际工商学院,MBA/EMBA,2
30587265,武磊,2,硕士研究生,,N/A,工商管理,3
30587537,许智程,2,硕士研究生,10389282,英国帝国理工学院,金融学,5
3E+19,蔡国亮,2,硕士研究生,,N/A,N/A,
30587403,李沐阳,2,硕士研究生,10108675,哥伦比亚大学,应用统计学,1
3E+19,胡迪,2,硕士研究生,10108675,哥伦比亚大学,金融工程,5
30587742,王晓明,2,硕士研究生,10149414,复旦大学,金融学,5
30587740,李继民,1,博士研究生,10143850,北京大学,经济学,5
30590083,彭逸升,3,本科,10386601,多伦多大学,理学,1
30590084,何少燕,3,本科,10389168,华威大学,理学,1
30590087,Aisa Ogoshi,3,本科,10386170,庆应义塾大学,文学,7
30590086,Robert Lloyd,3,本科,10390146,美国蒙大拿大学,文学,7
3E+19,荆树光,2,硕士研究生,10229548,中央财经大学,N/A,
30560916,张丁,2,硕士研究生,,N/A,经济学,5
30590580,应超,3,本科,10229494,浙江大学,金融学,5
30573767,宋钊贤,2,硕士研究生,,N/A,理学,1
3E+19,季新星,2,硕士研究生,,N/A,经济学,5
30590983,陈红,2,硕士研究生,,N/A,金融学,5
30590944,李哲通,2,硕士研究生,,N/A,N/A,
30591065,宫健,2,硕士研究生,,N/A,经济学,5
30590876,区德成,2,硕士研究生,,N/A,理学,1
30591371,王晨宇,2,硕士研究生,10123973,中国人民大学,金融学,5
30591375,廖帅,2,硕士研究生,10143850,北京大学,经济学,5
30591398,尹菁华,2,硕士研究生,10143850,北京大学,软件工程,1
3E+19,孔典熠,2,硕士研究生,10233376,加州大学洛杉矶分校,金融工程,5
30378681,顾晓飞,2,硕士研究生,,N/A,工商管理,3
30593382,李争争,1,博士研究生,,N/A,管理学,6
30593129,张千洋,2,硕士研究生,,N/A,理学,1
3E+19,宋加旺,2,硕士研究生,10229379,天津大学,技术经济,5
3E+19,宋加旺,2,硕士研究生,10229379,天津大学,管理,6
30593124,周舒展,2,硕士研究生,,N/A,N/A,
3E+19,吴冉劼,2,硕士研究生,10143878,厦门大学,财务学,4
3E+19,赵世宏,2,硕士研究生,10143850,北京大学,经济学,5
30593600,胡永杰,2,硕士研究生,10143851,清华大学,电子,7
30593601,熊昱洲,2,硕士研究生,,N/A,N/A,
3E+19,李仆,2,硕士研究生,,N/A,N/A,
30593891,王磊,1,博士研究生,10123973,中国人民大学,国民经济管理,6
30593894,王磊,2,硕士研究生,,N/A,N/A,
30593910,张琦,2,硕士研究生,10394887,英国里丁大学,投资银行,5
30378998,蒋佳良,2,硕士研究生,10386461,德国法兰克福大学,企业管理学,3
3E+19,徐小勇,2,硕士研究生,,N/A,工商管理,3
3E+19,赵世宏,2,硕士研究生,10143850,北京大学,金融学,5
30592785,张翔,2,硕士研究生,10226737,南京大学,经济学,5
3E+19,袁争光,2,硕士研究生,,N/A,经济学,5
3E+19,张鸿羽,2,硕士研究生,10143861,上海财经大学,经济学,5
30381797,茹奕菡,3,本科,10229548,中央财经大学,N/A,
3E+19,高宇,2,硕士研究生,10143878,厦门大学,投资学,5
3E+19,李杰,3,本科,10143869,武汉大学,理学,1
3E+19,邓栋,2,硕士研究生,10143851,清华大学,土木工程,1
3E+19,栾江伟,2,硕士研究生,10233358,北京协和医学院,药物分析学,7
30594490,赵楠,3,本科,10229187,山东大学,金融数学与金融工程,5
3E+19,王浩冰,2,硕士研究生,10131627,华盛顿大学,N/A,
30594491,沈犁,4,MBA/EMBA,10226507,上海交通大学,金融工商管理,5
3E+19,李涛,3,本科,10224604,首都经济贸易大学,金融,5
30594876,王骊鹏,2,硕士研究生,,N/A,N/A,
3E+19,齐宁,2,硕士研究生,,N/A,N/A,
30595126,林博鸿,2,硕士研究生,,N/A,N/A,
30595179,张安格,2,硕士研究生,,N/A,N/A,
30595044,何世宁,3,本科,10394665,布朗大学,生物学理学,1
30595044,何世宁,3,本科,10394665,布朗大学,经济学文学,5
30595045,Ruben Lienhard,4,MBA/EMBA,10229522,芝加哥大学,经济学文学,5
30595047,Jeffrey Roskell,2,硕士研究生,10229041,剑桥大学,经济文学,5
30595045,Ruben Lienhard,4,MBA/EMBA,10385988,欧洲工商管理学院,工商管理学,3
30595581,黄潜轶,2,硕士研究生,,N/A,N/A,
3E+19,江映德,2,硕士研究生,,N/A,N/A,
30595565,张湘龙,2,硕士研究生,10143850,北京大学,经济学,5
30595941,胡雪骥,2,硕士研究生,,N/A,N/A,
30585350,彭玮,2,硕士研究生,,N/A,金融,5
30596486,陈旭,2,硕士研究生,10143861,上海财经大学,企业管理,3
30597003,黄岳,2,硕士研究生,,N/A,N/A,
30597065,邹寅隆,2,硕士研究生,10143851,清华大学,计算机科学与技术,1
30597037,何智豪,2,硕士研究生,10149414,复旦大学,应用数学,1
30266125,武建刚,2,硕士研究生,,N/A,N/A,
3E+19,邓炯鹏,3,本科,10228859,广东商学院,金融学,5
3E+19,刘伟伟,2,硕士研究生,,N/A,N/A,
30294567,文仲阳,2,硕士研究生,,N/A,理学,1
30597764,陈卫国,2,硕士研究生,,N/A,经济学,5
3E+19,刘维华,2,硕士研究生,10143878,厦门大学,世界经济学,5
30378464,沈明辉,2,硕士研究生,,N/A,管理学,6
30598398,章俊,2,硕士研究生,10226529,上海海事大学,国际贸易学,5
3E+19,金兴健,2,硕士研究生,10224613,华东师范大学,金融,5
30599209,董俊玲,2,硕士研究生,10226510,同济大学,金融,5
3E+19,罗文波,1,博士研究生,10224613,华东师范大学,经济学,5
30599208,张玓,2,硕士研究生,10386336,英国伯明翰大学,经济学,5
30599191,关键,2,硕士研究生,10229548,中央财经大学,N/A,
3E+19,蔡志鹏,1,博士研究生,10143850,北京大学,物理化学,1
30599507,田光远,2,硕士研究生,,N/A,N/A,
30599500,甘源,2,硕士研究生,10143851,清华大学,金融,5
30599498,梦圆,2,硕士研究生,,N/A,N/A,
3E+19,朱熠,2,硕士研究生,,N/A,N/A,
3E+19,朱蓓,1,博士研究生,10143861,上海财经大学,经济学,5
30599780,苏天醒,2,硕士研究生,,N/A,N/A,
3E+19,王超,1,博士研究生,,N/A,N/A,
30599782,陈蒙,2,硕士研究生,10143850,北京大学,微电子学与固体电子学,1
30599781,高鑫,2,硕士研究生,,N/A,N/A,
30599779,王先伟,2,硕士研究生,10226507,上海交通大学,N/A,
30558378,陈保国,2,硕士研究生,10226532,上海理工大学,系统理论,1
30577135,王侃,2,硕士研究生,10395127,帕德博恩大学,经济学,5
30558378,陈保国,2,硕士研究生,10143861,上海财经大学,金融学,5
3E+19,邬炜,2,硕士研究生,10143861,上海财经大学,数量经济学,5
30440550,陈鹏辉,2,硕士研究生,10143850,北京大学,经济学,5
30599949,李少君,1,博士研究生,10123973,中国人民大学,N/A,
30599945,高琛,2,硕士研究生,10224597,华东理工大学,工商管理,3
30599947,朱振坤,1,博士研究生,10143851,清华大学经济管理学院,管理学,6
30578037,陈健宾,2,硕士研究生,,N/A,金融学,5
30435957,胡启聪,2,硕士研究生,10238981,香港科技大学,社会科学,7
30599980,尹海影,2,硕士研究生,10229103,麻省理工大学,金融学,5
3E+19,熊哲颖,2,硕士研究生,,N/A,N/A,
30600061,赵伟捷,1,博士研究生,10229546,中山大学,财务与投资管理,4
30590580,应超,2,硕士研究生,10229494,浙江大学,经济学,5
30600097,李正一,2,硕士研究生,10229115,伊利诺伊理工大学,N/A,
30563579,杨珂,2,硕士研究生,10238976,香港大学,金融学,5
30600139,吴秋松,2,硕士研究生,10149414,复旦大学,管理学,6
30600139,吴秋松,3,本科,10228933,哈尔滨工业大学,工学,1
3E+19,赵楠,2,硕士研究生,10143861,上海财经大学,西方经济学,5
30600238,厉卓然,2,硕士研究生,,N/A,N/A,
3E+19,姚艺,2,硕士研究生,10143735,南开大学,情报学,7
30600262,陈皓,1,博士研究生,10465407,意大利威尼斯东方大学,经济与组织,5
3E+19,孙绍冰,2,硕士研究生,10143861,上海财经大学,金融学,5
30581383,孔宪政,3,本科,10123973,中国人民大学,N/A,
30581383,孔宪政,1,博士研究生,10236260,康奈尔大学,N/A,
30600459,谭弘翔,2,硕士研究生,10357438,伊利诺伊大学厄巴纳-香槟分校,金融工程,5
30600500,靳晓龙,3,本科,10143850,北京大学,金融学,5
30600500,靳晓龙,2,硕士研究生,10386327,美国波士顿大学,金融工程,5
30599430,杨路炜,2,硕士研究生,10143850,北京大学,金融工程,5
30436564,周杨,2,硕士研究生,10226507,上海交通大学,经济学,5
30559601,周德生,2,硕士研究生,10143850,北京大学,软件工程,1
30376775,王佳卉,2,硕士研究生,,N/A,N/A,
30600645,王可汗,2,硕士研究生,10505380,美国德克萨斯大学达拉斯分校,"会计学,金融学",5
30600646,张韡,2,硕士研究生,10236260,康奈尔大学,生物医学,7
3E+19,范坤祥,2,硕士研究生,,N/A,N/A,
3E+19,卞亚军,2,硕士研究生,10104898,中国社会科学院研究生院,"经济学,金融学",5
30600705,庄皓亮,2,硕士研究生,,N/A,N/A,
3E+19,张剑鑫,2,硕士研究生,,N/A,N/A,
30592787,李品科,2,硕士研究生,10143851,清华大学,工学,1
3E+19,廖辰轩,2,硕士研究生,10226507,上海交通大学,金融学,5
3E+19,郭羽,2,硕士研究生,10143735,南开大学,经济学,5
3E+19,尹为醇,2,硕士研究生,,N/A,N/A,
30601318,余昊,2,硕士研究生,,N/A,N/A,
3E+19,周晖,2,硕士研究生,,N/A,N/A,
30601439,秦庆,2,硕士研究生,,N/A,工学,1
3E+19,陈旻,2,硕士研究生,,N/A,工商管理,3
3E+19,徐一阳,2,硕士研究生,10143735,南开大学,世界经济学,5
30602527,许荣漫,2,硕士研究生,,N/A,N/A,
30602542,王联欣,2,硕士研究生,10229379,天津大学,"经济,管理",5
30602568,张胤,2,硕士研究生,10149414,复旦大学,材料物理与化学,1
30602999,王岩,2,硕士研究生,,N/A,N/A,
30563575,徐亦达,2,硕士研究生,10143851,清华大学,工学,1
30571296,周奇贤,3,本科,10229371,国立政治大学,公共行政系法学,7
3E+19,龚超,2,硕士研究生,10143861,上海财经大学,经济学,5
30603380,曾省强,2,硕士研究生,10228729,北京师范大学,N/A,
30603381,张其思,2,硕士研究生,10386327,波士顿大学,数理金融,5
30603378,茹昱,2,硕士研究生,10226507,上海交通大学,金融学,5
3E+19,边慧,2,硕士研究生,,N/A,N/A,
3E+19,张昊,2,硕士研究生,,N/A,N/A,
30603837,黄子凌,2,硕士研究生,10143851,清华大学,机械工程,1
30563252,范文静,2,硕士研究生,10386336,英国伯明翰大学,投资学,5
30604099,齐兴方,2,硕士研究生,10143850,北京大学,工商管理,3
30380021,李娜,2,硕士研究生,,N/A,N/A,
30604112,黄琬舒,2,硕士研究生,,N/A,经济学,5
30565380,庞文杰,2,硕士研究生,10226507,上海交通大学,N/A,
30604098,张泽桐,2,硕士研究生,10143878,厦门大学,N/A,
30604172,吴国杰,1,博士研究生,,N/A,经济学,5
30604158,戚彧,2,硕士研究生,,N/A,N/A,
30604165,徐维君,3,本科,10123973,中国人民大学,理学,1
30604165,徐维君,2,硕士研究生,10123973,中国人民大学,应用统计学,1
3E+19,何秀红,2,硕士研究生,,N/A,N/A,
30604160,王林希,2,硕士研究生,,N/A,N/A,
30563166,吴迪,2,硕士研究生,,N/A,理学,1
30562996,吴敌,2,硕士研究生,,N/A,金融学,5
30604325,杜伟,2,硕士研究生,10143735,南开大学,金融学,5
30581384,林心龙,2,硕士研究生,,N/A,工学,1
30434796,陆彬,2,硕士研究生,10149414,复旦大学,金融学,5
3E+19,祁善斌,2,硕士研究生,,N/A,经济学,5
3E+19,梁莉,2,硕士研究生,,N/A,N/A,
30586652,应琛,2,硕士研究生,,N/A,金融学,5
30603000,杜培俊,2,硕士研究生,,N/A,经济学,5
3E+19,李博,2,硕士研究生,10143851,清华大学,电气工程及其自动化,7
30605085,于冰,2,硕士研究生,,N/A,N/A,
30605083,邹承原,2,硕士研究生,10241632,新南威尔士大学,金融分析,5
30605393,李烨,3,本科,10226507,上海交通大学,工商管理,3
30605394,徐锬,2,硕士研究生,,N/A,N/A,
30605402,孙志远,2,硕士研究生,,N/A,经济学,5
30605521,朱国庆,2,硕士研究生,10149414,复旦大学,经济学,5
30605606,邢连云,2,硕士研究生,,N/A,N/A,
3E+19,曾刚,2,硕士研究生,,N/A,工商管理,3
30568028,沈夏,2,硕士研究生,10149414,复旦大学,N/A,
30605718,何喆,2,硕士研究生,,N/A,N/A,
30605719,梁铭超,2,硕士研究生,,N/A,N/A,
3E+19,陆琦,2,硕士研究生,10226737,南京大学,N/A,
30600643,刘宏,2,硕士研究生,10143850,北京大学,金融学,5
30606003,张钰,2,硕士研究生,,N/A,经济学,5
3E+19,何林泽,2,硕士研究生,,N/A,N/A,
30606401,鲍越愚,2,硕士研究生,,N/A,N/A,
30390573,樊可,2,硕士研究生,10226507,上海交通大学,工商管理,3
30606675,李政,2,硕士研究生,,N/A,金融学,5
30606612,陈林海,2,硕士研究生,,N/A,N/A,
30606660,严筱娴,2,硕士研究生,,N/A,经济学,5
30606649,周卓熙,2,硕士研究生,,N/A,经济学,5
30606744,苏俊彦,2,硕士研究生,,N/A,N/A,
30606780,张亚非,2,硕士研究生,,N/A,金融学,5
3E+19,陈嵩昆,2,硕士研究生,,N/A,管理学,6
30404899,邹杰,1,博士研究生,10226507,上海交通大学,工学,1
30606854,张文博,2,硕士研究生,10143850,北京大学,金融学,5
30330420,方伟,1,博士研究生,,N/A,N/A,
30607019,杨洋,2,硕士研究生,,N/A,N/A,
30607020,胡颖臻,2,硕士研究生,,N/A,N/A,
30607099,刘雨卉,3,本科,10226737,南京大学,数学,1
30607099,刘雨卉,2,硕士研究生,10149414,复旦大学,金融学,5
30607195,朱燕琼,2,硕士研究生,10143850,北京大学,经济学,5
3E+19,秦石,2,硕士研究生,10226507,上海交通大学,N/A,
30607196,姜杰特,2,硕士研究生,10224613,华东师范大学,金融,5
30607194,薛宇,2,硕士研究生,10123973,中国人民大学,财政学,5
30607166,黄欣欣,2,硕士研究生,,N/A,N/A,
3E+19,杨超,3,本科,10207354,安徽大学,理学,1
3E+19,杨超,2,硕士研究生,10229377,天津财经大学,金融学,5
3E+19,王晓彦,2,硕士研究生,,N/A,金融学,5
3E+19,王晓彦,2,硕士研究生,,N/A,经济学,5
30569241,董治国,2,硕士研究生,10143850,北京大学,金融学,5
3E+19,贺剑,2,硕士研究生,,N/A,金融学,5
30607485,林德涵,2,硕士研究生,,N/A,N/A,
30607483,葛沁沁,2,硕士研究生,,N/A,N/A,
30261533,蔡唯峰,2,硕士研究生,,N/A,N/A,
30607760,季程,2,硕士研究生,10229146,新加坡南洋理工大学,金融学,5
3E+19,高鹏,2,硕士研究生,,N/A,N/A,
30607906,韩正宇,2,硕士研究生,10385719,新泽西州立罗格斯大学,金融分析专业,5
30382317,颜灵珊,2,硕士研究生,10123973,中国人民大学,财务与金融学,5
30382317,颜灵珊,3,本科,10123973,中国人民大学,财务与金融学,5
30563909,段涛,2,硕士研究生,,N/A,管理学,6
30608265,刘兵,1,博士研究生,10143861,上海财经大学,经济学,5
30357643,冉宇航,2,硕士研究生,,N/A,管理学,6
30608262,金岚枫,1,博士研究生,10226737,南京大学,会计学,4
30608350,黄飙,3,本科,10143850,北京大学,电子信息与科学,1
30608350,黄飙,2,硕士研究生,10143850,北京大学,物理电子学,1
30608350,黄飙,3,本科,10143850,北京大学,经济学,5
30608513,徐昊,2,硕士研究生,10229126,美国南加州大学,金融工程,5
3E+19,孙野,3,本科,10128393,西南财经大学,工学,1
30608514,谢理斌,2,硕士研究生,10143850,北京大学,金融学,5
30608510,梁策,2,硕士研究生,10389495,罗切斯特大学,金融学,5
30608510,梁策,3,本科,10149414,复旦大学,金融学,5
30608512,陈锦达,2,硕士研究生,10229443,香港理工大学,N/A,
30608511,付瑜瑾,2,硕士研究生,10149378,东南大学,载运工具运用工程工学,1
30608511,付瑜瑾,3,本科,10149378,东南大学,交通运输,7
30608506,宋鑫,2,硕士研究生,10226890,中国政法大学,法学,7
30608508,汪应伟,3,本科,10228718,北京科技大学,工商管理,3
30608507,张为,2,硕士研究生,10229548,中央财经大学,经济学,5
30608509,朱小东,2,硕士研究生,10226732,华北电力大学,动力工程,1
30382124,薛冀颖,1,博士研究生,10143851,清华大学,信息科学技术,1
30608594,张亦驰,2,硕士研究生,,N/A,N/A,
3E+19,刘杰,2,硕士研究生,,N/A,N/A,
30608560,顾弘原,2,硕士研究生,10229098,伦敦政治经济学院,统计学,1
30608560,顾弘原,3,本科,10238976,香港大学,风险管理,6
30608886,刘佳蕾,2,硕士研究生,10229122,美国明尼苏达大学双城分校,N/A,
3E+19,曹霞,2,硕士研究生,10226888,对外经济贸易大学,经济学,5
3E+19,田宇,3,本科,10143850,北京大学,经济学,5
3E+19,罗翔,2,硕士研究生,10143850,北京大学,金融数学,5
3E+19,杨凡颖,2,硕士研究生,10143878,厦门大学,经济学,5
30243763,游文峰,1,博士研究生,,N/A,N/A,
3E+19,张勇,2,硕士研究生,,N/A,N/A,
3E+19,夏寅,2,硕士研究生,,N/A,管理学,6
30609231,胡哲妮,2,硕士研究生,,N/A,金融,5
30609233,王康佳,2,硕士研究生,,N/A,金融,5
30609352,孔芳,3,本科,10366445,北京语言大学,金融学,5
30609350,王珊,2,硕士研究生,10226532,上海理工大学,国际商务,3
30609480,王刚,2,硕士研究生,,N/A,N/A,
30609481,张元,3,本科,,N/A,N/A,
30609535,王力,3,本科,10238998,上海外国语大学,经济学,5
30609529,刘立宇,2,硕士研究生,,N/A,工学,1
30609531,陈茸茸,3,本科,,N/A,经济学,5
30609530,郭瑜,2,硕士研究生,,N/A,工商管理,3
30609483,侯显夫,2,硕士研究生,10229494,浙江大学,工商管理,3
30609485,周建鉴,3,本科,10143861,上海财经大学,管理学,6
30609485,周建鉴,3,本科,10143861,上海财经大学,经济学,5
30609485,周建鉴,2,硕士研究生,10229494,浙江大学,工商管理,3
30609475,王翘楚,2,硕士研究生,,N/A,N/A,
3E+19,胡海滨,2,硕士研究生,,N/A,N/A,
30609478,刘玄,2,硕士研究生,,N/A,N/A,
30609476,韩飞,2,硕士研究生,,N/A,会计,4
30609476,韩飞,2,硕士研究生,,N/A,金融学,5
30609479,孙磊,3,本科,,N/A,管理学,6
30609477,马赛,3,本科,,N/A,管理学,6
30609472,叶璟,3,本科,10238998,上海外国语大学,N/A,
30609474,朱蓓,2,硕士研究生,10226737,南京大学,工程管理,6
30609473,郑韬,2,硕士研究生,10143735,南开大学,N/A,
30609473,郑韬,2,硕士研究生,10229098,伦敦大学,N/A,
30609439,张旻,3,本科,10149414,复旦大学,N/A,
30609439,张旻,2,硕士研究生,10229041,剑桥大学,N/A,
3E+19,李盛,2,硕士研究生,,N/A,N/A,
30609613,李延峥,2,硕士研究生,10128393,西南财经大学,金融学,5
30567088,李俊江,2,硕士研究生,10229548,中央财经大学,投资学,5
3E+19,赵隆隆,2,硕士研究生,10143861,上海财经大学,产业经济学,5
30609719,李赫,1,博士研究生,10241663,英国杜伦大学,金融学,5
30574600,林启姜,2,硕士研究生,,N/A,N/A,
30609859,郑伟彬,2,硕士研究生,,N/A,N/A,
30594839,刘薇,2,硕士研究生,,N/A,管理学,6
30610128,蒋敏,2,硕士研究生,,N/A,N/A,
30600135,邢烨,2,硕士研究生,10143861,上海财经大学,金融学,5
30610235,侯嘉敏,2,硕士研究生,10229126,美国南加州大学,金融工程,5
30607919,夏浩洋,2,硕士研究生,,N/A,理学,1
30610208,吕一楠,2,硕士研究生,10241632,澳大利亚新南威尔士大学,精算学,5
30610208,吕一楠,2,硕士研究生,10241632,澳大利亚新南威尔士大学,统计学,1
30438663,吴彦,2,硕士研究生,10143850,北京大学,N/A,
30586388,JINYA,1,博士研究生,,N/A,应用数学,1
3E+19,李佳明,2,硕士研究生,10143735,南开大学,金融学,5
3E+19,黄安乐,2,硕士研究生,,N/A,N/A,
30610739,应隽,2,硕士研究生,,N/A,管理学,6
30578021,王伟然,1,博士研究生,,N/A,工学,1
3E+19,徐晓杰,1,博士研究生,10229531,中国科学院,N/A,
3E+19,吴谦,1,博士研究生,10143861,上海财经大学,数量经济学,5
30611032,韩玥,2,硕士研究生,,N/A,N/A,
3E+19,黄伟轩,2,硕士研究生,,N/A,N/A,
30611030,邓力恒,2,硕士研究生,,N/A,N/A,
30611029,冷传世,2,硕士研究生,,N/A,N/A,
3E+19,张宇,2,硕士研究生,,N/A,N/A,
3E+19,刘佃贵,2,硕士研究生,,N/A,N/A,
30581384,林心龙,2,硕士研究生,,N/A,光学工程,1
30611339,方敬,2,硕士研究生,10224600,北京航空航天大学,管理学,6
30569745,李彪,2,硕士研究生,10241663,杜伦大学,国际银行与金融学,5
30569745,李彪,3,本科,10144025,中国科技大学,经济学,5
30611453,刘帆,2,硕士研究生,10143735,南开大学,金融工程,5
30273851,闫伟,2,硕士研究生,,N/A,N/A,
3E+19,叶松,2,硕士研究生,,N/A,经济学,5
3E+19,司帆,2,硕士研究生,,N/A,N/A,
30612219,余剑峰,2,硕士研究生,,N/A,N/A,
30380226,林静,2,硕士研究生,10143861,上海财经大学,经济学,5
30612439,王明欣,2,硕士研究生,10226536,上海社会科学院,产业经济学,5
30612437,毛可君,2,硕士研究生,10149414,复旦大学,经济学,5
30612433,李宇璐,2,硕士研究生,10386336,英国伯明翰大学,国际银行货币学,7
30612434,周笑雯,2,硕士研究生,10229531,中科院,企业管理,3
30612413,程瑶,2,硕士研究生,,N/A,N/A,
30612807,金鸿峰,2,硕士研究生,10229548,中央财经大学,国防经济学,5
30612219,余剑峰,1,博士研究生,10229494,浙江大学,管理学,6
30573768,杨野,2,硕士研究生,10143861,上海财经大学,经济学,5
30377281,邢军亮,1,博士研究生,,N/A,N/A,
30613002,宛晴,2,硕士研究生,,N/A,工商管理,3
3E+19,谷超,2,硕士研究生,,N/A,N/A,
30243640,吴土金,3,本科,10143850,北京大学,理学,1
30244205,李?,2,硕士研究生,10226507,上海交通大学,N/A,
30381165,LIU DONG(刘冬),2,硕士研究生,,N/A,金融分析,5
3E+19,刘冬,2,硕士研究生,,N/A,经济学,5
30381165,LIU DONG(刘冬),2,硕士研究生,10229522,芝加哥大学,工商管理,3
30377330,蔡秋枫,2,硕士研究生,,N/A,理学,1
30381498,苏彦祝,3,本科,10143851,清华大学,工学,1
30613165,林学晨,2,硕士研究生,,N/A,N/A,
30432556,刘凌云,1,博士研究生,10226536,上海社会科学院,经济学,5
30434684,许飞虎,2,硕士研究生,10123973,中国人民大学,统计学,1
30590432,樊亚筠,2,硕士研究生,,N/A,N/A,
30613212,郑军,2,硕士研究生,,N/A,经济学,5
30409582,叶勇,3,本科,10226890,中国政法大学,法学,7
30595028,Arjun Vij,3,本科,10229522,芝加哥大学,经济学,5
30613203,席红辉,1,博士研究生,10143861,上海财经大学,金融学,5
30600826,魏昊,3,本科,10238998,上海外国语大学,N/A,
30600826,魏昊,4,MBA/EMBA,10143853,中欧国际工商管理学院,MBA,2
30603824,黄子寒,2,硕士研究生,10241649,美国密西根大学安娜堡分校,应用经济学,5
3E+19,刘俊,2,硕士研究生,,N/A,经济学,5
3E+19,李健,2,硕士研究生,,N/A,工商管理,3
3E+19,王杭,2,硕士研究生,10143851,清华大学,N/A,
3E+19,熊琳,2,硕士研究生,10143861,上海财经大学,财务管理,3
30613704,王柱栋,2,硕士研究生,10143869,武汉大学,N/A,
30613701,华达,3,本科,10143861,上海财经大学,N/A,
30613701,华达,2,硕士研究生,10394756,美国约翰霍普金斯大学,金融学,5
30613631,陈思,2,硕士研究生,,N/A,经济学,5
30296598,赵若琼,2,硕士研究生,,N/A,N/A,
30614296,陆迪,2,硕士研究生,10143850,北京大学,N/A,
3E+19,滕祖光,2,硕士研究生,10229548,中央财经大学,经济学,5
30578020,张悦,2,硕士研究生,,N/A,工程,1
3E+19,龚美若,2,硕士研究生,,N/A,N/A,
3E+19,袁冠群,2,硕士研究生,,N/A,N/A,
3E+19,陈思郁,2,硕士研究生,10229098,英国伦敦大学,学院经济学,5
30614673,吴志刚,3,本科,10229555,重庆建筑大学,理学,1
30614673,吴志刚,2,硕士研究生,10229555,重庆大学,理学,1
30614670,王振雄,1,博士研究生,,N/A,N/A,
30614668,陈涛,2,硕士研究生,10143850,北京大学,工程,1
3E+19,李泉,2,硕士研究生,,N/A,工程,1
30245046,陈宗超,2,硕士研究生,,N/A,N/A,
3E+19,龙川,1,博士研究生,10228777,美国宾夕法尼亚大学,统计学,1
30413196,景晓达,2,硕士研究生,,N/A,N/A,
30394835,赵凤飞,2,硕士研究生,10143851,清华大学,工学,1
30394835,赵凤飞,1,博士研究生,10143851,清华大学,工学,1
30615198,路旭,2,硕士研究生,,N/A,N/A,
30416337,姚炜,2,硕士研究生,10224613,华东师范大学,世界经济,5
3E+19,赵梅玲,2,硕士研究生,10143869,武汉大学,经济学,5
30615401,栾庆帅,2,硕士研究生,,N/A,N/A,
30615405,杨宇,2,硕士研究生,,N/A,N/A,
30615398,翁煜平,2,硕士研究生,,N/A,N/A,
30560196,刘振超,2,硕士研究生,10143735,南开大学,应用统计,1
30615476,潘一菲,2,硕士研究生,,N/A,经济学,5
30615477,Hicham Lahbabi,3,本科,10553261,法国国立高等航空和航天学院,工程,1
30615477,Hicham Lahbabi,3,本科,10553261,法国国立高等航空和航天学院,金融工程,5
30348450,孙明达,1,博士研究生,,N/A,理学,1
30341483,徐鹏,2,硕士研究生,10226510,同济大学,电路与系统,1
30615580,蔡振,2,硕士研究生,,N/A,N/A,
30615581,张东波,2,硕士研究生,,N/A,N/A,
30611189,杨枫,2,硕士研究生,10143850,北京大学,经济学,5
30611189,杨枫,2,硕士研究生,10238976,香港大学,金融学,5
30615678,王影峰,2,硕士研究生,10143861,上海财经大学,金融学,5
30264688,李志武,2,硕士研究生,10226737,南京大学,N/A,
30615765,唐钰蔚,2,硕士研究生,10224613,华东师范大学,世界经济,5
30615767,范晶伟,2,硕士研究生,,N/A,金融,5
30267553,汤戈,2,硕士研究生,10143851,清华大学,N/A,
30615768,陈大烨,2,硕士研究生,,N/A,金融,5
30615766,袁立,2,硕士研究生,10454253,伦敦玛丽女王大学,理学,1
30615759,张楠,3,本科,10229187,山东大学,工学,1
3E+19,镇嘉,2,硕士研究生,10143861,上海财经大学,西方经济学,5
30615945,蔡路平,2,硕士研究生,10108675,美国哥伦比亚大学,统计学,1
30615941,李大玮,2,硕士研究生,10128393,西南财经大学,统计学,1
3E+19,张睿,2,硕士研究生,,N/A,经济学,5
30616070,周宜夫,2,硕士研究生,,N/A,N/A,
3E+19,卢纯青,2,硕士研究生,10444773,加拿大圣玛丽大学,金融学,5
3E+19,袁素,2,硕士研究生,10143850,北京大学,西方经济学,5
3E+19,廉赵峰,2,硕士研究生,,N/A,N/A,
30378187,王璐,2,硕士研究生,,N/A,理学,1
30616166,张鹏,2,硕士研究生,,N/A,金融学,5
30616201,沈科,2,硕士研究生,,N/A,N/A,
3E+19,吕春杰,2,硕士研究生,,N/A,N/A,
30616165,吕鑫,2,硕士研究生,10143850,北京大学信息科学技术学院,通信与信息系统,1
30396074,苏辛,1,博士研究生,10143861,上海财经大学,统计学,1
30611338,贺雨轩,2,硕士研究生,,N/A,通信与信息系统,1
30616359,杨宇,2,硕士研究生,,N/A,N/A,
3E+19,叶嘉,2,硕士研究生,10229546,中山大学,国际工商管理,3
30616361,龚德伟,2,硕士研究生,10143850,北京大学,金融学,5
30616360,薛锐,2,硕士研究生,10233370,美国乔治城大学,应用数学与统计,1
3E+19,魏媛媛,2,硕士研究生,,N/A,N/A,
3E+19,王尚博,2,硕士研究生,10238973,香港中文大学,全球政治经济,7
30616467,刘鹏飞,2,硕士研究生,10143851,清华大学,工学,1
30616619,翟宇航,2,硕士研究生,,N/A,N/A,
30616561,孙蕾,2,硕士研究生,,N/A,N/A,
3E+19,蔡艳菲,2,硕士研究生,10143878,厦门大学,金融工程,5
30616929,高翔,2,硕士研究生,,N/A,N/A,
30547646,代宏坤,1,博士研究生,10229339,四川大学,企业管理,3
30577519,万志文,2,硕士研究生,10143851,清华大学,金融,5
30617121,唐华,2,硕士研究生,10229146,新加坡南洋理工大学,工商管理,3
30617120,单秀丽,2,硕士研究生,10558233,美国理海大学,理学,1
30616358,黄轩,2,硕士研究生,,N/A,管理学,6
30617101,姜雪婷,1,博士研究生,,N/A,营养学,7
3E+19,梁鹏,1,博士研究生,10229531,中国科学院,理学,1
30617254,方一航,2,硕士研究生,10149414,复旦大学,金融学,5
30616211,江山,2,硕士研究生,,N/A,金融工程,5
30617403,白鹏,1,博士研究生,,N/A,工学,1
30617398,董一平,2,硕士研究生,10149414,复旦大学,金融工程,5
30617406,张庆平,2,硕士研究生,,N/A,N/A,
30617391,顾晶菁,2,硕士研究生,,N/A,N/A,
30587539,周春泉,1,博士研究生,,N/A,管理学,6
3E+19,秦海燕,2,硕士研究生,10224613,华东师范大学,理学,1
30559871,杨达伟,2,硕士研究生,10226507,上海交通大学,电子科学与技术,1
30422969,洪志,2,硕士研究生,,N/A,管理学,6
3E+19,李果,1,博士研究生,,N/A,工学,1
30618036,王景明,2,硕士研究生,10123973,中国人民大学,金融学,5
3E+19,王远鸿,2,硕士研究生,,N/A,N/A,
30618142,吴鸿霖,3,本科,10229034,暨南大学,N/A,
3E+19,薄玉,2,硕士研究生,,N/A,N/A,
30273593,鲁秦,2,硕士研究生,,N/A,N/A,
30618106,钱布克,3,本科,10229160,牛津大学,数学,1
30618101,梁冰哲,2,硕士研究生,,N/A,理学,1
30618105,徐欣,2,硕士研究生,,N/A,N/A,
30618258,潘如璐,1,博士研究生,10385855,昆士兰大学,金融学,5
30618360,龙南质,2,硕士研究生,,N/A,N/A,
30618414,杨宁嘉,2,硕士研究生,,N/A,N/A,
30404772,陈龙,2,硕士研究生,,N/A,N/A,
30618035,宋鹏,2,硕士研究生,10149414,复旦大学,金融工程,5
3E+19,李超,3,本科,10226507,上海交通大学,理学,1
30618515,陈元骅,2,硕士研究生,10108675,哥伦比亚大学,金融数学,5
30618565,谢昊,2,硕士研究生,10229546,中山大学,会计学,4
30618716,梅寓寒,2,硕士研究生,10389282,英国帝国理工学院,风险管理与金融工程学,5
3E+19,李亦星,2,硕士研究生,10143861,上海财经大学,经济学,5
30619019,黄诗原,2,硕士研究生,,N/A,N/A,
30619018,陆晓锋,2,硕士研究生,10385275,美国布兰戴斯大学,国际经济与金融学,5
30244702,施名轩,2,硕士研究生,10389228,英国莱斯特大学,金融数学,5
30619131,王紫菡,2,硕士研究生,,N/A,N/A,
30619136,李毅,2,硕士研究生,,N/A,N/A,
30619134,王闯,3,本科,,N/A,N/A,
3E+19,周崟,2,硕士研究生,,N/A,N/A,
3E+19,吴文哲,2,硕士研究生,,N/A,N/A,
3E+19,侯世霞,2,硕士研究生,,N/A,N/A,
3E+19,赵蓓,2,硕士研究生,,N/A,N/A,
30414846,朱晓龙,2,硕士研究生,,N/A,N/A,
30408666,方钰涵,2,硕士研究生,,N/A,N/A,
3E+19,赵小燕,2,硕士研究生,,N/A,N/A,
30585349,宋蕾,2,硕士研究生,10241632,新南威尔士大学,金融分析,5
30381207,马毅,2,硕士研究生,,N/A,N/A,
30380147,鞠婷,2,硕士研究生,,N/A,N/A,
30378734,郝康,1,博士研究生,,N/A,N/A,
30379145,蒋小玲,3,本科,,N/A,N/A,
30377369,蔡晟,2,硕士研究生,,N/A,N/A,
3E+19,杨景喻,2,硕士研究生,,N/A,N/A,
3E+19,张飞,2,硕士研究生,,N/A,N/A,
30377430,昌明,2,硕士研究生,,N/A,N/A,
3E+19,王颢,3,本科,,N/A,N/A,
3E+19,魏欣,2,硕士研究生,,N/A,N/A,
30619272,张昳泓,2,硕士研究生,10233370,美国乔治城大学,理学,1
3E+19,夏云龙,2,硕士研究生,,N/A,N/A,
3E+19,伍智勇,3,本科,10143735,南开大学,经济学,5
30619776,冯媛,2,硕士研究生,,N/A,金融学,5
3E+19,沈若雨,3,本科,10149414,复旦大学,微电子学,1
3E+19,沈若雨,2,硕士研究生,10385922,悉尼大学,数量金融,5
3E+19,王琳,2,硕士研究生,10143850,北京大学经济学院,N/A,
3E+19,袁方,2,硕士研究生,,N/A,工学,1
30620239,李理,2,硕士研究生,10143850,北京大学,金融学,5
3E+19,丁巍,2,硕士研究生,10224613,华东师范大学,金融学,5
3E+19,叶乐天,1,博士研究生,,N/A,N/A,
30620142,李星佑,2,硕士研究生,,N/A,N/A,
30569336,袁多武,2,硕士研究生,10149414,复旦大学,经济学,5
30415355,杨扬,2,硕士研究生,10143851,清华大学,计算机科学与技术,1
30620322,易文斐,2,硕士研究生,10149414,复旦大学,经济学,5
3E+19,江虹,2,硕士研究生,,N/A,工商管理,3
30620325,王丽敏,2,硕士研究生,,N/A,N/A,
3E+19,袁苇,2,硕士研究生,,N/A,经济学,5
3E+19,刘宁,2,硕士研究生,,N/A,N/A,
3E+19,杨坤,3,本科,10229494,浙江大学,数学,1
3E+19,杨坤,2,硕士研究生,10389168,英国华威大学,金融,5
30620464,汪琪,2,硕士研究生,10143850,北京大学,金融学,5
30620419,张文理,2,硕士研究生,,N/A,N/A,
3E+19,廖辰轩,3,本科,10226507,上海交通大学,金融学,5
30563091,闫宜乘,2,硕士研究生,,N/A,经济学,5
3E+19,吴秉韬,2,硕士研究生,10226507,上海交通大学,环境工程,1
30620839,刘杰,2,硕士研究生,,N/A,经济学,5
30620819,谢峰,2,硕士研究生,10149414,复旦大学,金融,5
30609970,张欣,2,硕士研究生,,N/A,工学,1
30621368,李家辉,1,博士研究生,,N/A,N/A,
30621367,王亚军,2,硕士研究生,,N/A,金融学,5
30621371,陈西中,2,硕士研究生,,N/A,N/A,
3E+19,李大峣,3,本科,,N/A,经济学,5
30609710,曹建华,2,硕士研究生,,N/A,理学,1
30621500,苗梦羽,2,硕士研究生,,N/A,N/A,
30621496,曹越奇,2,硕士研究生,,N/A,N/A,
30621526,李石,3,本科,10143735,南开大学,数学,1
30621526,李石,2,硕士研究生,10143735,南开大学,金融工程,5
30621499,党伟,2,硕士研究生,10149414,复旦大学,金融,5
30344978,杨坤河,2,硕士研究生,10143851,清华大学,管理科学与工程,6
30621638,熊潇雅,2,硕士研究生,10357438,美国伊利诺伊大学,金融学,5
30293470,闵良超,2,硕士研究生,,N/A,N/A,
30621818,瞿明昱,3,本科,10149414,复旦大学,"金融学,经济学",5
30622104,李夏,2,硕士研究生,10143871,西安交通大学,金融学,5
30622104,李夏,2,硕士研究生,10241662,曼彻斯特大学,统计学,1
3E+19,李坤,2,硕士研究生,10149414,复旦大学,管理学,6
3E+19,李坤,3,本科,10143871,西安交通大学,管理学,6
30622306,刘坚,2,硕士研究生,,N/A,N/A,
30622361,张志强,2,硕士研究生,,N/A,N/A,
30622340,刘扬,2,硕士研究生,10229531,中国科学院,N/A,
30381645,刘宁,2,硕士研究生,10228704,北京工业大学,光学,1
30595577,吴志鹏,2,硕士研究生,10385565,美国雪城大学,机械及航天工程,1
30622821,姜绍政,2,硕士研究生,,N/A,N/A,
30264971,卢平,1,博士研究生,10123973,中国人民大学,经济学,5
30622823,徐博文,2,硕士研究生,,N/A,N/A,
30381750,谭小兵,3,本科,10378258,四川理工大学,工学,1
30381750,谭小兵,2,硕士研究生,10229034,暨南大学,管理学,6
30433436,朱睿,2,硕士研究生,,N/A,理学,1
3E+19,任明,2,硕士研究生,,N/A,金融学,5
30333237,王伟,2,硕士研究生,,N/A,N/A,
3E+19,杨扬,2,硕士研究生,,N/A,N/A,
30604166,赵子良,2,硕士研究生,,N/A,经济学,5
30381765,王国强,2,硕士研究生,10143850,北京大学,经济学,5
30382251,杨靖,2,硕士研究生,,N/A,经济学,5
3E+19,费鹏,1,博士研究生,,N/A,机械工程学,1
30622983,范致贞,3,本科,10389282,伦敦帝国学院,材料科学与工程,1
30622983,范致贞,2,硕士研究生,10229041,剑桥大学科珀斯克里斯蒂学院,N/A,
30622984,黄思远,3,本科,10236260,康奈尔大学,电气工程,1
30622984,黄思远,3,本科,10236260,康奈尔大学,计算机工程理学,1
30622984,黄思远,2,硕士研究生,10236260,康奈尔大学,金融工程,5
30382604,王鹏,2,硕士研究生,,N/A,N/A,
30623063,冯炉丹,2,硕士研究生,10149414,复旦大学,金融学,5
3E+19,邱丹,2,硕士研究生,10143850,北京大学,经济学,5
3E+19,邵沙锞,2,硕士研究生,10226507,上海交通大学,N/A,
30623258,李卓锴,2,硕士研究生,,N/A,N/A,
3E+19,许文峰,2,硕士研究生,10229531,中国科学院,"物理,化学",1
30623434,尹润泉,2,硕士研究生,10233376,加州大学洛杉矶分校,金融工程,5
30623435,刘筱筠,2,硕士研究生,,N/A,经济学,5
3E+19,王宇,3,本科,10388180,加拿大萨斯喀彻温大学,经济学,5
30623977,张媛,2,硕士研究生,10389337,伦敦商学院,金融学,5
30623977,张媛,2,硕士研究生,10144025,中国科学技术大学,管理学,6
30623963,唐雪倩,2,硕士研究生,,N/A,N/A,
30383013,张自力,1,博士研究生,10144001,美国德州大学奥斯汀分校,理论物理学,1
30383013,张自力,1,博士研究生,10144025,中国科学技术大学,理论物理学,1
30624435,袁朔,2,硕士研究生,10241661,英国利物浦大学,金融与投资管理,5
30623663,伍臣东,2,硕士研究生,,N/A,经济学,5
30625680,陈晓非,2,硕士研究生,10386601,加拿大多伦多大学,工业工程,1
3E+19,沈吟,3,本科,10226510,同济大学,N/A,
3E+19,沈吟,2,硕士研究生,10233408,英国拉夫堡大学,经济学,5
30625802,刘明辉,2,硕士研究生,10143850,北京大学,应用统计,1
30626348,于渤洋,2,硕士研究生,,N/A,N/A,
30626366,崔长峰,1,博士研究生,10226507,上海交通大学,金融学,5
30626387,钱进,2,硕士研究生,10143850,北京大学,金融学,5
30627584,李雅婷,2,硕士研究生,10143735,南开大学,金融学,5
30627585,夏真辉,2,硕士研究生,10144025,中国科学技术大学,金融学,5
30627562,叶平,2,硕士研究生,10226737,南京大学,国民经济学,5
30627560,方昆明,2,硕士研究生,,N/A,N/A,
3E+19,程嘉伟,3,本科,10143861,上海财经大学,N/A,
3E+19,李晶,2,硕士研究生,10143861,上海财经大学,财务管理,3
3E+19,欧阳亮,2,硕士研究生,10228993,湖南大学,金融,5
30627758,钱亚婷,2,硕士研究生,,N/A,N/A,
3E+19,常远,1,博士研究生,10226510,同济大学,理学,1
30627835,徐智翔,2,硕士研究生,,N/A,N/A,
3E+19,王海涛,2,硕士研究生,,N/A,工商管理,3
3E+19,俞瑶,2,硕士研究生,10238981,香港科技大学,投资管理,6
3E+19,殷婧,2,硕士研究生,10143878,厦门大学,应用经济学,5
30377445,陈晨,2,硕士研究生,10143878,厦门大学,经济学,5
3E+19,吕伟,2,硕士研究生,10104898,中国社会科学院,工商管理,3
30622822,罗杰,2,硕士研究生,,N/A,物理学,1
3E+19,徐习佳,1,博士研究生,10385584,天普大学,金融学,5
3E+19,苏瑛,2,硕士研究生,,N/A,N/A,
30581387,杨真,2,硕士研究生,,N/A,金融学,5
30628336,张昕,2,硕士研究生,,N/A,N/A,
3E+19,姜英,3,本科,10143850,北京大学,N/A,
30581387,杨真,2,硕士研究生,,N/A,管理学,6
30541524,孙庆,1,博士研究生,104432,中国人民银行,N/A,
30261316,于腾达,2,硕士研究生,,N/A,N/A,
30628438,黎志军,1,博士研究生,10144042,新加坡国立大学,哲学,7
30628438,黎志军,2,硕士研究生,10229522,美国芝加哥大学,工商管理,3
30628439,智健,2,硕士研究生,,N/A,N/A,
30628463,张宏钧,1,博士研究生,,N/A,管理学,6
30628465,晏磊,2,硕士研究生,,N/A,N/A,
3E+19,张潇潇,2,硕士研究生,,N/A,N/A,
30628504,魏江,2,硕士研究生,10143861,上海财经大学,金融工程,5
3E+19,毕子男,1,博士研究生,10229015,吉林大学,经济学,5
30628649,顾喆彬,2,硕士研究生,10385575,澳大利亚阿德莱德大学,会计学,4
3E+19,胡颖,2,硕士研究生,,N/A,经济学,5
3E+19,周萌,2,硕士研究生,10226888,对外经济贸易大学,金融学,5
3E+19,王博强,2,硕士研究生,10386371,英国城市大学,投资管理,6
30628782,李添峰,2,硕士研究生,10123973,中国人民大学,理学,1
30567668,田志祥,2,硕士研究生,,N/A,金融学,5
30573769,徐沛琳,2,硕士研究生,10149414,复旦大学,N/A,
30629301,冯瑞玲,2,硕士研究生,10123973,中国人民大学,N/A,
30629412,曾琦,2,硕士研究生,10143735,南开大学,金融学,5
30629688,恽雷,1,博士研究生,10238973,香港中文大学,化学,1
30629680,彭陈晨,2,硕士研究生,,N/A,N/A,
30382308,翟云飞,3,本科,10144025,中国科学技术大学,自动化,1
30563090,杨金金,2,硕士研究生,10149414,复旦大学,金融学,5
30615399,赵骥,2,硕士研究生,10573183,英国雷丁大学国际证券市场协会ICMA商学院,N/A,
30630015,史少杰,2,硕士研究生,,N/A,N/A,
30442120,王丹,2,硕士研究生,10143850,北京大学,工商管理,3
3E+19,邓童,2,硕士研究生,,N/A,N/A,
30615201,刘学通,2,硕士研究生,,N/A,管理学,6
30594840,吴彬,2,硕士研究生,,N/A,金融学,5
30437778,孟楠,2,硕士研究生,,N/A,法律,7
3E+19,蒋璆,2,硕士研究生,10149414,复旦大学,世界经济系,5
30628783,姚曦,2,硕士研究生,,N/A,商科,6
30630465,马牧青,2,硕士研究生,10143850,北京大学,金融,5
30627751,周颖,2,硕士研究生,,N/A,金融学,5
3E+19,包斅文,3,本科,10143861,上海财经大学,管理学,6
30603819,杨龙龙,2,硕士研究生,10226888,对外经济贸易大学,金融学,5
3E+19,廖星昊,3,本科,10143869,武汉大学,生物学,7
3E+19,廖星昊,2,硕士研究生,10143861,上海财经大学,金融数学与金融工程,5
3E+19,胡崇海,1,博士研究生,10229494,浙江大学,运筹学与控制论,1
30630805,卢贤海,1,博士研究生,10143851,清华大学,核科学与技术,1
30630805,卢贤海,1,博士研究生,10143851,清华大学,工程物理,1
30393524,苏俊杰,2,硕士研究生,,N/A,理学,1
30630944,石睿柯,1,博士研究生,10229015,吉林大学,数量经济学,5
30630938,马秋思,2,硕士研究生,10385922,悉尼大学,金融学,5
30619957,叶帅,1,博士研究生,,N/A,哲学,7
3E+19,钟俊,2,硕士研究生,10241630,莫纳什大学,管理学,6
3E+19,周恩源,1,博士研究生,10229494,浙江大学,西方经济学,5
30631016,张家旺,2,硕士研究生,10226737,南京大学,工程,1
3E+19,闫红蕾,1,博士研究生,,N/A,N/A,
30631017,朱倩,1,博士研究生,10238976,香港大学,哲学,7
3E+19,杨腾,2,硕士研究生,,N/A,N/A,
3E+19,周桓,2,硕士研究生,10143851,清华大学,工商管理,3
30250700,林虎,1,博士研究生,,N/A,经济学,5
30631256,徐心远,2,硕士研究生,,N/A,N/A,
30631255,丁戈,2,硕士研究生,10143850,北京大学,政治经济学,5
30443239,王帅,2,硕士研究生,10226507,上海交通大学,工程,1
30631347,李仁宇,2,硕士研究生,,N/A,N/A,
3E+19,何杰,2,硕士研究生,10394627,奥格斯堡大学,N/A,
30631332,陈洁馨,2,硕士研究生,10412664,美国佩珀代因大学,N/A,
30631454,卓楸也,2,硕士研究生,10210693,澳洲国立大学,商务,6
30258783,芮定坤,2,硕士研究生,10143851,清华大学,国际工商管理,3
3E+19,杨坤,2,硕士研究生,10378955,约克大学,金融,5
30631438,张建,2,硕士研究生,,N/A,N/A,
30631439,杨飞,2,硕士研究生,,N/A,金融学,5
3E+19,王晶晶,2,硕士研究生,10143953,华中科技大学,管理学,6
30631478,崔易,2,硕士研究生,10123973,中国人民大学,经济学,5
30620149,马泽宇,2,硕士研究生,,N/A,金融,5
30631581,朱晨飞,2,硕士研究生,,N/A,工商管理,3
30631574,马兆良,2,硕士研究生,,N/A,N/A,
30631577,孙少鹏,2,硕士研究生,,N/A,N/A,
30631575,林伟鑫,2,硕士研究生,,N/A,N/A,
30631572,史宏艳,2,硕士研究生,10412664,佩波戴恩大学,理学,1
3E+19,张湜,2,硕士研究生,10143735,南开大学,金融学,5
30631573,李元利,3,本科,10229187,山东大学,工学,1
30584327,赵天彤,2,硕士研究生,,N/A,应用统计学,1
30585346,吴默村,2,硕士研究生,10143851,清华大学,工学,1
30353463,肖汉山,2,硕士研究生,10229532,中国科学院大学,理学,1
30567856,刘嵩扬,2,硕士研究生,10143850,北京大学,金融学,5
30567856,刘嵩扬,3,本科,10149414,复旦大学,理学,1
30631914,田沁琰,2,硕士研究生,,N/A,N/A,
30631906,缪佳,2,硕士研究生,10236278,新西兰梅西大学,金融学,5
30434636,雷涛,2,硕士研究生,10226507,上海交通大学,控制理论与控制工程,1
30632019,王冠,3,本科,,N/A,N/A,
30615764,王明旭,2,硕士研究生,10143851,清华大学,科学与技术专业,1
3E+19,孙丹,2,硕士研究生,10386400,美国德克萨斯大学,经济学,5
30632107,施展,2,硕士研究生,10226507,上海交通大学,工商管理,3
30404520,陈怀逸,2,硕士研究生,,N/A,N/A,
30393309,黄婧丽,2,硕士研究生,10389282,伦敦帝国理工学院,N/A,
30571317,黄皓,2,硕士研究生,10128393,西南财经大学,金融学,5
30382878,汪伟,2,硕士研究生,10229034,暨南大学,金融学,5
30576849,冯佳,2,硕士研究生,10229162,英国诺丁汉大学,金融投资,5
3E+19,薛辉蓉,2,硕士研究生,,N/A,金融学,5
3E+19,孙伟,2,硕士研究生,10143850,北京大学,工商管理,3
30596371,王烨斌,2,硕士研究生,10123973,中国人民大学,西方经济学,5
30321318,朱辰喆,2,硕士研究生,,N/A,管理学,6
3E+19,韩广哲,1,博士研究生,,N/A,数量经济学,5
30617670,朱水媚,2,硕士研究生,,N/A,应用经济学,5
30260850,陆建巍,1,博士研究生,,N/A,高分子材料学,1
30596371,王烨斌,2,硕士研究生,10504980,法国图卢兹经济学院,公共发展政策,7
30632444,崔宁,2,硕士研究生,10356579,上海医药工业研究院,N/A,
3E+19,朱志权,3,本科,10143861,上海财经大学,经济学,5
30574600,林启姜,1,博士研究生,,N/A,理学,1
30377494,陈雷,2,硕士研究生,10226536,上海社会科学院,西方经济学,5
30607100,曾琬云,2,硕士研究生,10143851,清华大学,金融,5
30382724,张俊杰,2,硕士研究生,10143878,厦门大学,经济学,5
3E+19,杨冬,2,硕士研究生,,N/A,经济学,5
3E+19,何斌,2,硕士研究生,10143871,西安交通大学,应用经济学,5
30632523,黄奕松,2,硕士研究生,,N/A,理学,1
30423436,韩创,2,硕士研究生,10229546,中山大学,经济学,5
30389003,朱然,2,硕士研究生,10143850,北京大学,工学,1
30607903,王建华,2,硕士研究生,10149414,复旦大学,产业经济学,5
30632738,江逸舟,2,硕士研究生,10143878,厦门大学,经济学,5
30632738,江逸舟,3,本科,10143953,华中科技大学,管理学,6
30632018,陈浩,1,博士研究生,,N/A,经济学,5
30432877,杨喆,2,硕士研究生,,N/A,经济学,5
30381795,陶曙斌,2,硕士研究生,,N/A,经济学,5
30635066,肖帅,2,硕士研究生,10229532,中国科学院大学,管理学,6
3E+19,张竞,2,硕士研究生,,N/A,经济学,5
30378693,光磊,2,硕士研究生,10229494,浙江大学,理学,1
30443856,李绍,2,硕士研究生,10143857,东北财经大学,经济学,5
3E+19,杨逸君,2,硕士研究生,10143878,厦门大学,数量经济学,5
30548048,张超梁,2,硕士研究生,10390463,中国科学院数学与系统科学研究院,管理科学与工程,6
3E+19,李林益,2,硕士研究生,10143850,北京大学,工学,1
30635864,王顺利,2,硕士研究生,10143878,厦门大学,金融工程,5
30635867,范帆,2,硕士研究生,10241664,爱丁堡大学,金融与投资,5
3E+19,郑双超,2,硕士研究生,10143851,清华大学,计算数学,1
30635862,魏昕宇,2,硕士研究生,,N/A,N/A,
30623792,唐奥,2,硕士研究生,10241660,英国利兹大学,金融,5
30635990,陆文杰,2,硕士研究生,10226507,上海交通大学,应用数学理学,1
30635990,陆文杰,2,硕士研究生,10395053,巴黎中央理工学院,工程,1
30635991,李昕悦,2,硕士研究生,10241660,利兹大学,金融,5
30635991,李昕悦,2,硕士研究生,10241660,利兹大学,会计,4
30635980,吴心怡,2,硕士研究生,,N/A,N/A,
30600642,章俊,2,硕士研究生,10226510,同济大学,金融学,5
30438420,刘健维,2,硕士研究生,,N/A,金融,5
30636151,周少博,2,硕士研究生,10143850,北京大学,世界经济,5
30636203,张轩,2,硕士研究生,10143850,北京大学,计算机技术,1
3E+19,董晖,2,硕士研究生,10143861,上海财经大学,金融学,5
30636173,沈成,2,硕士研究生,10226507,上海交通大学,技术经济及管理,3
30636162,郑英亮,2,硕士研究生,,N/A,N/A,
3E+19,钟奇,1,博士研究生,,N/A,N/A,
3E+19,姚学康,2,硕士研究生,,N/A,N/A,
30636178,邱楠宇,2,硕士研究生,10104898,中国社会科学院,金融学,5
30636149,李婷婷,2,硕士研究生,10143850,北京大学,金融,5
30636175,王娟娟,2,硕士研究生,,N/A,N/A,
30636171,谭跃峰,3,本科,,N/A,N/A,
30636148,王璐,2,硕士研究生,,N/A,N/A,
30636144,张育浩,2,硕士研究生,,N/A,N/A,
30636152,刘星洋,2,硕士研究生,,N/A,N/A,
30566070,李彦,2,硕士研究生,,N/A,经济学,5
30594141,邹建,2,硕士研究生,10143851,清华大学,工学,1
30636378,钱玲玲,2,硕士研究生,10226737,南京大学,经济学,5
30440119,高春梅,2,硕士研究生,10143850,北京大学,工商管理,3
30636374,徐奥千,2,硕士研究生,10385972,维多利亚大学,经济,5
30636371,祝璐琛,2,硕士研究生,,N/A,经济学,5
30636375,时慕蓉,2,硕士研究生,,N/A,金融学,5
30636389,金烨,2,硕士研究生,,N/A,N/A,
30636372,朱舟扬,1,博士研究生,10238976,香港大学,哲学,7
30573965,孟杰,2,硕士研究生,10143850,北京大学,理学,1
30636443,李丛文,1,博士研究生,10143735,南开大学,金融学,5
30541925,翟羽佳,2,硕士研究生,10144025,中国科学技术大学,物理电子学,1
30636520,唐国磊,1,博士研究生,10386639,法国巴黎第十一大学,物理学,1
3E+19,王小根,2,硕士研究生,,N/A,N/A,
3E+19,钟贇,2,硕士研究生,10143850,北京大学,西方经济学,5
30636601,吴振华,2,硕士研究生,,N/A,管理学,6
30636600,王灏,2,硕士研究生,10128393,西南财经大学,金融,5
3E+19,谢天卉,1,博士研究生,10228933,哈尔滨工业大学,工学,1
30618702,何彪,2,硕士研究生,10143878,厦门大学,金融工程,5
30567446,董超,2,硕士研究生,10143851,清华大学,机械工程,1
30636787,孙梦祎,2,硕士研究生,,N/A,N/A,
30636920,吕晓威,2,硕士研究生,10226507,上海交通大学,工学,1
30636918,王夫伟,2,硕士研究生,,N/A,金融学,5
30636917,李松阳,2,硕士研究生,,N/A,工学,1
30611034,刘波,2,硕士研究生,10228933,哈尔滨工业大学,N/A,
3E+19,白玉,2,硕士研究生,10403039,英国雷丁大学,理学,1
30637243,熊健,2,硕士研究生,10389282,英国帝国理工学院,风险管理与金融工程,5
30637242,LI TONG,2,硕士研究生,,N/A,N/A,
30637241,王阳峰,2,硕士研究生,,N/A,理学,1
30637239,陈颖,2,硕士研究生,,N/A,N/A,
30637238,唐家伟,2,硕士研究生,10224613,华东师范大学,金融学,5
30637238,唐家伟,3,本科,10226763,合肥工业大学,热能与工程,1
30637345,阎安琪,2,硕士研究生,10241651,杜兰大学,金融学,5
30563395,高德勇,3,本科,10226737,南京大学,理学,1
30637631,杨孝梅,2,硕士研究生,10226507,上海交通大学,管理学,6
30637718,王璇,2,硕士研究生,10229098,伦敦大学,金融学,5
30637630,邱博文,2,硕士研究生,,N/A,N/A,
30378569,董承非,2,硕士研究生,,N/A,理学,1
30370415,冯福章,1,博士研究生,,N/A,N/A,
30637826,王帅,2,硕士研究生,10149414,复旦大学,N/A,
3E+19,刘冬,2,硕士研究生,10128393,西南财经大学,金融学,5
30637957,易圣倩,2,硕士研究生,10226737,南京大学,政治经济学,5
30638035,孟浩之,2,硕士研究生,,N/A,N/A,
3E+19,刘斌斌,2,硕士研究生,10229187,山东大学,金融学,5
30436209,林暐,2,硕士研究生,,N/A,经济学,5
3E+19,肖彦,2,硕士研究生,10143850,北京大学,管理学,6
30376856,张景松,2,硕士研究生,,N/A,N/A,
30638127,张天洋,2,硕士研究生,,N/A,N/A,
30638122,谭幸,2,硕士研究生,,N/A,N/A,
30638124,胡阗洋,2,硕士研究生,,N/A,N/A,
30607709,李中阳,2,硕士研究生,,N/A,工学,1
30638218,吴中昊,2,硕士研究生,,N/A,N/A,
30638219,姚奕帆,2,硕士研究生,10389168,华威大学,金融学,5
30294149,郭敏,2,硕士研究生,10226510,同济大学,材料学,1
30382884,邹立虎,2,硕士研究生,,N/A,经济学,5
30143372,陈列江,2,硕士研究生,,N/A,经济学,5
3E+19,段吉华,2,硕士研究生,,N/A,经济学,5
30326062,欧子辰,2,硕士研究生,,N/A,N/A,
30377392,蔡晓,2,硕士研究生,10585227,中国科学院半导体研究所,微电子与固体电子学,1
30382639,周木林,1,博士研究生,10585232,中国科学院物理研究所,N/A,
30635992,朱莹,3,本科,10143861,上海财经大学,经济学,5
30635992,朱莹,2,硕士研究生,10143861,上海财经大学,国际商务,3
30638680,陈帅,2,硕士研究生,10144025,中国科学技术大学,N/A,
30635992,朱莹,2,硕士研究生,10224606,北卡罗莱纳大学,数理金融,5
30628925,王宏,2,硕士研究生,10143878,厦门大学,金融工程,5
30638740,何文逸,2,硕士研究生,10128393,西南财经大学,金融学,5
30286709,金凤,2,硕士研究生,10229548,中央财经大学,工商管理,3
30638739,须智宸,2,硕士研究生,10386327,波士顿大学,N/A,
30638895,魏越锋,2,硕士研究生,10224600,北京航空航天大学,工学,1
30638993,刘含,2,硕士研究生,,N/A,N/A,
30639099,王悦宁,2,硕士研究生,,N/A,理学,1
30639112,魏璇,2,硕士研究生,,N/A,N/A,
30639109,孙硕,2,硕士研究生,10143850,北京大学,计算机技术,1
30637596,王帆,1,博士研究生,10143851,清华大学,仪器科学与技术,1
30639207,陈佶,3,本科,10389334,伦敦南岸大学,金融与会计学,5
30639207,陈佶,2,硕士研究生,10445701,英国萨塞克斯大学,管理及金融学,6
3E+19,赵建,2,硕士研究生,,N/A,N/A,
30549140,李汉楠,2,硕士研究生,10143850,北京大学,经济学,5
30639204,张乐涛,2,硕士研究生,,N/A,N/A,
30639199,解锐,2,硕士研究生,10143851,清华大学,金融,5
30638043,王瑶,2,硕士研究生,,N/A,工商管理,3
30639299,陈曦,2,硕士研究生,10229126,南加州大学,金融工程,5
30639299,陈曦,3,本科,10226510,同济大学,交通工程,1
3E+19,蒋晓锋,2,硕士研究生,10226877,中国农业大学,工商管理,3
3E+19,曹玉龙,2,硕士研究生,10226507,上海交通大学,管理学,6
3E+19,曹玉龙,3,本科,10224613,华东师范大学,数学,1
3E+19,于航,1,博士研究生,10149414,复旦大学,理学,1
30639362,晏曦,2,硕士研究生,,N/A,N/A,
30639363,傅洪哲,2,硕士研究生,,N/A,药剂学,7
30603821,潘泓宇,2,硕士研究生,10389509,马里兰大学,会计学,4
30264851,汪华春,2,硕士研究生,10226737,南京大学,企业管理,3
30256066,刘芷冰,2,硕士研究生,10143850,北京大学,西方经济学,5
30243576,杨挺,2,硕士研究生,10229379,天津大学,工学,1
30286640,乔敏,3,本科,10143851,清华大学,工学,1
30440179,严婧璧,2,硕士研究生,10123973,中国人民大学,金融学,5
30286640,乔敏,2,硕士研究生,10229488,长江商学院,工商管理,3
30635876,于志浩,2,硕士研究生,10228796,大连理工大学,船舶与海洋结构物设计制造,1
30638044,于珅,3,本科,10226507,上海交通大学,金融学,5
3E+19,何俊春,2,硕士研究生,10224597,华东理工大学,工商管理,3
30597767,傅煜清,2,硕士研究生,10391003,加拿大麦克马斯特大学,工商管理,3
30599499,刘俊杰,2,硕士研究生,10226532,上海理工大学,国民经济学,5
30575200,余东发,2,硕士研究生,10143735,南开大学,经济学,5
30639298,卞正,3,本科,10143851,清华大学,工学,1
30394713,刘瑞,2,硕士研究生,10108675,美国哥伦比亚大学,计算机科学与技术,1
30632246,刘腾飞,2,硕士研究生,10229555,重庆大学,N/A,
3E+19,刘强,2,硕士研究生,10143851,清华大学,应用经济学,5
3E+19,刘杰,2,硕士研究生,10149414,复旦大学,数量经济学,5
30420102,叶青,2,硕士研究生,10143735,南开大学,保险学,7
30409585,向伟,1,博士研究生,10238981,香港科技大学,计算机科学与工程学,1
3E+19,吴翰,1,博士研究生,10229494,浙江大学,管理学,6
30621636,刘昇,1,博士研究生,10229494,浙江大学,电气工程,1
30632244,刘屾,2,硕士研究生,10233369,美国乔治华盛顿大学,N/A,
30579778,刘新正,2,硕士研究生,10143850,北京大学,N/A,
30639298,卞正,2,硕士研究生,10143851,清华大学,管理学,6
3E+19,吴勇,3,本科,10226507,上海交通大学,材料工程,1
3E+19,周健,2,硕士研究生,10143735,南开大学,经济学,5
3E+19,郭康斌,2,硕士研究生,,N/A,N/A,
30273994,江琦,2,硕士研究生,10226507,上海交通大学,金融学,5
30273994,江琦,3,本科,10226507,上海交通大学,生物工程,1
30639579,曾炳祥,2,硕士研究生,10226507,上海交通大学,N/A,
30639580,季运佳,3,本科,10143861,上海财经大学,N/A,
30617549,周宏成,2,硕士研究生,10445452,挪威经济学院,经济学,5
30617549,周宏成,2,硕士研究生,10389141,格拉斯哥大学,会计学,4
3E+19,安安,2,硕士研究生,,N/A,N/A,
30639581,臧子琪,2,硕士研究生,,N/A,N/A,
3E+19,征茂平,1,博士研究生,,N/A,N/A,
30420169,赵宪成,2,硕士研究生,,N/A,N/A,
30293961,张俊,2,硕士研究生,,N/A,工商管理,3
30378516,丁杰科,3,本科,,N/A,经济学,5
30378516,丁杰科,3,本科,,N/A,法学,7
30559218,张瀚宇,2,硕士研究生,,N/A,工商管理,3
3E+19,付方宝,2,硕士研究生,10226877,中国农业大学,N/A,
3E+19,傅岳鹏,2,硕士研究生,10143851,清华大学,材料科学与工程,1
30378516,丁杰科,2,硕士研究生,,N/A,产业经济学,5
30639583,高君,2,硕士研究生,10228704,北京工业大学,经济学,5
30639591,王晗,2,硕士研究生,,N/A,N/A,
30639699,王祺,2,硕士研究生,10388475,美国旧金山大学,金融分析,5
30639695,林伟,3,本科,10226507,上海交通大学,工学,1
30639695,林伟,3,本科,10226507,上海交通大学,管理学,6
30639695,林伟,2,硕士研究生,,N/A,N/A,
30639696,杨建楠,2,硕士研究生,,N/A,N/A,
30631014,郑欣,2,硕士研究生,10143878,厦门大学,经济学,5
30435817,邓娟,2,硕士研究生,,N/A,经济学,5
3E+19,黄侃,2,硕士研究生,,N/A,经济学,5
30381354,乔海英,3,本科,10229379,天津大学,制药工程,7
30639841,葛亮,2,硕士研究生,10143861,上海财经大学,N/A,
30639860,孙权,2,硕士研究生,,N/A,N/A,
30639833,吴栋栋,2,硕士研究生,,N/A,N/A,
3E+19,向志辉,2,硕士研究生,10143861,上海财经大学,N/A,
30639928,崔宁,2,硕士研究生,10143851,清华大学,N/A,
30639928,崔宁,3,本科,10143851,清华大学,N/A,
30382296,岳帅,2,硕士研究生,,N/A,N/A,
30395254,吴尚,2,硕士研究生,,N/A,理学,1
30639930,王跃文,3,本科,10235830,北京化工大学,N/A,
30615579,胡羿,2,硕士研究生,10149414,复旦大学,金融学,5
3E+19,柳祚勇,2,硕士研究生,,N/A,N/A,
3E+19,黄韵,2,硕士研究生,10143869,武汉大学,"金融学,经济学",5
3E+19,刘淼,2,硕士研究生,10143850,北京大学,工商管理,3
3E+19,夏高,1,博士研究生,10143851,清华大学,工学,1
30380853,刘旭,2,硕士研究生,10143878,厦门大学,管理学,6
30639834,牛歌,2,硕士研究生,,N/A,N/A,
30640087,朱剑胜,2,硕士研究生,10226737,南京大学,N/A,
30640070,刘益成,2,硕士研究生,10143850,北京大学,计算机应用,1
3E+19,陈连权,2,硕士研究生,,N/A,经济学,5
3E+19,周思捷,2,硕士研究生,10143861,上海财经大学,经济学,5
30640138,邸明轩,2,硕士研究生,10226507,上海交通大学,计算机科学,1
30606130,周文超,3,本科,10149414,复旦大学,理学,1
30606130,周文超,2,硕士研究生,10389282,英国帝国理工学院,理学,1
30573209,张伟锋,2,硕士研究生,10226507,上海交通大学,MBA/EMBA,2
3E+19,吴春杰,2,硕士研究生,,N/A,N/A,
30442120,王丹,3,本科,10143878,厦门大学,理学,1
30640221,马丽娜,2,硕士研究生,,N/A,N/A,
30600137,江刘玮,2,硕士研究生,,N/A,经济学,5
3E+19,苏秉毅,2,硕士研究生,10143851,清华大学,经济学,5
30567720,胡奕,2,硕士研究生,10226507,上海交通大学,金融,5
30640348,闵锐,2,硕士研究生,,N/A,N/A,
30409792,詹杰,2,硕士研究生,10143851,清华大学,工学,1
30640286,张伟,2,硕士研究生,10143850,北京大学,微电子学,1
30593893,王磊,2,硕士研究生,104432,中国人民银行研究生部,经济学,5
30628464,徐项楠,2,硕士研究生,,N/A,N/A,
30564269,郑澄然,2,硕士研究生,,N/A,金融学,5
30596370,张天麒,2,硕士研究生,,N/A,会计学,4
3E+19,朱志权,3,本科,10143861,上海财经大学,金融证券,5
3E+19,孙伟,2,硕士研究生,10143850,北京大学,"金融学,经济学",5
3E+19,秦绪文,2,硕士研究生,10238976,香港大学,工商管理,3
30556133,施荣盛,1,博士研究生,,N/A,经济学,5
30573020,郑宇光,3,本科,10143850,北京大学,金融学,5
30573020,郑宇光,3,本科,10143850,北京大学,应用数学,1
3E+19,倪超,2,硕士研究生,,N/A,金融投资学,5
3E+19,倪超,2,硕士研究生,,N/A,经济学,5
30382308,翟云飞,1,博士研究生,10144025,中国科学技术大学,统计与金融,5
30640405,张浩硕,2,硕士研究生,,N/A,金融工程,5
30571664,张子乔,2,硕士研究生,10143850,北京大学,金融学,5
3E+19,赵兵,2,硕士研究生,,N/A,N/A,
30636600,王灏,3,本科,10143851,清华大学,自动化,1
30625813,刘力,2,硕士研究生,,N/A,理学,1
30563491,王毅文,2,硕士研究生,,N/A,经济学,5
30390816,缪夏美,2,硕士研究生,10149414,复旦大学,金融学,5
30640779,杜朋哲,2,硕士研究生,10241655,美国罗格斯大学,金融统计和风险管理,5
30294574,余李平,2,硕士研究生,10143861,上海财经大学,金融学,5
30615475,游臻,2,硕士研究生,10371322,新加坡管理大学,应用金融理学,5
3E+19,徐嶒,2,硕士研究生,10238973,香港中文大学,哲学,7
30640626,李恒,1,博士研究生,,N/A,理学,1
30382391,张雪,2,硕士研究生,,N/A,工商管理,3
30640942,于润泽,3,本科,10149380,中南财经政法大学,金融工程,5
30640942,于润泽,2,硕士研究生,10385464,纽约大学,金融工程,5
30640943,邓达,2,硕士研究生,,N/A,N/A,
30640944,鲍武斌,2,硕士研究生,,N/A,N/A,
3E+19,冯雨生,2,硕士研究生,10143850,北京大学,金融学,5
3E+19,应帅,2,硕士研究生,10143850,北大光华管理学院,管理学,6
3E+19,刘树坤,2,硕士研究生,10226877,中国农业大学,农业经济管理,6
3E+19,罗文杰,2,硕士研究生,10233376,美国加州大学,计算机科学,1
30576286,孙磊,3,本科,10224613,华东师范大学,化学,1
30576286,孙磊,2,硕士研究生,10224613,华东师范大学,金融学,5
3E+19,郑伟,2,硕士研究生,10149414,复旦大学,经济学,5
30640941,张少辉,2,硕士研究生,10228933,哈尔滨工业大学,工学,1
3E+19,徐艳芳,2,硕士研究生,10143851,清华大学,N/A,
30601600,谢雨芮,2,硕士研究生,10236275,英国斯特灵大学,N/A,
30556630,周楷宁,2,硕士研究生,10143850,北京大学,工商管理,3
30641398,恩学海,2,硕士研究生,10454320,美国本特利大学,工商管理,3
30641398,恩学海,2,硕士研究生,10389837,美国东北大学,计算机,1
30641398,恩学海,3,本科,10143851,清华大学,计算机,1
30368709,邹玲玲,2,硕士研究生,10229546,中山大学,金融学,5
30382544,周锦程,2,硕士研究生,10149414,复旦大学,西方经济学,5
30392669,马韬,2,硕士研究生,10143861,上海财经大学,N/A,
3E+19,洪慧梅,2,硕士研究生,10226510,同济大学,金融学,5
30641578,张琦,1,博士研究生,10389228,莱斯特大学,应用数学,1
30641572,柯贤发,2,硕士研究生,,N/A,金融学,5
30641542,许之捷,2,硕士研究生,10241663,英国杜伦大学,金融学,5
30617102,王斌,2,硕士研究生,10229531,中国科学院,信号与信息处理,1
3E+19,孙澍,2,硕士研究生,,N/A,N/A,
30641853,张子权,2,硕士研究生,10389228,英国莱斯特大学,理学,1
30641814,祁滕,2,硕士研究生,,N/A,工学,1
3E+19,裘倩倩,2,硕士研究生,,N/A,N/A,
30568153,田维,2,硕士研究生,10143850,北京大学,金融学,5
3E+19,孔雀,2,硕士研究生,,N/A,N/A,
30600241,张宇,2,硕士研究生,10386336,英国伯明翰大学,理学,1
3E+19,衣瑛杰,2,硕士研究生,,N/A,经济学,5
30406999,张丽华,2,硕士研究生,10123973,中国人民大学,经济学,5
30576625,江俊晨,2,硕士研究生,,N/A,环球商业管理,7
30635869,柴明,2,硕士研究生,10226507,上海交通大学,工程,1
30641540,邢程,2,硕士研究生,,N/A,应用经济学,5
30382643,张永超,2,硕士研究生,10143851,清华大学,工商管理,3
30642139,莫一帆,3,本科,,N/A,N/A,
30642141,于春超,3,本科,10149380,中南财经政法大学,金融工程,5
30642141,于春超,2,硕士研究生,10385464,纽约大学,金融工程,5
30642143,王越,2,硕士研究生,,N/A,N/A,
3E+19,周平,2,硕士研究生,10149414,复旦大学,国际政治,7
3E+19,杨晓斌,2,硕士研究生,,N/A,经济学,5
30431158,曹治国,3,本科,10149381,华南理工大学经济与贸易学院,金融学,5
30547029,何崇恺,2,硕士研究生,,N/A,管理学,6
30406584,吴昊,2,硕士研究生,10224603,北京邮电大学,计算机,1
30406584,吴昊,3,本科,10224603,北京邮电大学,计算机,1
3E+19,杜才鸣,2,硕士研究生,,N/A,经济学,5
30642206,李更,2,硕士研究生,,N/A,N/A,
3E+19,杨逸君,3,本科,10143861,上海财经大学,统计学,1
3E+19,杨逸君,3,本科,10143861,上海财经大学,工商管理学,3
3E+19,刘朝阳,2,硕士研究生,,N/A,经济学,5
30640625,潘李剑,2,硕士研究生,,N/A,经济学,5
30642387,张洋,2,硕士研究生,10229429,西北大学,金融学,5
30642388,周斌,2,硕士研究生,,N/A,经济学,5
3E+19,何晓彬,1,博士研究生,,N/A,经济学,5
30619271,黄亦磊,2,硕士研究生,,N/A,理学,1
30247791,季成翔,2,硕士研究生,10403018,美国克拉克大学,金融学,5
30642564,韩雪,2,硕士研究生,,N/A,N/A,
30568158,王高,2,硕士研究生,,N/A,工程,1
30642660,蒙麒羽,2,硕士研究生,10389570,美国福特汉姆大学,管理,6
30412521,吴畏,2,硕士研究生,,N/A,N/A,
30642840,王凌霄,2,硕士研究生,,N/A,N/A,
30642857,郭志斌,2,硕士研究生,10226507,上海交通大学,统计学,1
3E+19,胡云峰,2,硕士研究生,,N/A,经济学,5
3E+19,黄万青,2,硕士研究生,10123973,中国人民大学,经济学,5
3E+19,王楠,3,本科,10143850,北京大学,金融数学,5
3E+19,王楠,2,硕士研究生,10143851,清华大学,工商管理,3
30604813,李申,2,硕士研究生,10505380,美国德克萨斯大学达拉斯分校,金融学,5
3E+19,孟阳,2,硕士研究生,,N/A,经济学,5
3E+19,楼华锋,2,硕士研究生,10226507,上海交通大学,通信与信息系统,1
30643130,周丹娜,2,硕士研究生,10589323,法国里尔第二大学,国际金融分析,5
30378593,杜磊,2,硕士研究生,10357438,美国伊利诺伊大学,工商管理,3
30643265,邢瑶,2,硕士研究生,,N/A,经济学,5
30643262,李少华,2,硕士研究生,,N/A,N/A,
30381892,魏庆国,2,硕士研究生,10143850,北京大学,经济学,5
30568008,刘勇驿,2,硕士研究生,10229114,亚利桑那州立大学,金融学,5
30643388,张剑滔,2,硕士研究生,10143869,武汉大学,金融学,5
3E+19,奚鹏洲,3,本科,,N/A,理学,1
30382623,邹唯,2,硕士研究生,10229531,中国科学院,遗传学,7
30643320,刘娜,2,硕士研究生,,N/A,经济学,5
30643768,陈功谋,2,硕士研究生,10143869,武汉大学,会计,4
30643771,梁策,2,硕士研究生,,N/A,管理学,6
30626353,庄磊,1,博士研究生,10229548,中央财经大学,金融学,5
30640287,李超,2,硕士研究生,108038,斯坦福大学,材料,1
30640287,李超,2,硕士研究生,108038,斯坦福大学,管理,6
30640287,李超,3,本科,10143851,清华大学,工学,1
30636359,陈潇扬,3,本科,10143851,清华大学,工学,1
30643907,张文浩,2,硕士研究生,,N/A,金融学,5
30638037,郑乐凯,2,硕士研究生,10143850,北京大学,经济学,5
30572317,王骏杰,3,本科,10143861,上海财经大学,市场营销学,6
30636359,陈潇扬,2,硕士研究生,10143851,清华大学,金融,5
3E+19,李腾飞,2,硕士研究生,,N/A,金融学,5
30637146,徐越,3,本科,10226507,上海交通大学,理学,1
30577138,李丹,3,本科,10123973,中国人民大学,管理学,6
30637146,徐越,2,硕士研究生,10241647,美国威斯康星大学麦迪逊分校,N/A,
30577138,李丹,2,硕士研究生,10123973,中国人民大学,管理学,6
3E+19,冉凌浩,2,硕士研究生,10241662,英国曼彻斯特大学,金融学,5
3E+19,钱伟华,2,硕士研究生,,N/A,N/A,
3E+19,林剑平,2,硕士研究生,,N/A,N/A,
30559160,彭振中,1,博士研究生,10228729,北京师范大学,金融学,5
30610235,侯嘉敏,3,本科,10143851,清华大学,工程,1
30619957,叶帅,1,博士研究生,,N/A,数学,1
30643886,张琦,1,博士研究生,,N/A,工学,1
30583660,丁杨,2,硕士研究生,,N/A,经济学,5
30635865,胡骏,2,硕士研究生,,N/A,理学,1
3E+19,周珊珊,2,硕士研究生,10143850,北京大学,软件工程,1
30434170,蔡荣成,2,硕士研究生,,N/A,金融,5
3E+19,周珊珊,3,本科,10143878,厦门大学,经济学,5
3E+19,张洪磊,2,硕士研究生,10226888,对外经济贸易大学,金融学,5
3E+19,桑劲乔,2,硕士研究生,10385759,澳大利亚麦考瑞大学,金融学,5
30557616,齐炜中,2,硕士研究生,10590383,英国约克大学,金融学,5
3E+19,李天颖,2,硕士研究生,10590383,英国约克大学,金融管理学,5
3E+19,王恒楠,2,硕士研究生,10590383,英国约克大学,数学金融,5
30564713,朱佳,2,硕士研究生,10590383,英国约克大学,商业金融与管理,5
30433118,孙静佳,2,硕士研究生,10590383,英国约克大学,会计与金融管理,6
3E+19,陈志龙,2,硕士研究生,10590383,英国约克大学,经济与金融,5
30410755,那赛男,2,硕士研究生,10590383,英国约克大学,商务金融管理,5
30600708,吴慧文,2,硕士研究生,10143869,武汉大学,金融工程,5
3E+19,李进,2,硕士研究生,,N/A,经济学,5
30632729,张振琪,2,硕士研究生,,N/A,金融,5
30591375,廖帅,3,本科,10229371,国立政治大学,资讯管理学,7
30591375,廖帅,3,本科,10229371,国立政治大学,经济学,5
30644822,翟相栋,2,硕士研究生,,N/A,N/A,
3E+19,张岩,2,硕士研究生,10143850,北京大学,金融学,5
3E+19,杨刚,2,硕士研究生,,N/A,工学,1
30393256,吴海健,2,硕士研究生,10143953,华中科技大学,金融学,5
30572369,杜聪,2,硕士研究生,10149414,复旦大学,金融学,5
30645047,董清源,2,硕士研究生,,N/A,金融学,5
30645140,石玉山,1,博士研究生,10226507,上海交通大学,经济学,5
30645139,王梓林,2,硕士研究生,,N/A,N/A,
30645222,孙博斐,2,硕士研究生,,N/A,管理学,6
30645230,贺天元,2,硕士研究生,,N/A,N/A,
30645144,宫正,2,硕士研究生,,N/A,经济学,5
3E+19,闫思倩,2,硕士研究生,,N/A,工程,1
30608869,贾健,2,硕士研究生,,N/A,工学,1
30645299,王晓川,2,硕士研究生,10143851,清华大学,N/A,
30615759,张楠,2,硕士研究生,10386336,英国伯明翰大学,理学,1
30615759,张楠,1,博士研究生,10386336,英国伯明翰大学,理学,1
30570346,陈樱子,2,硕士研究生,,N/A,理学,1
30385489,冯骋,1,博士研究生,,N/A,理学,1
30411865,黄艺明,2,硕士研究生,10143878,厦门大学,经济学,5
30599979,任涛,2,硕士研究生,10143851,清华大学,生物医学工程,7
30645651,李亚寅,2,硕士研究生,,N/A,经济学,5
3E+19,张艳,2,硕士研究生,,N/A,经济学,5
30645719,赵旸,2,硕士研究生,,N/A,经济学,5
30382515,赵小强,2,硕士研究生,104432,中国人民银行研究生部,金融学,5
30645818,张昆,2,硕士研究生,,N/A,国际商务,3
30645819,鲁娜,2,硕士研究生,,N/A,药学,7
30645820,张瑞,2,硕士研究生,,N/A,N/A,
3E+19,罗聪,2,硕士研究生,,N/A,N/A,
30646014,唐忠,2,硕士研究生,10226507,上海交通大学,管理科学与工程,6
30645922,王怀勋,2,硕士研究生,10123973,中国人民大学,金融,5
3E+19,刘建岩,2,硕士研究生,10226888,对外经贸大学,"经济学,金融学",5
30382277,杨宇俊,1,博士研究生,10226888,对外经济贸易大学,金融工程,5
3E+19,侯昊,2,硕士研究生,,N/A,经济学,5
30646435,夏琰,3,本科,10236278,新西兰梅西大学,会计学,4
3E+19,汪洋,2,硕士研究生,,N/A,理学,1
30440697,张璐,2,硕士研究生,10226507,上海交通大学,N/A,
30388992,方孝成,2,硕士研究生,10123973,中国人民大学,经济学,5
30646592,汪湛,2,硕士研究生,,N/A,N/A,
30646601,田瑞国,2,硕士研究生,,N/A,金融学,5
3E+19,徐彦,2,硕士研究生,10149414,复旦大学,管理学,6
3E+19,李博,2,硕士研究生,10143851,清华大学,工学,1
30625814,张晓,2,硕士研究生,,N/A,经济学,5
30403860,张雪薇,2,硕士研究生,,N/A,金融,5
30562998,蒋科,2,硕士研究生,,N/A,经济学,5
30564268,王瑞冬,2,硕士研究生,10143851,清华大学,工学,1
30646858,郑伟山,2,硕士研究生,,N/A,N/A,
30646860,李曾卓卓,2,硕士研究生,,N/A,经济学,5
30646861,申鹏,3,本科,10143851,清华大学,N/A,
30646861,申鹏,2,硕士研究生,10386655,法国国立工艺学院,N/A,
30646890,蔡旻昊,1,博士研究生,10224606,美国北卡罗莱纳大学,金融学,5
3E+19,田文舟,2,硕士研究生,,N/A,管理学,6
3E+19,郎振东,2,硕士研究生,,N/A,经济学,5
3E+19,彭琦岭,2,硕士研究生,,N/A,工商管理,3
30563092,陈宇庭,2,硕士研究生,,N/A,金融学,5
30576721,武幼辉,1,博士研究生,,N/A,经济学,5
3E+19,杨浩波,2,硕士研究生,,N/A,经济学,5
30434909,罗洋,2,硕士研究生,,N/A,理学,1
30563092,陈宇庭,2,硕士研究生,,N/A,理学,1
30607486,张笑天,2,硕士研究生,,N/A,理学,1
30646920,卢少强,2,硕士研究生,,N/A,N/A,
30646921,陈硕,2,硕士研究生,,N/A,N/A,
30646922,程泉璋,3,本科,,N/A,N/A,
3E+19,俞科进,2,硕士研究生,10143735,南开大学,经济学,5
30382536,周寒颖,2,硕士研究生,,N/A,工商管理,3
3E+19,张靖,2,硕士研究生,,N/A,经济学,5
3E+19,封晴,3,本科,10149380,中南财经政法大学,投资学,5
3E+19,封晴,3,本科,10143953,华中科技大学,英语,7
3E+19,封晴,2,硕士研究生,10229546,中山大学,地产经营与管理,6
30606613,邵文婷,3,本科,10128393,西南财经大学,数学,1
30606613,邵文婷,3,本科,10128393,西南财经大学,经济学,5
30606613,邵文婷,2,硕士研究生,10229162,英国诺丁汉大学,金融与投资,5
3E+19,高松,1,博士研究生,,N/A,理学,1
30600136,康钊,2,硕士研究生,,N/A,N/A,
30647164,唐博,2,硕士研究生,,N/A,金融,5
30647156,王宇恒,2,硕士研究生,,N/A,N/A,
3E+19,朱坤,2,硕士研究生,,N/A,理学,1
30594142,郭玮羚,2,硕士研究生,10226888,对外经济贸易大学,金融,5
30432626,何文忠,1,博士研究生,,N/A,金融学,5
30415416,李宪,2,硕士研究生,,N/A,"金融学,经济学",5
30433361,顾凡丁,2,硕士研究生,,N/A,计量金融学,5
30647166,骆霖苇,2,硕士研究生,,N/A,N/A,
3E+19,江峰,1,博士研究生,,N/A,管理学,6
3E+19,王超,2,硕士研究生,10143878,厦门大学,金融工程,5
30433361,顾凡丁,2,硕士研究生,,N/A,金融工程,5
3E+19,陈岚,2,硕士研究生,,N/A,经济学,5
30632082,于博,2,硕士研究生,,N/A,理学,1
3E+19,侯春燕,2,硕士研究生,10143850,北京大学,经济学,5
30647315,蔡霖,2,硕士研究生,,N/A,N/A,
30647319,刘俣豪,2,硕士研究生,,N/A,N/A,
30647321,陈永,2,硕士研究生,,N/A,N/A,
3E+19,张标,1,博士研究生,,N/A,金融学,5
30342438,赵大震,2,硕士研究生,10233376,美国加利福尼亚大学洛杉矶分校,金融工程,5
30647533,王宪彪,2,硕士研究生,10143861,上海财经大学,国际商务,3
3E+19,孙磊,1,博士研究生,10143861,上海财经大学,金融学,5
30574118,方锐,2,硕士研究生,10143850,北京大学,经济学,5
30609484,王侃,3,本科,10229493,浙江财经学院,会计学,4
30647707,郭灿,2,硕士研究生,10143735,南开大学,精算学,5
30557499,陈顾君,2,硕士研究生,10357438,伊利诺伊大学香槟分校,金融工程,5
30563394,毛时超,2,硕士研究生,10229546,中山大学,概率论与数理统计,1
30647902,雷敏,2,硕士研究生,,N/A,N/A,
30647903,曾薏桐,2,硕士研究生,10123973,中国人民大学,工商管理,3
30630942,曹建文,2,硕士研究生,,N/A,管理学,6
30378607,方抗,2,硕士研究生,,N/A,经济学,5
30253257,王丽媛,2,硕士研究生,,N/A,经济学,5
30607487,樊力谨,2,硕士研究生,,N/A,理学,1
30600263,李阳,2,硕士研究生,,N/A,工程,1
30647971,康研,1,博士研究生,10505619,马里兰大学帕克分校,N/A,
3E+19,包丽华,2,硕士研究生,10226744,南京航空航天大学,N/A,
30647962,鲁亚运,2,硕士研究生,,N/A,N/A,
30382538,周户,2,硕士研究生,10143735,南开大学,经济学,5
30648071,张文佳,2,硕士研究生,,N/A,N/A,
30648220,刘潇,2,硕士研究生,,N/A,N/A,
30248047,潘天奇,3,本科,10229339,四川大学,化学,1
30248047,潘天奇,2,硕士研究生,10241645,美国匹兹堡大学,化学,1
30248047,潘天奇,2,硕士研究生,10241645,美国匹兹堡大学,工商管理,3
30648219,单柏霖,2,硕士研究生,10143851,清华大学,集成电路工程学,1
3E+19,王东旋,3,本科,10229548,中央财经大学,理学,1
3E+19,王东旋,1,博士研究生,10229548,中央财经大学,经济学,5
3E+19,王东旋,2,硕士研究生,10143850,北京大学,金融学,5
30609232,刘炜,2,硕士研究生,10389337,伦敦商学院,金融学,5
30248047,潘天奇,3,本科,10229339,四川大学,理学,1
30248047,潘天奇,2,硕士研究生,10241645,美国匹兹堡大学,理学,1
30248047,潘天奇,4,MBA/EMBA,10484279,卡茨商学院,金融MBA,2
30648278,梁贤超,3,本科,10229339,四川大学,化学,1
30648278,梁贤超,2,硕士研究生,10241645,美国匹兹堡大学,"工商管理,化学",3
30648265,李禹成,2,硕士研究生,,N/A,N/A,
30648277,朱霞,2,硕士研究生,10226510,同济大学,交通运输规划与管理,7
30648263,朱芳草,2,硕士研究生,,N/A,N/A,
30360770,唐薇,2,硕士研究生,,N/A,N/A,
30648276,唐耀祥,2,硕士研究生,10143874,西北农林科技大学,会计学,4
30648118,陈双双,2,硕士研究生,,N/A,经济学,5
30412018,蒋华安,2,硕士研究生,,N/A,经济学,5
30648404,李荣兴,2,硕士研究生,10143850,北京大学,计算机,1
3E+19,乔培涛,3,本科,10143851,清华大学,物理学,1
3E+19,乔培涛,2,硕士研究生,10143851,清华大学,物理学,1
30601327,刘玉江,2,硕士研究生,,N/A,国际商务,3
3E+19,张晓峰,2,硕士研究生,,N/A,理学,1
30630941,侯丹琳,1,博士研究生,,N/A,N/A,
30630941,侯丹琳,2,硕士研究生,,N/A,N/A,
30404723,田宏伟,1,博士研究生,10229379,天津大学,工学,1
30244192,宫衍海,2,硕士研究生,,N/A,会计学,4
30648581,吕瑞君,2,硕士研究生,,N/A,N/A,
30648582,王兆祥,2,硕士研究生,,N/A,N/A,
30648583,陈异,2,硕士研究生,,N/A,N/A,
30648584,杨亦然,2,硕士研究生,,N/A,经济学,5
30648592,黄浩,2,硕士研究生,10128393,西南财经大学,N/A,
30648467,朱慧琳,2,硕士研究生,10385922,悉尼大学,金融学,5
30648406,梁梓颖,2,硕士研究生,,N/A,理学,1
30648407,于智翔,1,博士研究生,10241663,英国杜伦大学,金融学,5
30648686,唐正东,2,硕士研究生,10149414,复旦大学,经济学,5
30573020,郑宇光,2,硕士研究生,10226507,上海交通大学,工商管理,3
30648771,朱红,2,硕士研究生,10224597,华东理工大学,金融学,5
30577841,黄昊,2,硕士研究生,10226536,上海社会科学院,产业经济学,5
30601294,李洋,2,硕士研究生,10226507,上海交通大学,动力工程及工程热物理,1
3E+19,沈楠,2,硕士研究生,10149414,复旦大学,经济学,5
3E+19,郭志红,2,硕士研究生,,N/A,经济学,5
30648936,叶青,2,硕士研究生,,N/A,N/A,
30648935,郑少波,2,硕士研究生,10229339,四川大学,金融学,5
30648934,黄晓宾,2,硕士研究生,,N/A,经济学,5
3E+19,张烨,2,硕士研究生,10226507,上海交通大学,经济学,5
30571446,孙连玉,2,硕士研究生,10143850,北京大学,N/A,
30606386,梁仲平,2,硕士研究生,,N/A,金融学,5
30649224,刘一璠,3,本科,,N/A,工学,1
30649219,周宁,2,硕士研究生,,N/A,理学,1
3E+19,张博,1,博士研究生,10224603,北京邮电大学,电磁场与微波技术,1
30649149,李冠頔,2,硕士研究生,10143735,南开大学,金融学,5
30649222,臧钊,2,硕士研究生,,N/A,会计,4
30649155,葛佳,2,硕士研究生,,N/A,N/A,
30649260,蓝淑巍,3,本科,10229494,浙江大学,数学与应用数学,1
30649260,蓝淑巍,2,硕士研究生,10226507,上海交通大学,统计学,1
30257436,柯海东,2,硕士研究生,10229546,中山大学,财务与投资管理,4
30649406,李宛霖,2,硕士研究生,,N/A,N/A,
30262037,徐留明,2,硕士研究生,,N/A,理学,1
30410560,赵宇烨,2,硕士研究生,10143851,清华大学,金融学,5
30436210,季伟杰,1,博士研究生,,N/A,"经济学,金融学",5
30632528,叶峰,2,硕士研究生,,N/A,理学,1
3E+19,杨世进,2,硕士研究生,,N/A,药剂学,7
30582716,丁凯琳,2,硕士研究生,,N/A,金融数学,5
3E+19,季文华,2,硕士研究生,,N/A,理学,1
30595582,郑少亮,2,硕士研究生,10143850,北京大学,N/A,
30649578,陈延庆,2,硕士研究生,10385464,纽约大学,应用数学,1
30649580,Julian Wong,3,本科,10238976,香港大学,金融,5
30649580,Julian Wong,3,本科,10238976,香港大学,信息系统,7
3E+19,杨志勇,3,本科,10226510,同济大学,工学,1
3E+19,季宇,2,硕士研究生,,N/A,N/A,
3E+19,张乃禄,3,本科,10143851,清华大学,汽车工程,7
3E+19,张乃禄,2,硕士研究生,10149414,复旦大学,国际金融,5
30611842,余聪,2,硕士研究生,,N/A,经济学,5
30649661,朱子君,2,硕士研究生,,N/A,N/A,
30649660,莫敬敏,2,硕士研究生,,N/A,N/A,
30649663,程逸飞,2,硕士研究生,10123973,中国人民大学,金融学,5
3E+19,吴西燕,2,硕士研究生,10143861,上海财经大学,经济学,5
3E+19,施纵舟,2,硕士研究生,10143851,清华大学,经济,5
3E+19,施纵舟,3,本科,10143861,上海财经大学,经济,5
3E+19,李煜,1,博士研究生,10143936,南京理工大学,工学,1
30649781,喻银尤,2,硕士研究生,,N/A,N/A,
30649782,施文琪,2,硕士研究生,,N/A,N/A,
30649780,沈致远,2,硕士研究生,,N/A,N/A,
30649779,石础,1,博士研究生,10226507,上海交通大学,船舶海洋工程,7
30648278,梁贤超,2,硕士研究生,10233415,英国兰卡斯特大学,金融学,5
30649664,郑宁,2,硕士研究生,,N/A,金融,5
30649870,邓心怡,2,硕士研究生,,N/A,N/A,
30247842,杨欢,2,硕士研究生,,N/A,N/A,
30649869,孙然晔,1,博士研究生,,N/A,N/A,
30649866,刘洋,1,博士研究生,10238973,香港中文大学,N/A,
30649892,刘少军,2,硕士研究生,,N/A,金融学,5
30602568,张胤,3,本科,10149414,复旦大学,材料化学,1
30573965,孟杰,1,博士研究生,10143850,北京大学,理学,1
30649928,张冰灵,3,本科,10149378,东南大学,金融学,5
30649928,张冰灵,2,硕士研究生,10143861,上海财经大学,金融信息工程,5
30649922,易千,1,博士研究生,,N/A,财政学,5
3E+19,郑可成,2,硕士研究生,10143878,厦门大学,金融,5
30573836,闫鑫,2,硕士研究生,,N/A,工程,1
30649984,丁小丹,2,硕士研究生,,N/A,N/A,
30649982,卢烨彬,2,硕士研究生,10226507,上海交通大学,工商管理,3
30639832,朱喆丰,2,硕士研究生,,N/A,理学,1
30649983,陈亚琼,2,硕士研究生,,N/A,N/A,
30287281,童兰,2,硕士研究生,,N/A,经济学,5
30430361,邵强,2,硕士研究生,10386336,英国伯明翰大学,国际会计与金融,7
30582678,钱鑫,2,硕士研究生,,N/A,经济学,5
3E+19,张凯頔,2,硕士研究生,,N/A,经济学,5
30650079,李悦,1,博士研究生,,N/A,哲学,7
3E+19,王立,2,硕士研究生,10149380,中南财经大学,经济学,5
3E+19,郝黎黎,2,硕士研究生,,N/A,经济学,5
3E+19,闫梦璇,2,硕士研究生,10143861,上海财经大学,财经新闻专业,7
3E+19,闫梦璇,3,本科,10228681,安徽师范大学,新闻学,7
30294882,高燕芸,2,硕士研究生,10226507,上海交通大学,工商管理,3
30650074,周慕华,3,本科,10149380,中南财经政法大学,金融学,5
30649921,周雅雯,2,硕士研究生,,N/A,金融,5
30404446,林龙军,2,硕士研究生,,N/A,经济学,5
30431202,殷磊,2,硕士研究生,,N/A,管理学,6
30650174,郭琳,2,硕士研究生,,N/A,理学,1
30561772,马丁,1,博士研究生,,N/A,N/A,
30650475,周建胜,2,硕士研究生,10226507,上海交通大学,微电子学与固体电子学,1
3E+19,田瑶,2,硕士研究生,,N/A,金融学,5
30258307,范杨,2,硕士研究生,10143850,北京大学,西方经济学,5
30553373,陈舒薇,2,硕士研究生,10226507,上海交通大学,金融,5
30553373,陈舒薇,4,MBA/EMBA,10228777,宾夕法尼亚大学,MBA,2
30553373,陈舒薇,3,本科,10226507,上海交通大学,N/A,
30650652,叶力舟,2,硕士研究生,,N/A,N/A,
30615404,张志成,2,硕士研究生,10143850,北京大学,金融信息服务专业,5
3E+19,彭欣杨,2,硕士研究生,,N/A,理学,1
30650634,晏阳,2,硕士研究生,10108675,哥伦比亚大学,统计学,1
30412496,樊勇,2,硕士研究生,10128393,西南财经大学,金融工程,5
30650666,金泽宇,1,博士研究生,,N/A,N/A,
30413678,谢昌旭,2,硕士研究生,10149414,复旦大学,经济学,5
30650483,吴一静,2,硕士研究生,,N/A,经济学,5
30650337,周永冠,2,硕士研究生,10143851,清华大学,工学,1
30650337,周永冠,2,硕士研究生,10357438,伊利诺伊大学,理学,1
30612811,杨穆彬,2,硕士研究生,,N/A,金融,5
30375160,管嘉琪,2,硕士研究生,,N/A,应用统计,1
30650843,陈思,2,硕士研究生,10149414,复旦大学,国际贸易学,5
30651001,吴冰燕,2,硕士研究生,,N/A,N/A,
3E+19,姚宏福,3,本科,,N/A,N/A,
30651144,刘晨,2,硕士研究生,10389412,英国南安普顿大学,管理学,6
30651008,舒世茂,2,硕士研究生,,N/A,N/A,
30651258,黄意球,1,博士研究生,10229531,中国科学院,N/A,
30651224,唐棠,1,博士研究生,,N/A,N/A,
30651221,唐灵儿,2,硕士研究生,,N/A,N/A,
30651285,吕文弢,2,硕士研究生,10233369,乔治华盛顿大学,金融,5
3E+19,曹思,2,硕士研究生,,N/A,经济学,5
30606132,孙文,2,硕士研究生,10226888,对外经济贸易大学,金融学,5
30651293,张超,1,博士研究生,10149414,复旦大学,财务学,4
30410759,潘巍,2,硕士研究生,10108675,哥伦比亚大学,运筹学,1
30410759,潘巍,2,硕士研究生,,N/A,理学,1
30382311,张明凯,2,硕士研究生,,N/A,经济学,5
30651355,石雨萌,2,硕士研究生,,N/A,信息技术,1
3E+19,马强,2,硕士研究生,10143850,北京大学,理学,1
30381245,裴禹翔,2,硕士研究生,10226868,中南大学,金融学,5
3E+19,胡振仓,2,硕士研究生,,N/A,经济学,5
30651716,杨秋鹏,2,硕士研究生,,N/A,N/A,
30651684,王柄方,2,硕士研究生,,N/A,N/A,
30651703,王海畅,2,硕士研究生,,N/A,N/A,
30651712,王雪瑞,2,硕士研究生,10143735,南开大学,金融,5
30266565,赵森,2,硕士研究生,,N/A,N/A,
30651739,邹江渝,2,硕士研究生,10229041,英国剑桥大学,管理学,6
3E+19,郝征,2,硕士研究生,,N/A,N/A,
30422542,陈皓,2,硕士研究生,10143851,清华大学,机械工程,1
3E+19,尚琼,2,硕士研究生,10143850,北京大学,经济学,5
30615546,鲁速,2,硕士研究生,10385608,鹿特丹伊拉斯姆斯大学,理学,1
3E+19,叶敏,2,硕士研究生,,N/A,N/A,
30652804,孟晓婧,2,硕士研究生,104432,中国人民银行,N/A,
30382548,张亦博,3,本科,10143855,辽宁大学,管理学,6
30652762,张卫卫,2,硕士研究生,,N/A,N/A,
30615404,张志成,3,本科,10143850,北京大学,数学与应用数学,1
30615404,张志成,3,本科,10143850,北京大学,经济学,5
30652700,曾万平,1,博士研究生,10143733,财政部财政科学研究所,经济学,5
3E+19,李公民,2,硕士研究生,10226737,南京大学,经济学,5
30652805,李楠,2,硕士研究生,10143735,南开大学,金融学,5
30652806,温泉,3,本科,10143850,北京大学,物理学,1
30652806,温泉,3,本科,10143850,北京大学,经济学,5
30652806,温泉,2,硕士研究生,10143850,北京大学,金融学,5
30652724,黄小虎,1,博士研究生,10242727,香港城市大学,N/A,
3E+19,刘思,3,本科,10229548,中央财经大学,金融学,5
3E+19,刘思,2,硕士研究生,10238976,香港大学,经济学,5
3E+19,吴尚伟,2,硕士研究生,10229146,新加坡南洋理工大学,金融学,5
3E+19,金梦,3,本科,,N/A,心理学,7
30617673,林炎滨,2,硕士研究生,,N/A,管理学,6
3E+19,金梦,3,本科,,N/A,数学与应用数学,1
30653137,刘东勃,2,硕士研究生,,N/A,N/A,
30438283,刘慧影,3,本科,,N/A,N/A,
30389114,吴刚,2,硕士研究生,10238973,香港中文大学,哲学,7
30410219,赵超,2,硕士研究生,10143869,武汉大学,管理学,6
30653136,陶永超,2,硕士研究生,10108695,杜克大学,量化金融经济学,5
30653132,高丰臣,2,硕士研究生,,N/A,N/A,
3E+19,韩聪,1,博士研究生,10143861,上海财经大学,经济学,5
3E+19,夏小文,1,博士研究生,,N/A,经济学,5
3E+19,张昂,2,硕士研究生,10242727,香港城市大学,经济学,5
30653303,苏莹,2,硕士研究生,10226888,对外经济贸易大学,国民经济学,5
30382891,龙悦芳,2,硕士研究生,,N/A,"金融学,经济学",5
30653403,严撼,3,本科,10143878,厦门大学,数学,1
30653403,严撼,2,硕士研究生,10226536,上海社科院,经济学,5
3E+19,刘赞,2,硕士研究生,10385501,美国纽约州立大学,理学,1
30653396,廖裕舟,2,硕士研究生,,N/A,N/A,
30653401,周冲,2,硕士研究生,10143850,北京大学,经济学,5
30653398,孔令烨,2,硕士研究生,10229098,英国伦敦大学,金融风险管理,5
30653400,徐帅宇,2,硕士研究生,10241649,美国密歇根大学,量化金融与风险管理,5
30653402,蓝烨,2,硕士研究生,10143878,厦门大学,金融学,5
3E+19,李可颖,2,硕士研究生,10143735,南开大学,法学,7
3E+19,杨飞,2,硕士研究生,,N/A,经济学,5
30653399,雷文渊,3,本科,10149414,复旦大学,数学,1
30653399,雷文渊,2,硕士研究生,10149414,复旦大学,金融,5
30551977,王博,2,硕士研究生,,N/A,工学,1
3E+19,邹卫,2,硕士研究生,,N/A,经济学,5
30653624,任宁钦,2,硕士研究生,,N/A,N/A,
30653632,吕静杰,3,本科,,N/A,经济学,5
3E+19,李耀光,2,硕士研究生,,N/A,经济学,5
30376850,牛致远,1,博士研究生,10371368,美国俄亥俄州立大学,材料科学与工程,1
30653622,皮姗姗,3,本科,,N/A,N/A,
3E+19,罗黎军,2,硕士研究生,10149414,复旦大学,世界经济学,5
30653623,裴颖,2,硕士研究生,,N/A,N/A,
30653630,陈涛,2,硕士研究生,,N/A,工学,1
30431646,郑中华,1,博士研究生,10229548,中央财经大学,经济学,5
3E+19,陆琦,2,硕士研究生,,N/A,工学,1
3E+19,陆琦,3,本科,,N/A,理学,1
3E+19,马柯,2,硕士研究生,10143878,厦门大学,金融学,5
30637402,林汉耀,2,硕士研究生,10229546,中山大学,财政学,5
3E+19,和玮,2,硕士研究生,10143851,清华大学,"工程,工学",1
30352675,宋易潞,2,硕士研究生,,N/A,N/A,
30381784,曲径,2,硕士研究生,10241643,卡内基梅隆大学,计算金融,5
30653999,李博闻,2,硕士研究生,,N/A,N/A,
30653763,李澄清,2,硕士研究生,10143851,清华大学,工学,1
30382402,杨爱斌,2,硕士研究生,10149414,复旦大学,经济学,5
30654222,俞瑾,1,博士研究生,10228777,美国宾夕法尼亚大学,物理学,1
30654262,孟令上,2,硕士研究生,,N/A,N/A,
30653549,杨志栋,2,硕士研究生,,N/A,金融,5
30654254,罗水星,1,博士研究生,10143861,上海财经大学,N/A,
30650073,胡光耀,1,博士研究生,,N/A,经济学,5
3E+19,范义,2,硕士研究生,,N/A,N/A,
30654263,阮航,2,硕士研究生,,N/A,N/A,
30654362,郑天行,2,硕士研究生,,N/A,理学,1
3E+19,袁中圆,2,硕士研究生,,N/A,N/A,
30396074,苏辛,2,硕士研究生,,N/A,金融学,5
30409566,庞亚平,2,硕士研究生,,N/A,经济学,5
30654383,岳洋,1,博士研究生,,N/A,N/A,
30654382,何中值,3,本科,,N/A,N/A,
30568438,彭震威,1,博士研究生,,N/A,N/A,
30639203,汪术勤,2,硕士研究生,10143850,北京大学,西方经济学,5
30654487,郭子琨,2,硕士研究生,,N/A,N/A,
30441218,谢家乐,2,硕士研究生,10143953,华中科技大学,工学,1
30645818,张昆,2,硕士研究生,10143851,清华大学,金融学,5
30295023,张朋,2,硕士研究生,,N/A,管理学,6
30295023,张朋,3,本科,10149414,复旦大学,N/A,
30632526,杨庆运,2,硕士研究生,,N/A,经济学,5
30603829,柏杨,1,博士研究生,10238976,香港大学,金融学,5
30654612,邱晓旭,1,博士研究生,,N/A,N/A,
30654613,韩昭,2,硕士研究生,,N/A,N/A,
3E+19,张竞竞,2,硕士研究生,,N/A,N/A,
3E+19,邓宇翔,2,硕士研究生,10144025,中国科学技术大学,理学,1
30621635,张浩佳,2,硕士研究生,10226737,南京大学,工学,1
30382501,赵楠,4,MBA/EMBA,,N/A,MBA,2
30654836,李天翔,2,硕士研究生,10229548,中央财经大学,国际商务,3
3E+19,颜文浩,2,硕士研究生,10389228,英国莱斯特大学,金融经济学,5
30655002,林巧亮,2,硕士研究生,10229015,吉林大学,应用统计,1
30655004,梁晓明,2,硕士研究生,10149414,复旦大学,金融学,5
30655001,袁怡纯,2,硕士研究生,10386601,多伦多大学,金融风险管理,5
3E+19,阳宜洋,2,硕士研究生,,N/A,N/A,
30654840,揭诗琪,2,硕士研究生,10226868,中南大学,生物工程,1
3E+19,姜海洋,2,硕士研究生,10385922,悉尼大学,专业会计,5
3E+19,姜海洋,2,硕士研究生,10385922,悉尼大学,商学,5
30655267,余国豪,2,硕士研究生,,N/A,N/A,
30655266,华龙,2,硕士研究生,,N/A,N/A,
30655003,姬静,3,本科,10226888,对外经济贸易大学,经济学,5
30383011,张仲维,2,硕士研究生,10229371,台湾政治大学,国际经营与贸易学,5
30655003,姬静,2,硕士研究生,10143850,北京大学,经济学,5
30385457,李燕,2,硕士研究生,10143857,东北财经大学,金融学,5
30385457,李燕,2,硕士研究生,10143857,东北财经大学,经济学,5
30655136,金振振,2,硕士研究生,,N/A,理学,1
30578019,牛孟艺,2,硕士研究生,,N/A,管理学,6
3E+19,朱丹,2,硕士研究生,,N/A,经济学,5
30396457,杨献忠,2,硕士研究生,10123973,中国人民大学,经济学,5
30655404,赵浩添,2,硕士研究生,10226507,上海交通大学,工商管理,3
3E+19,戴军,2,硕士研究生,10229494,浙江大学,金融学,5
30550534,李金柳,2,硕士研究生,,N/A,N/A,
30631015,岳苗,2,硕士研究生,10143850,北京大学,工程,1
30640278,杨栋,3,本科,10238976,香港大学,经济与金融,5
30655648,朱梦天,2,硕士研究生,10226507,上海交通大学,应用统计,1
30656092,孔思伟,1,博士研究生,10226737,南京大学,理学,1
30656181,刘振林,2,硕士研究生,10241632,新南威尔士大学,商科金融,5
3E+19,程伟庆,1,博士研究生,10143850,北京大学,N/A,
30656180,艾邦妮,2,硕士研究生,,N/A,N/A,
3E+19,陈杰,2,硕士研究生,,N/A,管理学,6
30614765,张一然,2,硕士研究生,10229115,美国伊利诺伊理工大学,金融工程学,5
30409306,冯瑞齐,2,硕士研究生,,N/A,N/A,
30656287,马姝丽,2,硕士研究生,,N/A,金融,5
30656292,斯苑蓓,2,硕士研究生,10108675,哥伦比亚大学,金融数学,5
30656384,姬青,2,硕士研究生,10143850,北京大学,企业管理,3
30656397,仲奇超,2,硕士研究生,,N/A,N/A,
30656414,马泉林,2,硕士研究生,10229548,中央财经大学,经济学,5
30656416,李凯,1,博士研究生,,N/A,经济学,5
30656288,王壮飞,2,硕士研究生,10143850,北京大学,金融学,5
30656284,王骞,2,硕士研究生,10238976,香港大学,经济学,5
30244927,王德伦,2,硕士研究生,10143850,北京大学,N/A,
30424975,莫志刚,2,硕士研究生,10226737,南京大学,计算机技术,1
30656499,尹涛,2,硕士研究生,10224604,首都经贸大学,金融学,5
3E+19,赵劼,2,硕士研究生,10229098,伦敦政治经济学院,管理,6
30656641,吴斯泓,2,硕士研究生,,N/A,国民经济学,5
3E+19,臧淑玲,2,硕士研究生,,N/A,工商管理,3
3E+19,李秋实,2,硕士研究生,,N/A,N/A,
30389651,张立新,2,硕士研究生,,N/A,工学,1
30381760,王树丽,2,硕士研究生,10229546,中山大学,经济学,5
30381760,王树丽,3,本科,10143878,厦门大学,工学,1
3E+19,杨晓斌,2,硕士研究生,,N/A,金融学,5
3E+19,邵炜,2,硕士研究生,,N/A,政治经济学,5
3E+19,曾华,2,硕士研究生,,N/A,N/A,
3E+19,刘迟到,2,硕士研究生,,N/A,管理学,6
30656883,刘京虎,2,硕士研究生,,N/A,N/A,
30261772,梁超,2,硕士研究生,,N/A,经济学,5
30656882,燕莉,3,本科,,N/A,N/A,
30610314,王义,1,博士研究生,10143850,北京大学,药学,7
30579901,谷丹青,2,硕士研究生,10149414,复旦大学,工商管理,3
30656884,陈昂,2,硕士研究生,,N/A,N/A,
30621637,黄鼎,2,硕士研究生,10226507,上海交通大学,经济学,5
30657067,朱娟,2,硕士研究生,,N/A,N/A,
30648666,韩同利,2,硕士研究生,10385464,纽约大学,工商管理,3
30247868,张青,2,硕士研究生,10143850,北京大学,金融学,5
30379788,蓝小康,1,博士研究生,10585228,中国科学院化学研究所,高分子化学与物理,1
30381870,王志华,2,硕士研究生,10143850,北京大学,工商管理,3
30382319,颜昕,3,本科,,N/A,N/A,
30382992,张晓龙,2,硕士研究生,10144025,中国科学技术大学,金融工程,5
30390667,王华,2,硕士研究生,,N/A,N/A,
30380135,静鹏,2,硕士研究生,10143851,清华大学,N/A,
30423001,王丹,4,MBA/EMBA,,N/A,MBA,2
30565448,梁跃军,4,MBA/EMBA,10143853,中欧国际工商学院,EMBA,2
30585347,张明明,2,硕士研究生,,N/A,审计学,5
30590701,车飞,2,硕士研究生,10403039,英国雷丁大学,N/A,
30594491,沈犁,3,本科,,N/A,文学,7
30600826,魏昊,2,硕士研究生,,N/A,N/A,
30649922,易千,2,硕士研究生,,N/A,N/A,
30657178,毛丁丁,2,硕士研究生,10143850,北京大学,N/A,
30571145,万方方,2,硕士研究生,,N/A,N/A,
3E+19,张文琍,2,硕士研究生,,N/A,工商管理,3
3E+19,薛子徵,2,硕士研究生,,N/A,N/A,
3E+19,陈若劲,4,MBA/EMBA,10238973,香港中文大学,金融MBA,2
3E+19,黄海浩,2,硕士研究生,10143850,北京大学,政治经济学,5
3E+19,阳琨,2,硕士研究生,,N/A,N/A,
3E+19,詹成,2,硕士研究生,,N/A,N/A,
3E+19,胡涛,2,硕士研究生,,N/A,N/A,
3E+19,袁维德,2,硕士研究生,,N/A,N/A,
3E+19,杨岳斌,2,硕士研究生,,N/A,工商管理,3
3E+19,刘树荣,3,本科,,N/A,经济学,5
3E+19,莫海波,2,硕士研究生,,N/A,N/A,
3E+19,赵晓东,4,MBA/EMBA,10238976,香港大学,MBA,2
3E+19,胡涛,4,MBA/EMBA,10388897,美国印第安纳大学,MBA,2
3E+19,杨岳斌,4,MBA/EMBA,10386336,英国伯明翰大学,MBA,2
3E+19,王一兵,4,MBA/EMBA,10229339,四川大学,MBA,2
3E+19,李守峰,1,博士研究生,,N/A,N/A,
30657188,付裕,2,硕士研究生,10226888,对外经济贸易大学,金融学,5
30657193,何增华,2,硕士研究生,10226507,上海交通大学,凝聚态物理学,1
30657192,李伟,2,硕士研究生,10143850,北京大学,软件工程,1
30657207,王瀚霆,2,硕士研究生,10229098,英国伦敦大学,N/A,
30657204,王黎骁,2,硕士研究生,10241630,莫纳什大学,会计学,4
30657208,胡家伟,3,本科,10229546,中山大学,管理学,6
30657206,苏瑞,2,硕士研究生,10238981,香港科技大学,N/A,
30657185,郑雅洁,2,硕士研究生,10143851,清华大学,金融,5
30501024,朱靖宇,2,硕士研究生,10149414,复旦大学,金融学,5
30657020,余懿,2,硕士研究生,,N/A,经济学,5
30377472,陈佳昀,2,硕士研究生,10143861,上海财经大学,金融学,5
30265652,申恒亮,2,硕士研究生,,N/A,N/A,
30375980,徐衍鹏,1,博士研究生,,N/A,医学,7
30657363,王仁增,2,硕士研究生,10143735,南开大学,世界经济,5
30657547,何斯源,2,硕士研究生,10229098,伦敦大学,N/A,
30657549,冯晓昀,3,本科,10149414,复旦大学,管理学,6
30657545,华叶舒,N/A,,10226737,南京大学,N/A,
30657545,华叶舒,2,硕士研究生,10226507,上海交通大学,会计学,4
30657018,包正钰,2,硕士研究生,,N/A,金融,5
30657548,周东津,3,本科,10228964,河海大学,管理学,6
30657543,唐然,2,硕士研究生,,N/A,N/A,
30657550,张健,2,硕士研究生,10149414,复旦大学,金融,5
30657542,戴明洋,2,硕士研究生,10238973,香港中文大学,工商管理,3
30433546,杨宗昌,1,博士研究生,,N/A,化学,1
3E+19,王昭锋,4,MBA/EMBA,10143861,上海财经大学,工商管理,3
30604340,李欣桐,2,硕士研究生,,N/A,国际经济法,7
30264867,陈恬,2,硕士研究生,10238973,香港中文大学,金融财务工商管理,5
30657662,宋宾煌,1,博士研究生,10241630,澳大利亚莫纳什大学,电子与计算机系统,1
30657661,王振林,2,硕士研究生,10123973,中国人民大学,金融,5
30250496,糜怀清,2,硕士研究生,10143861,上海财经大学,应用经济学,5
30657808,姚惟頔,2,硕士研究生,,N/A,N/A,
3E+19,高瑞静,3,本科,,N/A,N/A,
30657957,王云鹏,2,硕士研究生,,N/A,工程,1
30657621,刘宇涛,1,博士研究生,,N/A,工学,1
30375088,贺明之,2,硕士研究生,10143850,北京大学,经济学,5
30658103,孟焱毅,2,硕士研究生,,N/A,N/A,
30658104,宋泽华,2,硕士研究生,,N/A,N/A,
3E+19,郑良海,1,博士研究生,,N/A,N/A,
3E+19,吴亮谷,2,硕士研究生,10229078,兰州商学院,"金融学,经济学",5
30658176,李文杰,2,硕士研究生,,N/A,N/A,
30658177,卜基鑫,3,本科,,N/A,N/A,
3E+19,张淼,2,硕士研究生,10143851,清华大学,公共管理,6
30658277,陈国峰,2,硕士研究生,,N/A,N/A,
30547120,戎逸洲,2,硕士研究生,10389570,福特汉姆大学,理学,1
30621372,陈韫中,2,硕士研究生,,N/A,环境管理,7
30550730,殷明,2,硕士研究生,,N/A,工程,1
30392037,彭成军,2,硕士研究生,,N/A,理学,1
30406573,于玥,2,硕士研究生,,N/A,统计学,1
30658557,赵雨濛,2,硕士研究生,10143861,上海财经大学,教育经济与管理学,7
30381274,牛兴华,2,硕士研究生,10238991,英国卡迪夫大学,国际经济、银行与金融学,5
30628626,王麟锴,2,硕士研究生,10123973,中国人民大学,金融学,5
30576743,胡文伯,2,硕士研究生,,N/A,金融数学,5
30632020,陈西铭,2,硕士研究生,10143850,北京大学,N/A,
30632021,唐晟博,2,硕士研究生,10143850,北京大学,N/A,
30578160,黄继晨,2,硕士研究生,10143735,南开大学,N/A,
30649662,朱明睿,1,博士研究生,10229531,中国科学院,药理学,1
30651452,唐屹兵,2,硕士研究生,10241655,美国罗格斯大学,N/A,
30657180,吴轶,2,硕士研究生,10143850,北京大学,应用数学,1
3E+19,陈李,2,硕士研究生,10226510,同济大学,工学,1
30265920,易俊丰,2,硕士研究生,10143953,华中科技大学,N/A,
30658621,丁怡凌,2,硕士研究生,,N/A,N/A,
30658623,王子赟,2,硕士研究生,10238981,香港科技大学,通信,7
30658624,杨曼丽,2,硕士研究生,,N/A,N/A,
3E+19,罗霄,2,硕士研究生,,N/A,N/A,
3E+19,刘欢,2,硕士研究生,10149414,复旦大学,经济学,5
3E+19,郑方镳,3,本科,10143851,清华大学,工学,1
30658664,牛伟松,2,硕士研究生,10229548,中央财经大学,N/A,
30658665,骆毅,2,硕士研究生,10228729,北京师范大学,N/A,
3E+19,郑方镳,1,博士研究生,10143878,厦门大学,管理学,6
3E+19,张雪,2,硕士研究生,10226507,上海交通大学,管理学,6
3E+19,王宁,4,MBA/EMBA,10143850,北京大学,EMBA,2
30267225,苏淼,2,硕士研究生,10149378,东南大学,管理学,6
30260423,徐华,3,本科,10143735,南开大学,金融学,5
30260423,徐华,2,硕士研究生,10143735,南开大学,经济学,5
30658881,戚海宁,2,硕士研究生,,N/A,N/A,
30563580,张婉玉,2,硕士研究生,10143861,上海财经大学,西方经济学,5
30659143,余展昌,2,硕士研究生,,N/A,金融,5
3E+19,刘鑫,1,博士研究生,,N/A,N/A,
30659162,陈蓉,2,硕士研究生,10149414,复旦大学,金融学,5
30659160,陈义进,2,硕士研究生,10143851,清华大学,管理学,6
30659142,马敦超,1,博士研究生,,N/A,化学工程与技术,1
30658824,李剑锋,2,硕士研究生,,N/A,理学,1
30658824,李剑锋,2,硕士研究生,,N/A,哲学,7
30576725,杨添琦,2,硕士研究生,,N/A,理学,1
30380129,李劭钊,2,硕士研究生,,N/A,N/A,
30380080,李倩,2,硕士研究生,10229339,四川大学,金融学,5
30434182,毕仲圆,2,硕士研究生,,N/A,经济学,5
30380080,李倩,3,本科,10229339,四川大学,金融学,5
3E+19,林昊,2,硕士研究生,,N/A,N/A,
30617790,李玉杰,2,硕士研究生,10224600,北京航空航天大学,工学,1
30659548,姜玉雯,2,硕士研究生,,N/A,N/A,
30559037,杜旭,2,硕士研究生,10149380,中南财经政法大学,金融学,5
30659318,甘信宇,2,硕士研究生,10226737,南京大学,经济学,5
30659145,蒋严泽,2,硕士研究生,10229126,南加利福尼亚大学,金融工程,5
3E+19,陈韵骋,1,博士研究生,10226507,上海交通大学,计算数学,1
30659141,刘俊文,2,硕士研究生,,N/A,理学,1
3E+19,程涛,1,博士研究生,10104898,中国社科院,经济学,5
30550284,束金伟,2,硕士研究生,10226504,东华大学,金融学,5
30660210,苗琦,2,硕士研究生,,N/A,N/A,
30262852,梁荣,2,硕士研究生,,N/A,经济学,5
3E+19,饶刚,2,硕士研究生,,N/A,理学,1
30639297,葛瑾洁,2,硕士研究生,10149414,复旦大学,N/A,
3E+19,左金保,2,硕士研究生,,N/A,经济学,5
30382400,赵枫,2,硕士研究生,,N/A,管理学,6
30660640,牛天罡,2,硕士研究生,,N/A,理学,1
30550697,张亮,2,硕士研究生,10229484,长安大学,桥梁与隧道工程,7
30660641,吴亚琼,2,硕士研究生,,N/A,管理学,6
30660639,陈宇峰,3,本科,10226516,上海大学,工学,1
30660639,陈宇峰,2,硕士研究生,10226504,东华大学,工程管理,6
30660642,郑霜,3,本科,,N/A,管理学,6
30660617,董传盛,2,硕士研究生,10149414,复旦大学,微电子,1
30660617,董传盛,1,博士研究生,10143937,加拿大麦吉尔大学,计算机工程,1
30660638,王轶,2,硕士研究生,10226737,南京大学,工业工程,1
3E+19,王怀震,2,硕士研究生,,N/A,政治经济学,5
30408569,蒋正山,2,硕士研究生,10226510,同济大学,金融,5
30660863,饶琦,2,硕士研究生,10386336,英国伯明翰大学,经济学,5
30660866,蒋勇,2,硕士研究生,,N/A,金融学,5
3E+19,杨德龙,2,硕士研究生,10143850,北京大学,金融学,5
3E+19,张蕊,2,硕士研究生,10143861,上海财经大学,工商管理,3
30660848,吴凡,2,硕士研究生,,N/A,N/A,
30660955,黄晖,1,博士研究生,,N/A,N/A,
30660958,顾伟,2,硕士研究生,10143861,上海财经大学,经济学,5
30660982,薛杨,2,硕士研究生,10143850,北京大学,生药学,7
30638353,肖洁,2,硕士研究生,,N/A,工商管理,3
30360763,宋家骥,2,硕士研究生,,N/A,管理学,6
30660956,尹子昕,2,硕士研究生,10389067,英国布里斯托大学,N/A,
30660951,左勇,2,硕士研究生,,N/A,N/A,
30660960,李照男,1,博士研究生,10143850,北京大学,概率论与数理统计学,7
30661335,李子家,3,本科,10123973,中国人民大学,N/A,
30368852,李君海,1,博士研究生,10224600,北京航空航天大学,航空宇航推进理论与工程,7
30661355,向晨,2,硕士研究生,,N/A,N/A,
30661490,马航,2,硕士研究生,10229379,天津大学,金融,5
3E+19,赵浩然,2,硕士研究生,10229379,天津大学,有机化学,1
30661336,王思岳,2,硕士研究生,10385464,纽约大学,金融工程,5
3E+19,温宇峰,2,硕士研究生,10229522,芝加哥大学,工商管理,3
30595129,周珂,2,硕士研究生,10143850,北京大学,金融学,5
3E+19,钱大千,1,博士研究生,10226507,上海交通大学,数学,1
30661604,赵迁,2,硕士研究生,,N/A,N/A,
30661959,李兮,2,硕士研究生,,N/A,N/A,
30661960,苗晓霖,2,硕士研究生,,N/A,N/A,
30661961,吴耀文,2,硕士研究生,,N/A,N/A,
3E+19,陈思行,2,硕士研究生,10149414,复旦大学,金融学,5
3E+19,耿嘉洲,2,硕士研究生,10143850,北京大学,摄影测量与遥感,7
3E+19,孔涛,2,硕士研究生,10226507,上海交通大学,经济学,5
30663442,梁国柱,2,硕士研究生,,N/A,N/A,
3E+19,王欢,3,本科,,N/A,金融学,5
30619134,王闯,2,硕士研究生,,N/A,N/A,
30391277,刘晓飞,2,硕士研究生,,N/A,N/A,
30416334,张天闻,2,硕士研究生,10149414,复旦大学,金融学,5
30663665,陈言一,2,硕士研究生,10385749,亚利桑那大学,金融,5
30663670,李睿,1,博士研究生,,N/A,N/A,
30663672,周一洋,2,硕士研究生,10108675,哥伦比亚大学,统计学,1
30663673,陈育洁,2,硕士研究生,,N/A,N/A,
30663696,贺文奇,2,硕士研究生,,N/A,N/A,
3E+19,周梦琳,2,硕士研究生,10143850,北京大学,金融学,5
30352449,徐聪,2,硕士研究生,10143850,北京大学光华管理学院,金融学,5
30663671,潘昱杉,2,硕士研究生,,N/A,金融与精算数学,1
30664116,王兰,2,硕士研究生,10226868,中南大学,工商管理,3
3E+19,刁羽,1,博士研究生,,N/A,金融数学与金融工程,5
30360768,曹渝,2,硕士研究生,10143735,南开大学,金融学,5
30559707,唐煜,2,硕士研究生,10143735,南开大学,世界经济,5
3E+19,徐博,2,硕士研究生,10143861,上海财经大学,工商管理,3
3E+19,付祥,2,硕士研究生,10226737,南京大学,管理科学与工程,6
3E+19,范国华,2,硕士研究生,,N/A,N/A,
30664898,陈聪,3,本科,10149414,复旦大学,数学与应用数学,1
30665603,王洪艳,1,博士研究生,10143850,北京大学,理学,1
30665604,吴若宗,2,硕士研究生,10143850,北京大学,工程,1
30664898,陈聪,2,硕士研究生,10241649,美国密歇根大学,金融工程,5
30541645,杨坤,2,硕士研究生,10607468,法国南特国立高等矿业学校,自动化及工业信息技术,7
30285915,韩庆,2,硕士研究生,,N/A,企业管理,3
30293811,林浩然,3,本科,10143735,南开大学,数学与应用数学,1
30293811,林浩然,2,硕士研究生,10143735,南开大学,金融工程,5
30665742,郭杰,2,硕士研究生,,N/A,金融,5
30665743,任婧,2,硕士研究生,10143850,北京大学,金融,5
3E+19,张旭东,2,硕士研究生,10224600,北京航空航天大学,N/A,
30248015,郑春明,2,硕士研究生,10224597,华东理工大学,数学,1
30627836,贾雨璇,2,硕士研究生,10229024,吉林农业大学,工学,1
30445235,宋仁杰,2,硕士研究生,,N/A,软件工程,1
30666059,叶方强,2,硕士研究生,,N/A,N/A,
30666061,程媛媛,3,本科,10143850,北京大学,经济学,5
30666061,程媛媛,3,本科,10143850,北京大学,管理学,6
30666061,程媛媛,2,硕士研究生,10143851,清华大学,管理学,6
30563090,杨金金,3,本科,10224597,华东理工大学,材料工程,1
30615942,高扬,3,本科,10143850,北京大学,经济学,5
30615942,高扬,3,本科,10224603,北京邮电大学,信息工程,1
30615942,高扬,2,硕士研究生,10143850,北京大学,计算机科学与技术,1
30666263,江源,2,硕士研究生,,N/A,N/A,
30605336,李安然,2,硕士研究生,10233415,英国兰卡斯特大学,计量金融学,5
30382621,袁蓓,2,硕士研究生,,N/A,N/A,
30404961,陈思远,2,硕士研究生,10241651,美国杜兰大学,金融学,5
30658102,戴弘毅,2,硕士研究生,10104898,中国社会科学院研究生院,金融学,5
30431723,朱璘,2,硕士研究生,,N/A,理学,1
30380173,李振宇,2,硕士研究生,,N/A,金融学,5
30666464,刘文靓,2,硕士研究生,10143851,清华大学,N/A,
30666460,王洋,3,本科,10144042,新加坡国立大学,电子工程,1
30666460,王洋,2,硕士研究生,10357438,伊利诺伊大学,金融,5
30666264,李栩,2,硕士研究生,,N/A,金融学,5
30550287,厉骞,1,博士研究生,,N/A,经济学,5
30635490,刘翰飞,1,博士研究生,10143850,北京大学,经济学,5
30666706,惠琦,2,硕士研究生,,N/A,N/A,
30666707,所付晶,3,本科,,N/A,N/A,
30666708,郑磊,3,本科,,N/A,N/A,
30666821,况晓,2,硕士研究生,10238994,上海中医药大学,药剂学,7
3E+19,杨鑫,2,硕士研究生,10226507,上海交通大学,工商管理,3
30666913,杨志武,2,硕士研究生,10386336,伯明翰大学,货币银行与金融学,5
30666914,魏成,2,硕士研究生,10143850,北京大学,西方经济学,5
30667033,李岩,2,硕士研究生,10229015,吉林大学,N/A,
30431020,娄周鑫,2,硕士研究生,,N/A,N/A,
30667030,张戈,1,博士研究生,,N/A,管理科学与工程,6
30667035,马赫,2,硕士研究生,10241663,英国杜伦大学,理学,1
30598132,王一昊,2,硕士研究生,10386336,英国伯明翰大学,国际货币与银行专业,7
30667128,李玮,3,本科,,N/A,管理学,6
30667124,周泽平,2,硕士研究生,,N/A,N/A,
30635875,郭新宇,2,硕士研究生,10226737,南京大学,工业工程,1
30667183,朱亮,2,硕士研究生,10241649,密歇根大学,应用经济学,5
30406955,罗政,2,硕士研究生,,N/A,经济学,5
30635879,李晨,2,硕士研究生,10229494,浙江大学,金融,5
30665961,宋怡健,2,硕士研究生,10386053,大阪大学,商业工程,7
30665961,宋怡健,2,硕士研究生,10226507,上海交通大学,凝聚态物理,1
30392498,应洁茜,3,本科,10229494,浙江大学,财务管理,3
30667323,徐铭,2,硕士研究生,,N/A,N/A,
30667271,胥艺,2,硕士研究生,,N/A,N/A,
30413271,高志刚,2,硕士研究生,,N/A,金融,5
3E+19,范驾云,3,本科,10226737,南京大学,工学,1
3E+19,范驾云,2,硕士研究生,10226737,南京大学,管理学,6
3E+19,李海,2,硕士研究生,10123973,中国人民大学,N/A,
30330157,孙家旭,2,硕士研究生,10226737,南京大学,计算机,1
30667544,崔古昕,2,硕士研究生,,N/A,计算机工程,1
30667546,于航,2,硕士研究生,,N/A,统计学,1
30381341,邱杰,2,硕士研究生,10143850,北京大学,经济学,5
30420383,林悦,2,硕士研究生,,N/A,应用经济学,5
3E+19,杨德龙,1,博士研究生,10143851,清华大学五道口金融学院,N/A,
3E+19,程剑,2,硕士研究生,,N/A,N/A,
30405007,魏泰源,3,本科,10143878,厦门大学,管理学,6
30667031,鲍杰,2,硕士研究生,,N/A,经济学,5
30667753,马俊飞,3,本科,10229548,中央财经大学,经济学,5
30618143,王圳杰,2,硕士研究生,10229548,中央财经大学,经济社会学,5
30667753,马俊飞,2,硕士研究生,10229548,中央财经大学,经济学,5
30325657,张翼翔,3,本科,10149414,复旦大学,经济学,5
30668042,郭思博,3,本科,10143937,加拿大麦吉尔大学,金融学,5
30668042,郭思博,2,硕士研究生,10388546,康考迪亚大学,经济学,5
30668041,杨维维,1,博士研究生,10143851,清华大学,物理化学,1
30568157,郑玲,2,硕士研究生,10143850,北京大学,金融学,5
3E+19,祝杨,2,硕士研究生,10149414,复旦大学,世界经济学,5
30668084,王天洋,2,硕士研究生,10229115,美国伊利诺伊理工大学,生物学,7
3E+19,张璐,2,硕士研究生,10143850,北京大学,企业管理,3
30668083,唐晨,2,硕士研究生,,N/A,N/A,
30668147,王夫乐,1,博士研究生,,N/A,N/A,
30668220,李浩玄,2,硕士研究生,10226510,同济大学,金融,5
30668170,平舒宇,1,博士研究生,10445692,英国伦敦大学国王学院,N/A,
30406994,孟鸣,3,本科,10238998,上海外国语大学,文学,7
30638415,罗擎,2,硕士研究生,10149414,复旦大学,金融学,5
30668391,王弈哲,2,硕士研究生,,N/A,金融学,5
30668391,王弈哲,2,硕士研究生,,N/A,会计学,4
30304333,刘航,2,硕士研究生,,N/A,N/A,
30262413,张丽新,2,硕士研究生,,N/A,N/A,
30668390,宋方云,2,硕士研究生,,N/A,N/A,
30321318,朱辰喆,2,硕士研究生,10610668,都柏林大学,管理学,6
30668601,王小刚,2,硕士研究生,,N/A,N/A,
30360801,曾捷,2,硕士研究生,10224600,北京航空航天大学,工学,1
30550753,姚石,2,硕士研究生,10143850,北京大学,应用数学,1
30550753,姚石,3,本科,10143850,北京大学,应用数学,1
30668392,王沫尘,2,硕士研究生,10143850,北京大学,经济学,5
30668600,陈敏,2,硕士研究生,,N/A,金融学,5
30668690,解文增,1,博士研究生,10149414,复旦大学,管理科学与工程,6
30668693,张琴,2,硕士研究生,,N/A,N/A,
3E+19,林海,2,硕士研究生,104432,中国人民银行研究生部,经济学,5
30668832,田荣,2,硕士研究生,10226737,南京大学,工程,1
30668833,张木,2,硕士研究生,,N/A,N/A,
30668836,刘睿聪,2,硕士研究生,,N/A,N/A,
30668839,高懋,2,硕士研究生,,N/A,经济学,5
3E+19,刘洋,2,硕士研究生,,N/A,N/A,
3E+19,李永兴,2,硕士研究生,10143850,北京大学,经济学,5
3E+19,邱骏,2,硕士研究生,10143878,厦门大学,金融工程,5
30669020,魏晨熙,2,硕士研究生,,N/A,N/A,
3E+19,王艺军,2,硕士研究生,,N/A,N/A,
30378583,王斌,2,硕士研究生,10226510,同济大学,N/A,
3E+19,王文华,2,硕士研究生,10143735,南开大学,经济学,5
30669023,张卓,3,本科,,N/A,工学,1
30669024,宋阳,2,硕士研究生,,N/A,N/A,
30669022,孙磊,2,硕士研究生,,N/A,N/A,
3E+19,彭朝阳,2,硕士研究生,10143861,上海财经大学,N/A,
30669129,牛其科,3,本科,10149381,华南理工大学,N/A,
30669113,成琦,2,硕士研究生,10143733,中国财政科学研究院,经济学,5
3E+19,刘琬姝,2,硕士研究生,,N/A,金融,5
3E+19,马强,3,本科,10224600,北京航空航天大学,工学,1
30669187,毛飞,1,博士研究生,10131627,圣路易斯华盛顿大学,N/A,
30669189,翟振,2,硕士研究生,,N/A,N/A,
30669242,王璐,2,硕士研究生,,N/A,N/A,
30669243,何英慧,2,硕士研究生,10143735,南开大学,金融工程,5
30669244,彭锐哲,2,硕士研究生,,N/A,N/A,
3E+19,姚加红,2,硕士研究生,10224600,北京航空航天大学,N/A,
30669188,孙蔚,2,硕士研究生,,N/A,理学,1
30391624,张雪蓉,2,硕士研究生,10226507,上海交通大学,金融学,5
30391624,张雪蓉,3,本科,10149414,复旦大学,金融学,5
30669449,端时立,2,硕士研究生,,N/A,N/A,
30669462,张大江,2,硕士研究生,,N/A,统计学,1
30669531,孙继鑫,2,硕士研究生,,N/A,N/A,
30669540,何怀志,2,硕士研究生,,N/A,N/A,
3E+19,杜哲,1,博士研究生,,N/A,N/A,
30669593,赵炯,2,硕士研究生,10226507,上海交通大学,材料科学与工程,1
30669593,赵炯,3,本科,10229494,浙江大学,材料科学与工程,1
30669696,管悦,2,硕士研究生,10123973,中国人民大学,金融学,5
30587742,王晓明,3,本科,10149414,复旦大学,环境科学,7
30669532,周慧,2,硕士研究生,10226507,上海交通大学,工商管理,3
30669792,王瑞,3,本科,10229411,武汉科技大学,计算机科学与技术,1
30669791,吕焱,1,博士研究生,,N/A,N/A,
30669830,连骁,2,硕士研究生,,N/A,N/A,
30669533,田鑫,2,硕士研究生,,N/A,金融学,5
30313880,张晓磊,3,本科,10224600,北京航空航天大学,航天工程,1
30313880,张晓磊,2,硕士研究生,10598485,University of Dayton,宇航工程学,1
3E+19,伍文友,2,硕士研究生,,N/A,经济学,5
30377454,陈恒,3,本科,,N/A,工学,1
3E+19,陈健玮,2,硕士研究生,10143853,中欧国际工商学院,MBA,2
30377454,陈恒,3,本科,,N/A,经济学,5
30582484,张璇,2,硕士研究生,10226507,上海交通大学,工商管理,3
30670150,王志广,2,硕士研究生,10143735,南开大学,管理学,6
3E+19,韩笑,2,硕士研究生,10233376,美国加利福尼亚大学洛杉矶分校,大气科学,1
30670261,程剑,2,硕士研究生,,N/A,N/A,
3E+19,宋芳,2,硕士研究生,10229339,四川大学,工商管理,3
3E+19,宋芳,3,本科,10229489,长沙理工大学,金融学,5
30381053,孟飞,3,本科,10229186,山东财经大学,金融学,5
30381053,孟飞,2,硕士研究生,10128393,西南财经大学,金融学,5
30670092,侯振新,2,硕士研究生,,N/A,经济学,5
30670531,徐漫,2,硕士研究生,,N/A,N/A,
30638219,姚奕帆,2,硕士研究生,10389168,华威大学,金融数学,5
30670525,周龙,2,硕士研究生,,N/A,N/A,
3E+19,陈鑫,2,硕士研究生,,N/A,N/A,
30670522,鉏国彬,2,硕士研究生,,N/A,N/A,
30670527,刘玉强,2,硕士研究生,10143850,北京大学,N/A,
30670520,何平,2,硕士研究生,,N/A,N/A,
30670528,田希蒙,2,硕士研究生,,N/A,N/A,
30670552,王晗,1,博士研究生,,N/A,N/A,
30670523,杜文歌,2,硕士研究生,,N/A,N/A,
3E+19,韩会永,2,硕士研究生,104432,中国人民银行研究生部,经济学,5
3E+19,韩会永,3,本科,10143850,北京大学,理学,1
30670585,郭若,2,硕士研究生,10238976,香港大学,金融学,5
30670585,郭若,3,本科,10143851,清华大学,工业设计,1
30670585,郭若,3,本科,10143851,清华大学,经济学,5
30670521,程仕湘,2,硕士研究生,,N/A,金融学,5
30670583,李辉,2,硕士研究生,,N/A,N/A,
30670584,李宁宁,2,硕士研究生,10235834,北京外国语大学,金融学,5
30657181,姜月,2,硕士研究生,10149414,复旦大学,金融学,5
30372880,汤龑,2,硕士研究生,10226507,上海交通大学,工学,1
30670762,付倍佳,2,硕士研究生,,N/A,N/A,
30670763,王焯,2,硕士研究生,10123973,中国人民大学,经济学,5
30670783,杨兴风,2,硕士研究生,10123973,中国人民大学,工商管理,3
3E+19,刘辉,2,硕士研究生,10385575,澳大利亚阿德莱德大学,应用金融学,5
30670950,李重阳,2,硕士研究生,,N/A,N/A,
30671027,孙霄宇,2,硕士研究生,10557678,德国耶拿大学,N/A,
30668148,丁一戈,3,本科,10144025,中国科学技术大学,数学系,1
30668148,丁一戈,2,硕士研究生,10108675,哥伦比亚大学,运筹系,1
30671105,霍达,2,硕士研究生,10123973,中国人民大学,软件工程,1
30670951,徐迅,2,硕士研究生,,N/A,金融数学,5
30671203,田业钧,1,博士研究生,10228729,北京师范大学,经济学,5
30671204,沈玉梁,2,硕士研究生,,N/A,N/A,
3E+19,王海山,2,硕士研究生,10143878,厦门大学,工学,1
3E+19,许可,2,硕士研究生,,N/A,N/A,
30671321,王作舟,2,硕士研究生,10143851,清华大学,金融学,5
30671322,高爽,2,硕士研究生,10385464,美国纽约大学,金融工程专业,5
30671323,王润栋,3,本科,10143851,清华大学,理学,1
30671323,王润栋,2,硕士研究生,10143851,清华大学,金融,5
30671343,吴伟,2,硕士研究生,10143861,上海财经大学,金融学,5
3E+19,王海军,2,硕士研究生,10143878,厦门大学,工商管理,3
3E+19,匡恒,2,硕士研究生,10242727,香港城市大学,金融学,5
3E+19,魏来,3,本科,10143850,北京大学,数学,1
3E+19,魏来,2,硕士研究生,10389570,福特汉姆大学,数量金融,5
30671205,胡泽元,1,博士研究生,10123973,中国人民大学,金融学,5
30671653,况冲,2,硕士研究生,,N/A,N/A,
30671658,李自悟,2,硕士研究生,,N/A,N/A,
3E+19,唐军,2,硕士研究生,10229546,中山大学,经济学,5
30327017,朱凯,2,硕士研究生,10226868,中南大学,冶金工程专业,1
30671799,冯思源,2,硕士研究生,10108675,哥伦比亚大学,N/A,
30671799,冯思源,3,本科,10229546,中山大学,理学,1
30378357,陈俊杰,2,硕士研究生,,N/A,N/A,
30382384,张晓泉,2,硕士研究生,10143851,清华大学,工学,1
30671995,吉翔,2,硕士研究生,10229098,伦敦政治经济学院,金融与私募股权,7
30408804,李明蔚,1,博士研究生,,N/A,N/A,
3E+19,魏凤春,1,博士研究生,10143735,南开大学,经济学,5
30412644,陆丛凡,3,本科,10149414,复旦大学,数学与应用数学,1
30412644,陆丛凡,2,硕士研究生,10143853,中欧国际工商学院,工商管理,3
3E+19,郑昱,1,博士研究生,10228964,河海大学,N/A,
30409374,王元春,2,硕士研究生,,N/A,工程,1
30360750,廖凌,2,硕士研究生,,N/A,N/A,
30663692,张秀超,2,硕士研究生,10226888,对外经济贸易大学,金融,5
30327928,李煜,2,硕士研究生,10143850,北京大学,软件工程,1
30672208,李晓然,2,硕士研究生,,N/A,金融与投资,5
30672209,朱晨曦,2,硕士研究生,10226737,南京大学,经济学,5
30576625,江俊晨,2,硕士研究生,,N/A,管理学,6
30672229,周平,2,硕士研究生,10149414,复旦大学,国际金融学,5
30672229,周平,3,本科,10128393,中国西南财经大学,经济(会计),4
30672229,周平,1,博士研究生,10220356,美国乔治亚州立大学,会计学,4
3E+19,许利明,2,硕士研究生,,N/A,经济学,5
3E+19,神玉飞,3,本科,10236273,扬州大学,经济学,5
3E+19,神玉飞,2,硕士研究生,10229355,苏州大学,金融学,5
3E+19,神玉飞,1,博士研究生,10149414,复旦大学,N/A,
30607487,樊力谨,2,硕士研究生,,N/A,经济学,5
30672311,李晓杰,2,硕士研究生,,N/A,N/A,
30439056,朱海东,2,硕士研究生,10149414,复旦大学,基础数学,1
30657182,吕怡,2,硕士研究生,10149414,复旦大学,金融学,5
30409305,齐震,1,博士研究生,,N/A,N/A,
30672426,陈修竹,2,硕士研究生,10241643,卡内基梅隆大学,化学工程,1
30353631,沈菁,2,硕士研究生,10241662,英国曼彻斯特大学,会计与金融,6
30672583,金安达,2,硕士研究生,,N/A,N/A,
30672595,王勇,1,博士研究生,,N/A,N/A,
30672594,李锐敏,3,本科,,N/A,N/A,
30672587,徐力恒,1,博士研究生,,N/A,N/A,
3E+19,尤宏业,2,硕士研究生,,N/A,N/A,
30672591,于立勇,1,博士研究生,,N/A,N/A,
30672741,韩辰尧,2,硕士研究生,10238973,香港中文大学,工商管理,3
30410200,李伟,2,硕士研究生,10226507,上海交通大学,应用经济学,5
30672740,张百鹤,2,硕士研究生,10238973,香港中文大学,金融学,5
30672843,周文群,2,硕士研究生,10242727,香港城市大学,金融,5
30433077,肖文劲,2,硕士研究生,10385869,澳大利亚墨尔本大学,金融学,5
30441826,曾健飞,2,硕士研究生,,N/A,N/A,
30672944,刘申奥,2,硕士研究生,10226507,上海交通大学,经济学,5
30672949,李进,1,博士研究生,10143851,清华大学,工学,1
30672950,樊鑫,2,硕士研究生,10149414,复旦大学,金融,5
30672960,孙营,2,硕士研究生,10228944,哈尔滨商业大学,管理学,6
30672961,刘志鹏,3,本科,10242712,鞍山科技大学,工学,1
30672962,徐程龙,2,硕士研究生,10143851,清华大学,工程,1
30672965,褚西舒,2,硕士研究生,,N/A,理学,1
30672965,褚西舒,3,本科,10389412,英国南安普顿大学,可持续能源技术,7
30672966,侯明博,2,硕士研究生,,N/A,文学,7
30672966,侯明博,3,本科,10238976,香港大学,运输政策与规划,7
30560816,徐冉,2,硕士研究生,108162,耶鲁大学,国际发展经济学,5
3E+19,潘江,2,硕士研究生,108162,美国耶鲁大学,MBA,2
3E+19,周欣,2,硕士研究生,108162,耶鲁大学商学院,工商管理,3
30381253,钱辉,2,硕士研究生,108162,美国耶鲁大学,工商管理,3
30324741,卢博森,2,硕士研究生,108162,耶鲁大学,化学工程,1
30673108,魏伟,2,硕士研究生,,N/A,N/A,
30673110,刘星宇,2,硕士研究生,,N/A,N/A,
30673003,张晓宇,2,硕士研究生,,N/A,金融学,5
30673003,张晓宇,2,硕士研究生,,N/A,经济学,5
3E+19,欧阳健,2,硕士研究生,10229546,中山大学,N/A,
3E+19,李子波,2,硕士研究生,10233408,英国拉夫堡大学,金融,5
30631130,陈思靖,2,硕士研究生,10226507,上海交通大学,金融,5
30427952,郑科,2,硕士研究生,,N/A,经济学,5
30673408,黄晓磊,3,本科,10143850,北京大学,管理学,6
30673408,黄晓磊,3,本科,10143850,北京大学,经济学,5
30673410,李训练,2,硕士研究生,,N/A,管理学,6
30673494,周晓东,2,硕士研究生,10143851,清华大学,工程,1
30673345,毕建强,2,硕士研究生,10143850,北京大学,金融,5
30673344,张浩,2,硕士研究生,10143850,北京大学,金融,5
3E+19,廖晓东,2,硕士研究生,10228703,北京工商大学,经济学,5
30673348,黄智然,2,硕士研究生,10233358,北京协和医学院,公共卫生,7
30673342,王达,3,本科,,N/A,金融学,5
30673343,王可三,2,硕士研究生,10465968,美国西北大学,理学,1
30673346,马文婷,2,硕士研究生,10143953,华中科技大学,资产评估,7
30673497,张彩婷,2,硕士研究生,10143851,清华大学,经济学,5
30673593,刘晓兰,3,本科,10229548,中央财经大学,N/A,
30673594,黄乐婷,2,硕士研究生,10242727,香港城市大学,电子商业及知识管理,7
30344325,容志能,2,硕士研究生,10229494,浙江大学,电子科学与技术,1
30376637,王文龙,2,硕士研究生,,N/A,N/A,
30406584,吴昊,2,硕士研究生,10143851,清华大学经管学院,N/A,
30572317,王骏杰,2,硕士研究生,10149414,复旦大学,管理学,6
3E+19,焦阳,3,本科,10226507,上海交通大学,应用化学专业,7
3E+19,焦阳,2,硕士研究生,10226507,上海交通大学,药物化学专业,7
3E+19,陈桂都,2,硕士研究生,,N/A,N/A,
3E+19,白海峰,1,博士研究生,,N/A,N/A,
3E+19,郑文旭,2,硕士研究生,10143878,厦门大学,金融工程,5
30564386,陈文,3,本科,10143851,清华大学,水利水电工程,1
30564386,陈文,2,硕士研究生,10143851,清华大学,土木工程学,1
30674226,文世伦,2,硕士研究生,,N/A,N/A,
30674240,张希晨,2,硕士研究生,10149414,复旦大学,金融,5
3E+19,刘志强,2,硕士研究生,,N/A,金融学,5
30325238,孙辰阳,2,硕士研究生,10143850,北京大学,软件工程,1
30559656,黄健生,2,硕士研究生,,N/A,应用力学,1
30559656,黄健生,2,硕士研究生,,N/A,工商管理,3
30559656,黄健生,2,硕士研究生,,N/A,计算机,1
30674224,邢科,1,博士研究生,10363772,中国人民银行金融研究所,经济学,5
30607195,朱燕琼,2,硕士研究生,10238976,香港大学,金融学,5
30674698,江伟轩,2,硕士研究生,,N/A,N/A,
3E+19,章恒,2,硕士研究生,10143851,清华大学,计算机科学与技术,1
30674927,孙悦萌,1,博士研究生,,N/A,N/A,
30675280,卢丽阳,2,硕士研究生,10123973,中国人民大学,经济学,5
30675018,於乐其,2,硕士研究生,10385759,澳大利亚麦考瑞大学,金融,5
30675376,祝祯哲,2,硕士研究生,,N/A,N/A,
30434642,曲少杰,2,硕士研究生,,N/A,N/A,
3E+19,王慧,2,硕士研究生,,N/A,N/A,
30675758,邱林晶,2,硕士研究生,10229098,英国伦敦政治经济学院,金融与经济,5
30675764,费馨涵,2,硕士研究生,,N/A,N/A,
3E+19,胡杰,2,硕士研究生,,N/A,N/A,
30675848,邹依恩,3,本科,10228777,宾夕法尼亚州立大学,金融学,5
30675763,吴海宁,2,硕士研究生,10385654,荷兰特文特大学,嵌入式系统,7
30675762,刘海啸,1,博士研究生,,N/A,理学,1
30675977,霍顺朝,2,硕士研究生,10143851,清华大学,经济学,5
30675972,李铭一,2,硕士研究生,,N/A,N/A,
30675973,杨力元,2,硕士研究生,,N/A,经济学,5
30286364,李正伟,2,硕士研究生,,N/A,N/A,
3E+19,王曦,3,本科,,N/A,N/A,
30407263,沈博文,2,硕士研究生,,N/A,金融工程,5
30407263,沈博文,2,硕士研究生,,N/A,材料科学工程,7
30676186,徐良成,2,硕士研究生,10143861,上海财经大学,工商管理,3
30676184,刘子豪,2,硕士研究生,,N/A,N/A,
30663545,欧阳倩蓉,2,硕士研究生,10143850,北京大学,金融学,5
30676561,李慧娟,2,硕士研究生,,N/A,N/A,
30676769,付婷,2,硕士研究生,,N/A,N/A,
30676781,贾玉淼,2,硕士研究生,10143851,清华大学,N/A,
30661563,杜宇,2,硕士研究生,10149414,复旦大学,金融,5
30323555,杨行远,1,博士研究生,10585228,中国科学院化学研究所,理学,1
30676964,马超然,2,硕士研究生,,N/A,N/A,
30676966,龚克寒,2,硕士研究生,10803868,里海大学,分析金融,5
30676999,陈迪,3,本科,10226888,对外经济贸易大学,金融学,5
30676999,陈迪,2,硕士研究生,10238976,香港大学,工商管理,3
30677732,沈亚峰,2,硕士研究生,,N/A,N/A,
30677284,高睿,2,硕士研究生,10229187,山东大学,金融,5
3E+19,江磊,2,硕士研究生,10143861,上海财经大学,经济学,5
30247772,姜瑛,2,硕士研究生,,N/A,N/A,
30678226,耿家琛,2,硕士研究生,,N/A,N/A,
30678229,林沐尘,2,硕士研究生,10226888,对外经济贸易大学,金融学,5
3E+19,陈乐天,2,硕士研究生,10123973,中国人民大学,N/A,
30678455,刘峣,2,硕士研究生,10143850,北京大学,金融学,5
30678455,刘峣,2,硕士研究生,10238973,香港中文大学,经济学,5
30394607,寸思敏,2,硕士研究生,10143861,上海财经大学,N/A,
3E+19,王培,2,硕士研究生,,N/A,理学,1
3E+19,黄星霖,2,硕士研究生,10143871,西安交通大学,控制科学与工程,1
30679541,邢梦醒,2,硕士研究生,,N/A,N/A,
30679542,张姝丽,2,硕士研究生,,N/A,N/A,
30677733,邱小乐,2,硕士研究生,,N/A,理学,1
30680022,李一帆,2,硕士研究生,,N/A,N/A,
30680062,丁洋,1,博士研究生,,N/A,N/A,
30680064,沈乔旸,2,硕士研究生,10224596,华东政法大学,产业经济学,5
30403649,冯自力,2,硕士研究生,10229532,中国科学院大学,创新管理,3
30680376,李文海,2,硕士研究生,10143851,清华大学,理学,1
30680377,吕程,2,硕士研究生,,N/A,金融工程学,5
30680414,高俊,2,硕士研究生,10226510,同济大学,车辆工程,1
3E+19,方旭赟,1,博士研究生,10104898,中国社会科学院,世界经济,5
30680063,欧阳良琦,1,博士研究生,,N/A,工学,1
30680561,王桃,2,硕士研究生,10226507,上海交通大学,工商管理,3
30680713,臧金娟,1,博士研究生,,N/A,N/A,
30680716,叶萌,3,本科,,N/A,N/A,
30680717,徐益东,2,硕士研究生,10143735,南开大学,N/A,
30680853,黄超,2,硕士研究生,10149381,华南理工大学,N/A,
3E+19,魏晓雪,2,硕士研究生,10149414,复旦大学,投资学,5
30680862,李沐曦,2,硕士研究生,,N/A,理学,1
30680860,李宇,2,硕士研究生,10241651,美国杜兰大学,金融学,5
30680861,朱晓明,2,硕士研究生,10226507,上海交通大学,材料科学与工程,1
30680851,张超,2,硕士研究生,10143878,厦门大学,经济学,5
30680854,周宗舟,2,硕士研究生,,N/A,N/A,
30680855,杨若愚,2,硕士研究生,10149414,复旦大学,金融,5
30681072,李佳闻,2,硕士研究生,10238981,香港科技大学,经济学,5
30676565,蒋翼超,2,硕士研究生,10385565,雪城大学,金融学,5
30681692,郝瑞,2,硕士研究生,,N/A,N/A,
3E+19,柳军,2,硕士研究生,10149414,复旦大学,财务管理,3
30681710,徐铭浩,2,硕士研究生,,N/A,N/A,
30681705,左少逸,2,硕士研究生,,N/A,N/A,
30681709,周颖恺,2,硕士研究生,,N/A,N/A,
30681701,亢豆,1,博士研究生,,N/A,N/A,
3E+19,周文波,2,硕士研究生,,N/A,N/A,
30681991,周嘉辰,2,硕士研究生,,N/A,管理学,6
3E+19,张睿,2,硕士研究生,,N/A,金融学,5
30681888,毛昆,2,硕士研究生,,N/A,金融学,5
3E+19,高源,2,硕士研究生,10229098,伦敦政治经济学院,会计与金融,6
30647163,管宇,1,博士研究生,10229494,浙江大学,应用数学,1
30682593,邓茂,2,硕士研究生,10143850,北京大学,工程管理,6
30682591,张海啸,2,硕士研究生,10149414,复旦大学,经济学,5
3E+19,冯达,2,硕士研究生,,N/A,N/A,
30682875,王林军,2,硕士研究生,10143851,清华大学,电气工程,1
30682441,倪鑫晨,2,硕士研究生,,N/A,理学,1
30641542,许之捷,3,本科,10123973,中国人民大学,金融学,5
30683039,欧阳帆,2,硕士研究生,10226737,南京大学,工业工程,1
30683040,陶斐然,2,硕士研究生,,N/A,金融学,5
30683041,徐文琪,2,硕士研究生,,N/A,N/A,
3E+19,易瓅,2,硕士研究生,,N/A,理学,1
30683042,程明,2,硕士研究生,,N/A,金融与投资,5
30683178,胡泽,1,博士研究生,,N/A,N/A,
30394395,周潜玮,2,硕士研究生,10226507,上海交通大学,管理学,6
30669021,张永强,2,硕士研究生,10149414,复旦大学,基础数学,1
3E+19,徐青,2,硕士研究生,10143851,清华大学,材料科学与工程,1
3E+19,贺大路,2,硕士研究生,,N/A,工商管理,3
30673595,程竹成,2,硕士研究生,10396110,佐治亚理工大学,金融工程,5
30683455,吴可凡,2,硕士研究生,,N/A,N/A,
3E+19,张容赫,2,硕士研究生,,N/A,N/A,
30683328,崔涛,2,硕士研究生,,N/A,理学,1
3E+19,余浩,2,硕士研究生,,N/A,软件与微电子,7
30683599,张顺晨,1,博士研究生,10143861,上海财经大学,金融学,5
30683605,黄兵,1,博士研究生,10354761,中国人民解放军总医院,医学,7
30683456,白严,2,硕士研究生,10226507,上海交通大学,工商管理,3
30683748,李传真,2,硕士研究生,10238981,香港科技大学,投资管理学,6
30683748,李传真,3,本科,10123973,中国人民大学,会计学,4
30577421,唐小东,2,硕士研究生,10811842,法国国立统计与经济管理学校,经济统计,5
30683760,林朝雄,2,硕士研究生,10226507,上海交通大学,金融学,5
30683759,许公磊,2,硕士研究生,10811842,法国国立统计与经济管理学校,金融市场,5
30683759,许公磊,2,硕士研究生,10453680,巴黎第九大学,应用数学,1
3E+19,高原,2,硕士研究生,10149414,复旦大学,理学,1
30683885,叶丰,1,博士研究生,10104898,中国社会科学院,N/A,
30683914,张婧珣,2,硕士研究生,10229098,伦敦政治经济学院,运筹学,1
30683915,韩坪,2,硕士研究生,10108695,美国杜克大学,经济学,5
30683780,牛冠群,2,硕士研究生,10143861,上海财经大学,国际商务,3
30684075,张琪,2,硕士研究生,10233408,英国拉夫堡大学,商业分析与管理,6
3E+19,谢志华,2,硕士研究生,10226510,同济大学,"应用数学,计算数学",1
30683781,刘博源,2,硕士研究生,10108675,哥伦比亚大学,N/A,
30684176,刘伟,2,硕士研究生,10143850,北京大学,金融,5
30383440,孙会东,2,硕士研究生,,N/A,N/A,
30684194,茅利伟,2,硕士研究生,,N/A,N/A,
30408026,郅元,2,硕士研究生,10403039,英国雷丁大学,金融风险管理,5
30683913,支琪凯,2,硕士研究生,10143861,上海财经大学,金融,5
3E+19,方纬,2,硕士研究生,10229098,伦敦政治经济学院,金融经济学,5
30330527,李卓轩,3,本科,10228720,北京理工大学,电子科学与技术,1
30330527,李卓轩,1,博士研究生,10224607,北京交通大学,通信与信息系统,1
30684354,刘锟,2,硕士研究生,10143861,上海财经大学,经济学,5
3E+19,王鹏,2,硕士研究生,,N/A,理学,1
30684512,蔡强,2,硕士研究生,10226868,中南大学,理学,1
30548437,刘锐,2,硕士研究生,10229531,中国科学院,工学,1
30431158,曹治国,2,硕士研究生,,N/A,N/A,
30684712,于金行,2,硕士研究生,,N/A,N/A,
30684707,徐娟,2,硕士研究生,10143861,上海财经大学,财政学,5
30684710,黄晓栋,3,本科,10149414,复旦大学,管理学,6
30563340,叶盛,3,本科,10149414,复旦大学,世界经济,5
30684495,张馨元,2,硕士研究生,,N/A,产业经济学,5
30683890,周帅,2,硕士研究生,10143735,南开大学,数量经济学,5
30684845,陈祺伟,2,硕士研究生,10149414,复旦大学,经济学,5
30684843,孔令伟,2,硕士研究生,,N/A,N/A,
30684844,寇斌权,1,博士研究生,,N/A,物理学,1
30614669,吴伟,1,博士研究生,10229494,浙江大学,N/A,
30684711,吴婷,3,本科,10229436,西南大学,会计学,4
3E+19,许娅,2,硕士研究生,10224613,华东师范大学,金融学,5
30444167,郝杰,2,硕士研究生,,N/A,N/A,
30685174,孙丹,2,硕士研究生,10143850,北京大学,经济学,5
30685174,孙丹,2,硕士研究生,10238976,香港大学,金融学,5
30436851,杨鹏,2,硕士研究生,10143850,北京大学,经济学,5
3E+19,史向明,2,硕士研究生,,N/A,理学,1
30685370,渠淼,2,硕士研究生,,N/A,理学,1
30685370,渠淼,2,硕士研究生,,N/A,金融数学,5
30442763,许廷全,2,硕士研究生,10387298,台北大学,企业管理,3
30673002,许征,2,硕士研究生,,N/A,经济学,5
30685658,陈超,2,硕士研究生,,N/A,N/A,
30685636,林嵩,2,硕士研究生,,N/A,理学,1
30678228,于成琨,2,硕士研究生,10385576,美国圣约翰大学,金融学,5
30557244,刘哲华,2,硕士研究生,10210693,澳大利亚国立大学,应用金融,5
30377574,陈平,2,硕士研究生,10226737,南京大学,金融学,5
30685867,王昱昊,2,硕士研究生,,N/A,N/A,
3E+19,周飞,2,硕士研究生,,N/A,N/A,
30685902,桑翔宇,2,硕士研究生,,N/A,N/A,
3E+19,张霖,1,博士研究生,,N/A,管理学,6
30570279,曾英捷,2,硕士研究生,,N/A,工学,1
30686231,张欢,2,硕士研究生,,N/A,经济学,5
3E+19,郑少芳,2,硕士研究生,10143850,北京大学,理学,1
3E+19,胡彧,2,硕士研究生,,N/A,化学工程与技术,1
30325656,徐闯,2,硕士研究生,10149380,中南财经政法大学,经济学,5
30686251,李一纯,2,硕士研究生,,N/A,金融学,5
30686366,李谦,2,硕士研究生,,N/A,N/A,
30686370,毛瑞翔,2,硕士研究生,,N/A,N/A,
30545353,杜广,1,博士研究生,,N/A,应用经济学,5
30686367,胡云,2,硕士研究生,,N/A,N/A,
30686564,杨可人,1,博士研究生,10149414,复旦大学,计算数学,1
30572260,郑小兵,2,硕士研究生,,N/A,N/A,
30632528,叶峰,2,硕士研究生,,N/A,法律,7
3E+19,杨绍华,2,硕士研究生,,N/A,N/A,
30686563,田逸乐,3,本科,,N/A,N/A,
30686560,孙凌昊,2,硕士研究生,,N/A,经济学,5
30686566,陆杨,2,硕士研究生,,N/A,安全工程,1
30361604,农冰立,2,硕士研究生,,N/A,工程,1
30686681,张鼎轩,2,硕士研究生,,N/A,N/A,
30686223,易威,2,硕士研究生,,N/A,应用统计,1
30686561,梁超逸,3,本科,10228777,美国宾夕法尼亚州立大学,理学,1
30686561,梁超逸,2,硕士研究生,10816468,美国耶希瓦大学,理学,1
30686562,陶棣溦,2,硕士研究生,10505619,美国马里兰大学帕克分校,公共政策,7
30686744,刘舒乐,2,硕士研究生,10143851,清华大学,金融,5
30431079,刘彬,1,博士研究生,,N/A,理学,1
30382868,尹粒宇,2,硕士研究生,,N/A,分析金融,5
30542858,轩璇,2,硕士研究生,,N/A,工学,1
30650074,周慕华,2,硕士研究生,10596305,法国高等经济与商业科学学校,N/A,
3E+19,赵荣杰,2,硕士研究生,,N/A,N/A,
30405007,魏泰源,2,硕士研究生,,N/A,N/A,
30600647,郭乃幸,1,博士研究生,10226507,上海交通大学,经济学,5
30686862,王琦,2,硕士研究生,,N/A,N/A,
3E+19,曲扬,1,博士研究生,10143851,清华大学,计算机科学与技术,1
30546225,徐志华,2,硕士研究生,10143861,上海财经大学,管理学,6
30686853,俞灏,2,硕士研究生,,N/A,N/A,
30686860,曹敏,2,硕士研究生,10357438,美国伊利诺伊大学,工商管理,3
30686861,刘欣瑜,2,硕士研究生,10149414,复旦大学,N/A,
30659320,夏正安,2,硕士研究生,10149414,复旦大学,N/A,
30686745,武玉迪,2,硕士研究生,10149414,复旦大学,金融学,5
30290114,吴晓雯,2,硕士研究生,,N/A,N/A,
30687085,郑剑,2,硕士研究生,10143871,西安交通大学,N/A,
30687100,汪轻舟,2,硕士研究生,10143850,北京大学,金融学,5
30687101,周剑,2,硕士研究生,10224597,华东理工大学,金融学,5
3E+19,郭鹏,2,硕士研究生,,N/A,N/A,
3E+19,叶忻,2,硕士研究生,10143850,北京大学,N/A,
3E+19,李珂,2,硕士研究生,,N/A,产业经济学,5
3E+19,张蕊,1,博士研究生,10229379,天津大学,科学与工程,7
30687195,苏佳,2,硕士研究生,,N/A,N/A,
3E+19,杨旭,2,硕士研究生,10108675,哥伦比亚大学,"数学金融,运筹管理学",5
3E+19,杨旭,2,硕士研究生,10385464,纽约大学,化学,1
3E+19,邵佳民,2,硕士研究生,10143861,上海财经大学,国际金融,5
30668682,葛鲁禹,2,硕士研究生,10143850,北京大学,金融学,5
30669241,张溢麟,2,硕士研究生,10229522,美国芝加哥大学,统计,1
30674926,方岑,2,硕士研究生,10143851,清华大学五道口金融学院,应用经济学,5
30685661,王星星,2,硕士研究生,10123973,中国人民大学,金融工程,5
3E+19,徐皓,1,博士研究生,,N/A,N/A,
30687542,储乐延,2,硕士研究生,,N/A,N/A,
3E+19,胡浩峰,2,硕士研究生,10229339,四川大学,管理科学与工程,6
30321317,王冠桥,2,硕士研究生,,N/A,N/A,
30382501,赵楠,2,硕士研究生,10143850,北京大学,工商管理,3
30688614,赵思轩,1,博士研究生,,N/A,工学,1
30438283,刘慧影,2,硕士研究生,,N/A,N/A,
30443083,乔亮,1,博士研究生,108038,美国斯坦福大学,"商学,工商管理",5
30688769,林澍,1,博士研究生,,N/A,N/A,
30688796,梁辰星,2,硕士研究生,10143850,北京大学,N/A,
3E+19,刘晗竹,2,硕士研究生,10143850,北京大学,金融学,5
30568151,夏荣尧,2,硕士研究生,10228993,湖南大学,金融学,5
30270714,胡世辉,2,硕士研究生,10149414,复旦大学,应用数学,1
30688768,马小东,2,硕士研究生,,N/A,N/A,
3E+19,徐寅,2,硕士研究生,,N/A,N/A,
30429200,尹海峰,2,硕士研究生,10229548,中央财经大学,金融学,5
30688912,张炀,2,硕士研究生,,N/A,N/A,
30325657,张翼翔,2,硕士研究生,10149414,复旦大学,经济学,5
30689157,王宇飞,2,硕士研究生,10143861,上海财经大学,金融学,5
30683605,黄兵,1,博士研究生,,N/A,微生物学,7
30688731,张晓霞,4,MBA/EMBA,,N/A,MBA,2
3E+19,吕慧建,4,MBA/EMBA,10144042,新加坡国立大学,MBA,2
30666464,刘文靓,4,MBA/EMBA,10236260,美国康奈尔大学,MBA,2
30293562,蒋卫华,2,硕士研究生,,N/A,N/A,
30689303,李迪,2,硕士研究生,,N/A,N/A,
30389271,李飞,2,硕士研究生,10144025,中国科学技术大学,金融工程,5
30689298,谭笑,2,硕士研究生,10229187,山东大学,金融学,5
30395034,陈文凯,2,硕士研究生,10226507,上海交通大学,金融学,5
30541784,尤国梁,2,硕士研究生,,N/A,N/A,
30669320,邓凯成,1,博士研究生,10229548,中央财经大学,金融学,5
30689409,何伟,2,硕士研究生,10143861,上海财经大学,金融学,5
30689409,何伟,2,硕士研究生,10226507,上海交通大学,工商管理学,3
30436091,林渌,2,硕士研究生,10229494,浙江大学,工学,1
30689506,刘力宁,2,硕士研究生,10229548,中央财经大学,经济学,5
30689628,丁鹏飞,2,硕士研究生,10149414,复旦大学,国际金融学,5
30261750,刘舒畅,2,硕士研究生,10226507,上海交通大学,理学,1
30689619,石东,2,硕士研究生,10242727,香港城市大学,金融学,5
30689406,韩羽辰,2,硕士研究生,10385464,纽约大学,金融工程,5
30689626,赵启元,2,硕士研究生,,N/A,N/A,
30394889,赵蓬,2,硕士研究生,10143850,北京大学,经济学,5
30689618,金御,2,硕士研究生,10229519,郑州大学,工商管理,3
30689624,陈志伟,2,硕士研究生,10143850,北京大学,经济学,5
30260118,陈水祥,2,硕士研究生,10123973,中国人民大学,金融学,5
30689744,汤明真,2,硕士研究生,,N/A,N/A,
30689733,黄昱之,2,硕士研究生,,N/A,N/A,
30689735,张宜杰,2,硕士研究生,,N/A,N/A,
30689732,李映祯,1,博士研究生,,N/A,N/A,
30689827,吴穹,2,硕士研究生,10143869,武汉大学,金融学,5
30689829,麻绎文,2,硕士研究生,,N/A,N/A,
30689896,王瑞炮,2,硕士研究生,10226507,上海交通大学,应用统计,1
30689623,袁锋,3,本科,10226888,对外经济贸易大学,经济学,5
30689914,邱天,2,硕士研究生,10143735,南开大学,N/A,
30689894,陈浩宇,2,硕士研究生,10229079,兰州大学,企业管理,3
30689895,陈飞,2,硕士研究生,10229494,浙江大学,国际贸易学,5
30689621,马磊,1,博士研究生,10149414,复旦大学,理学,1
30689620,邵蕴奇,2,硕士研究生,10143850,北京大学,金融,5
30689623,袁锋,2,硕士研究生,10385922,澳大利亚悉尼大学,商科,6
30690039,杨哲,2,硕士研究生,,N/A,N/A,
30355104,韦钰,2,硕士研究生,,N/A,N/A,
30690155,马双,2,硕士研究生,,N/A,金融学,5
30331263,崔洁铭,1,博士研究生,10149414,复旦大学,化学,1
30690329,刘庭宇,2,硕士研究生,10143861,上海财经大学,金融,5
30383531,张坚,2,硕士研究生,,N/A,N/A,
30690330,储可凡,2,硕士研究生,10143851,清华大学,应用统计,1
30690310,冯焕,2,硕士研究生,10143850,北京大学,软件工程,1
30690343,刘勇,2,硕士研究生,,N/A,N/A,
30690309,金莉,2,硕士研究生,10229377,天津财经大学,N/A,
30690331,陈子扬,2,硕士研究生,,N/A,N/A,
30690328,黄月镭,2,硕士研究生,,N/A,N/A,
30690485,李子宸,2,硕士研究生,10229522,芝加哥大学,金融数学,5
30572984,徐一,2,硕士研究生,,N/A,理学,1
30690311,李青华,3,本科,10229412,武汉理工大学,管理学,6
30690312,钱瀚,2,硕士研究生,10108675,哥伦比亚大学,统计学,1
3E+19,孟祥娟,2,硕士研究生,10149414,复旦大学,国际贸易学,5
3E+19,姚卫巍,2,硕士研究生,,N/A,金融学,5
30390964,陈乐,2,硕士研究生,10143851,清华大学,集成电路工程领域工程,7
30690833,陈静,2,硕士研究生,,N/A,经济学,5
30411550,刘洋,2,硕士研究生,10226536,上海社会科学院,财政学,5
30390443,刘宏达,2,硕士研究生,10226507,上海交通大学,会计学,4
3E+19,黄海,2,硕士研究生,10143861,上海财经大学,经济学,5
30408026,郅元,2,硕士研究生,10123973,中国人民大学,金融,5
30604534,张如晨,2,硕士研究生,10123973,中国人民大学,金融,5
30691322,赵春璋,2,硕士研究生,,N/A,N/A,
30691140,王亦琛,2,硕士研究生,10229098,伦敦大学,金融系统工程,5
30676080,赵睿,2,硕士研究生,,N/A,数学,1
30565488,吴承根,2,硕士研究生,,N/A,会计,4
30636373,王芳玲,2,硕士研究生,10229015,吉林大学,数量经济学,5
30691906,程冰,3,本科,10144082,江西财经学院,经济学,5
30630015,史少杰,1,博士研究生,10149380,中南财经政法大学,N/A,
30432781,商园波,2,硕士研究生,10143861,上海财经大学,N/A,
30692417,康冬,1,博士研究生,,N/A,N/A,
3E+19,陈倩,2,硕士研究生,,N/A,N/A,
30692717,孙浩,2,硕士研究生,10143850,北京大学,金融,5
30692718,刘斌,2,硕士研究生,10143850,北京大学,西方经济学,5
30265342,诸勤秒,2,硕士研究生,10143861,上海财经大学,统计学,1
30270091,罗雨,2,硕士研究生,,N/A,N/A,
30692804,王志鹏,2,硕士研究生,,N/A,N/A,
30692806,尚劲,2,硕士研究生,,N/A,N/A,
30692805,姚波远,1,博士研究生,,N/A,N/A,
30692807,刘琛,2,硕士研究生,,N/A,N/A,
30393352,徐嘉辰,2,硕士研究生,10241636,澳门大学,医药管理,6
30393352,徐嘉辰,3,本科,10229538,中国药科大学,药学,7
30610740,臧洁,2,硕士研究生,10226737,南京大学,N/A,
30659144,张宇驰,2,硕士研究生,10143850,光华管理学院,金融,5
30606120,司马义买买提,2,硕士研究生,10226507,上海交通大学,计算数学,1
30638044,于珅,2,硕士研究生,10226507,上海交通大学,工商管理,3
30659144,张宇驰,3,本科,10143850,北京大学数学学院,N/A,
30692803,程涛涛,2,硕士研究生,10229548,中央财经大学,N/A,
30693165,伍银,2,硕士研究生,10143861,上海财经大学,金融,5
30693167,王森,2,硕士研究生,10143851,清华大学,应用经济学,5
3E+19,王勇,1,博士研究生,,N/A,经济学,5
30378830,傅浩,2,硕士研究生,10143953,华中科技大学,概率论与数理统计,1
30608887,柳杨,2,硕士研究生,10226861,东北师范大学,法学,7
30693295,杨欣达,2,硕士研究生,,N/A,N/A,
30693419,朱黎明,2,硕士研究生,10143869,武汉大学,金融学,5
30693420,施彦珏,2,硕士研究生,10386461,法兰克福大学,理学,1
30382387,张旭,2,硕士研究生,10226888,对外经济贸易大学,N/A,
30693421,翁凯骅,2,硕士研究生,10229098,伦敦大学,管理学,6
30693422,李杨,2,硕士研究生,,N/A,N/A,
3E+19,姚卫巍,2,硕士研究生,,N/A,管理学,6
30693514,金璜,2,硕士研究生,,N/A,工学,1
30693521,吕寒,1,博士研究生,,N/A,经济学,5
30329257,徐中华,2,硕士研究生,10143869,武汉大学,N/A,
30693424,刘文魁,2,硕士研究生,,N/A,经济学,5
3E+19,孙惠成,1,博士研究生,,N/A,理学,1
30693630,彭一夫,2,硕士研究生,10143850,北京大学,N/A,
30693631,曹阳,1,博士研究生,10238973,香港中文大学,化学病理,7
30693631,曹阳,2,硕士研究生,10226876,军事医学科学院,遗传学,7
30693631,曹阳,3,本科,10229187,山东大学,生物技术,7
30413967,李树建,2,硕士研究生,,N/A,理学,1
30413967,李树建,2,硕士研究生,,N/A,金融,5
30684846,潘令旦,2,硕士研究生,,N/A,理学,1
30693423,李静文,2,硕士研究生,,N/A,经济学,5
30407251,刘泽序,2,硕士研究生,10238981,香港科技大学,生命科学,7
30693520,张清宁,2,硕士研究生,10238973,香港中文大学,金融学,5
3E+19,邱家庆,2,硕士研究生,,N/A,经济学,5
30541106,李祥源,2,硕士研究生,10210693,澳洲国立大学,金融管理,5
30693924,陈霜阳,3,本科,10143850,北京大学,会计,4
30693924,陈霜阳,2,硕士研究生,10357438,伊利诺伊大学香槟分校,会计,4
30693926,王翰生,2,硕士研究生,10241643,美国卡耐基梅隆大学,计算金融,5
3E+19,钟鸣,2,硕士研究生,,N/A,N/A,
30693930,刘盈杏,2,硕士研究生,10143850,北京大学,金融,5
30693935,谢泓材,2,硕士研究生,,N/A,N/A,
30413058,徐朝贞,2,硕士研究生,10403039,英国雷丁大学,国际证券,5
3E+19,王宝娟,2,硕士研究生,10143861,上海财经大学,管理学,6
30413058,徐朝贞,2,硕士研究生,10403039,英国雷丁大学,投资与银行,5
30420400,吴清宇,2,硕士研究生,10238976,香港大学,金融学,5
30430516,陈奕雯,2,硕士研究生,10143851,清华大学,金融,5
30694053,赵一飞,2,硕士研究生,,N/A,理学,1
30563395,高德勇,2,硕士研究生,10226507,上海交通大学,工商管理,3
30694113,杨鹏,2,硕士研究生,,N/A,N/A,
30651739,邹江渝,3,本科,10149414,复旦大学,计算机科学与技术,1
30694107,王逸俊,2,硕士研究生,10241663,英国杜伦大学,金融,5
30694108,吕莉萍,2,硕士研究生,10241649,美国密歇根大学,N/A,
30375803,张荫先,2,硕士研究生,10149381,华南理工大学,车辆工程,1
30694360,姚晨飞,2,硕士研究生,,N/A,N/A,
30694357,石坚,1,博士研究生,,N/A,N/A,
30694358,马思嘉,2,硕士研究生,10143851,清华大学,金融学,5
3E+19,杜亮,2,硕士研究生,,N/A,N/A,
30694438,蔡熠阳,2,硕士研究生,10143861,上海财经大学,金融,5
30694439,雍大为,2,硕士研究生,,N/A,N/A,
30694618,方宇翔,3,本科,10143878,厦门大学,应用数学与数理金融,5
30694618,方宇翔,2,硕士研究生,10226507,上海交通大学,金融学,5
30694697,张婷,2,硕士研究生,,N/A,N/A,
30694698,关旭,2,硕士研究生,,N/A,N/A,
30689624,陈志伟,2,硕士研究生,10238976,香港大学,金融学,5
3E+19,覃璇,2,硕士研究生,10143850,北京大学,工商管理,3
30382880,王锐,3,本科,10412668,内布拉斯加大学,工商管理,3
30695560,熊俊杰,2,硕士研究生,,N/A,理学,1
30590510,郭涛,2,硕士研究生,10226507,上海交通大学,车辆工程,1
30696013,谢夫,2,硕士研究生,,N/A,N/A,
30695278,肖爱华,2,硕士研究生,10229494,浙江大学,计算机应用,1
30696414,王萍萍,2,硕士研究生,10229548,中央财经大学,经济学,5
30696756,翟梓舰,2,硕士研究生,10108675,美国哥伦比亚大学,工业工程,1
30696757,吴秋君,1,博士研究生,,N/A,管理学,6
30696758,顾飞辰,2,硕士研究生,,N/A,管理学,6
30696751,苏华清,2,硕士研究生,,N/A,N/A,
30696752,何顺,1,博士研究生,,N/A,N/A,
30696753,黄杨荔,2,硕士研究生,,N/A,N/A,
30696755,杜超,3,本科,10226744,南京航空航天大学,计算机科学与技术,1
3E+19,高晖,2,硕士研究生,,N/A,N/A,
30373833,杨藻,2,硕士研究生,10143861,上海财经大学,产业经济学,5
30697430,陆阳,2,硕士研究生,10229494,浙江大学,仪器仪表工程,1
30697431,陈思余,3,本科,10143735,南开大学,信息安全,1
30697431,陈思余,3,本科,10143735,南开大学,法学,7
30543216,杨义山,3,本科,10143953,华中科技大学,文学,7
30696754,李育鑫,1,博士研究生,,N/A,统计学,1
30697741,吴楚男,1,博士研究生,10149414,复旦大学,金融学,5
3E+19,杜澄楷,2,硕士研究生,10143878,厦门大学,经济学,5
30697745,陈晨,2,硕士研究生,,N/A,N/A,
30697742,李子昂,2,硕士研究生,,N/A,N/A,
30697843,师华鹏,1,博士研究生,,N/A,N/A,
30697848,赵会龙,2,硕士研究生,10226507,上海交通大学,工商管理,3
30698081,成皓,2,硕士研究生,10226507,上海交通大学,工学,1
3E+19,刘锴,2,硕士研究生,,N/A,N/A,
30698563,陈铭杰,3,本科,10149414,复旦大学,生物科学,1
30698563,陈铭杰,1,博士研究生,10149414,复旦大学,生物化学与分子生物学,1
3E+19,商昌层,2,硕士研究生,10229548,中央财经大学,工商管理,3
30698875,撒伟旭,3,本科,,N/A,N/A,
30698977,刘礼彬,2,硕士研究生,10395130,美国德雷克塞尔大学,金融学,5
30698976,尹智斌,2,硕士研究生,10143851,清华大学,工学,1
30698976,尹智斌,3,本科,10143851,清华大学,工学,1
30698976,尹智斌,3,本科,10143850,北京大学,经济学,5
30381754,王宠,2,硕士研究生,,N/A,金融学,5
30699254,陈泉宏,2,硕士研究生,,N/A,N/A,
30699416,钱韬,2,硕士研究生,10229548,中央财经大学,国民经济学,5
30699417,王经瑞,2,硕士研究生,10149439,东北大学,金融学,5
30699418,李世伟,2,硕士研究生,,N/A,N/A,
30699434,任飞,1,博士研究生,,N/A,N/A,
30699494,应俊帅,3,本科,,N/A,N/A,
30640626,李恒,1,博士研究生,10143850,北京大学,物理,1
30699513,陈叶玲,3,本科,10980546,沈阳城市建设学院,会计学,4
30699864,尹珂嘉,2,硕士研究生,,N/A,N/A,
30700030,余罡,1,博士研究生,,N/A,N/A,
30700042,姚进,1,博士研究生,,N/A,理学,1
30435303,孟棋,2,硕士研究生,,N/A,经济学,5
30699874,李安,2,硕士研究生,10229494,浙江大学,金融学,5
30700090,吴翠,2,硕士研究生,,N/A,N/A,
30701115,宋立久,2,硕士研究生,,N/A,N/A,
30701142,乔华国,2,硕士研究生,,N/A,N/A,
3E+19,周思聪,2,硕士研究生,10123973,中国人民大学,金融学,5
30578094,王瑞,2,硕士研究生,10226510,同济大学,N/A,
30579766,陈金伟,2,硕士研究生,,N/A,经济学,5
30610318,蔡凤仪,2,硕士研究生,10143861,上海财经大学,N/A,
30636519,王惟,3,本科,10123973,中国人民大学,统计学,1
30636519,王惟,2,硕士研究生,,N/A,风险管理与精算,6
30701493,欧阳政,2,硕士研究生,10229548,中央财经大学,金融学,5
30701485,吴永清,2,硕士研究生,10226890,中国政法大学,管理学,6
3E+19,卢维捷,2,硕士研究生,,N/A,N/A,
3E+19,孙文龙,2,硕士研究生,,N/A,经济学,5
30701574,李波,1,博士研究生,,N/A,N/A,
30701575,靖博灵,2,硕士研究生,,N/A,N/A,
30701576,曾辉,2,硕士研究生,,N/A,N/A,
30701577,顾昕,2,硕士研究生,,N/A,N/A,
30656400,马佳,3,本科,10224597,华东理工大学,数学与应用数学,1
30678455,刘峣,3,本科,10143735,南开大学,经济学,5
30701144,明朗,2,硕士研究生,,N/A,应用统计学,1
30701144,明朗,2,硕士研究生,,N/A,化学,1
30701149,黄浩东,2,硕士研究生,,N/A,金融,5
30701152,刘文贵,2,硕士研究生,,N/A,理学,1
3E+19,杨勇,3,本科,10226507,上海交通大学,国际经济与贸易,5
3E+19,田宇,2,硕士研究生,10143850,北京大学,经济学,5
3E+19,王华,2,硕士研究生,10228933,哈尔滨工业大学,金融学,5
30595939,王子建,2,硕士研究生,,N/A,工学,1
30320122,区少萍,2,硕士研究生,10123973,中国人民大学,金融学,5
3E+19,龚丽丽,2,硕士研究生,,N/A,理学,1
30605986,张泉,2,硕士研究生,10981234,拉文大学,N/A,
30266348,王翊,2,硕士研究生,10144025,中国科学技术大学,工商管理,3
3E+19,李晶,3,本科,,N/A,N/A,
30701968,张羊城,2,硕士研究生,,N/A,经济学,5
30701772,孙佳佳,2,硕士研究生,10224613,华东师范大学,金融,5
30701881,郭昀松,2,硕士研究生,,N/A,金融,5
30692716,张迪,2,硕士研究生,10238981,香港科技大学,经济学,5
30701773,杨荔媛,2,硕士研究生,10143850,北京大学,金融,5
30701775,李梦媛,2,硕士研究生,10123973,中国人民大学,金融学,5
30702116,林艺杰,2,硕士研究生,,N/A,金融,5
30702117,刘禹良,2,硕士研究生,,N/A,N/A,
30702118,宋伯龙,2,硕士研究生,,N/A,N/A,
30702119,王中兴,1,博士研究生,,N/A,管理学,6
30702120,吴凯,2,硕士研究生,10123973,中国人民大学,世界经济,5
30702121,龙一鸣,2,硕士研究生,10143851,清华大学,金融,5
30442897,刘畅,2,硕士研究生,,N/A,N/A,
30702189,冯翰尊,3,本科,10357438,美国伊利诺伊大学香槟分校,统计学,1
30702189,冯翰尊,2,硕士研究生,10226877,中国农业大学,工商管理,3
3E+19,姜英,2,硕士研究生,10143850,北京大学,管理学,6
3E+19,姜英,2,硕士研究生,10143850,北京大学,金融学,5
30702122,任峥,2,硕士研究生,10143861,上海财经大学,国民经济学,5
30702287,单坤,2,硕士研究生,10395500,荷兰格罗宁根大学,财务管理学,3
30702288,周匀,2,硕士研究生,10229103,麻省理工学院,金融学,5
3E+19,方磊,2,硕士研究生,10229146,新加坡南洋理工大学,数学,1
30702427,姜鹏,2,硕士研究生,,N/A,经济学,5
30702283,张凯,2,硕士研究生,10123973,中国人民大学,管理,6
30702424,黄璜,2,硕士研究生,,N/A,N/A,
30702419,徐欢,2,硕士研究生,,N/A,金融,5
30702190,李冠霖,2,硕士研究生,,N/A,理学,1
30702422,李登虎,2,硕士研究生,,N/A,N/A,
30702421,林立禾,2,硕士研究生,10241649,美国密歇根大学,定量金融与风险管理,5
30702425,胡东,2,硕士研究生,,N/A,金融,5
30293504,苏超,2,硕士研究生,,N/A,N/A,
30702612,孟昱,2,硕士研究生,10229546,中山大学,理学,1
30702673,朱圆芬,2,硕士研究生,,N/A,N/A,
3E+19,凌若冰,2,硕士研究生,10229522,芝加哥大学,金融数学,5
30702681,郑众,2,硕士研究生,,N/A,N/A,
30702683,杨林,2,硕士研究生,10389168,英国华威大学,金融数学,5
30702683,杨林,3,本科,10143871,西安交通大学,金融学,5
30702767,林青,2,硕士研究生,,N/A,工商管理,3
30295377,范佳瓅,2,硕士研究生,10226507,上海交通大学,应用经济学,5
30702858,王韫涵,2,硕士研究生,,N/A,N/A,
3E+19,李涛,1,博士研究生,10226507,上海交通大学,遗传学,7
30702854,房天浩,2,硕士研究生,10210693,澳大利亚国立大学,"金融管理学,会计学",5
30702855,丁洋,2,硕士研究生,10394598,凯斯西储大学,金融学,5
30702960,邓纪超,2,硕士研究生,,N/A,N/A,
30702962,王未,3,本科,,N/A,N/A,
3E+19,温宇峰,2,硕士研究生,104432,中国人民银行总行研究生部,经济学,5
30692977,蔡国栋,2,硕士研究生,,N/A,金融,5
3E+19,李人望,2,硕士研究生,10143851,清华大学,化学工程,1
30703208,高大亮,2,硕士研究生,,N/A,金融,5
3E+19,孔学兵,2,硕士研究生,10149378,东南大学,工商管理,3
30345079,唐卓菁,2,硕士研究生,10226507,上海交通大学,工商管理学,3
30702961,邓海清,1,博士研究生,10363772,中国人民银行金融研究所,N/A,
30702961,邓海清,1,博士研究生,10149414,复旦大学,金融学,5
30703309,刘传毅,2,硕士研究生,10143850,北京大学,工程,1
30703312,孙辰旸,2,硕士研究生,,N/A,N/A,
30703316,姜峰,2,硕士研究生,10357438,美国伊利诺伊大学香槟分校,金融工程,5
3E+19,赵鑫岱,2,硕士研究生,10228720,北京理工大学,N/A,
3E+19,岳子义,2,硕士研究生,10143851,清华大学,N/A,
30420383,林悦,2,硕士研究生,10143878,厦门大学,N/A,
30649922,易千,1,博士研究生,10143733,财政部财政科学研究所,N/A,
30379284,李炳智,2,硕士研究生,10143861,上海财经大学,N/A,
30703320,孙志刚,2,硕士研究生,10143861,上海财经大学,金融学,5
3E+19,黄玥,2,硕士研究生,10229079,兰州大学,N/A,
3E+19,杨德龙,1,博士研究生,10396124,日内瓦大学,N/A,
30703322,杨雷,2,硕士研究生,,N/A,金融学,5
30703321,何康,2,硕士研究生,10149414,复旦大学,国际商务,3
30703549,叶培培,2,硕士研究生,,N/A,N/A,
30703547,孙健彬,2,硕士研究生,10143851,清华大学,经济学,5
30703546,陈鑫,2,硕士研究生,,N/A,N/A,
30703545,黄昭人,2,硕士研究生,,N/A,N/A,
30703313,郭志腾,2,硕士研究生,10143850,北京大学,金融,5
30658388,欧阳娟,1,博士研究生,,N/A,理学,1
30703579,李力然,2,硕士研究生,10389141,格拉斯哥大学,财务预测与投资学,4
30703548,武苇杭,2,硕士研究生,,N/A,统计学,1
30703550,张飞,2,硕士研究生,,N/A,金融,5
30703659,孙泽宇,2,硕士研究生,,N/A,N/A,
30703801,翁欣,2,硕士研究生,10108675,哥伦比亚大学,金融数学,5
30703798,谷青春,2,硕士研究生,,N/A,N/A,
30561044,夏宜冰,2,硕士研究生,,N/A,应用金融学,5
30703544,曹世宇,2,硕士研究生,,N/A,应用统计,1
30703884,刘敏,2,硕士研究生,10149414,复旦大学,N/A,
30703883,张鹏坤,2,硕士研究生,10226507,上海交通大学,N/A,
30703882,王欣慰,2,硕士研究生,10385922,悉尼大学,N/A,
30703875,潘媛,2,硕士研究生,10143850,北京大学,传播学,7
30703800,钦振浩,2,硕士研究生,10385759,澳大利亚麦考瑞大学,金融学,5
30704037,邹天培,3,本科,10143850,北京大学,法学,7
30704037,邹天培,3,本科,10143850,北京大学,经济学,5
30704037,邹天培,2,硕士研究生,10143850,北京大学,管理学,6
30704037,邹天培,2,硕士研究生,10238976,香港大学,金融学,5
30704039,陈楷月,2,硕士研究生,,N/A,N/A,
30704040,孟清扬,1,博士研究生,,N/A,N/A,
3E+19,林景艺,2,硕士研究生,10143850,北京大学,管理学,6
3E+19,林景艺,2,硕士研究生,10143850,北京大学,理学,1
30673596,冯玺祥,2,硕士研究生,10143850,北京大学,微电子学,1
30704038,周天,2,硕士研究生,,N/A,理学,1
30704121,宋巍巍,2,硕士研究生,,N/A,N/A,
30673596,冯玺祥,2,硕士研究生,10143850,北京大学,理学,1
30704328,李严,2,硕士研究生,10149414,复旦大学,应用统计学,1
30704451,陈亮,2,硕士研究生,,N/A,工学,1
30704462,饶于晨,2,硕士研究生,10386400,德克萨斯大学,N/A,
30704462,饶于晨,3,本科,10226518,上海外贸大学,N/A,
3E+19,叶蕊,2,硕士研究生,,N/A,金融学,5
30704582,闫阳,2,硕士研究生,,N/A,N/A,
30704583,宋玉青,2,硕士研究生,,N/A,N/A,
30704584,严堃,2,硕士研究生,,N/A,N/A,
3E+19,李涛,1,博士研究生,10226507,上海交通大学,理学,1
30327643,周昊,1,博士研究生,105239,北京有色金属研究总院,材料科学与工程,1
30704780,李庆阳,2,硕士研究生,10149381,华南理工大学,N/A,
30704930,刘伟杰,2,硕士研究生,,N/A,N/A,
30704931,吕灵卓,2,硕士研究生,,N/A,N/A,
30704957,张文静,3,本科,,N/A,N/A,
30566308,张文龙,2,硕士研究生,,N/A,工学,1
30704958,文占雅,2,硕士研究生,,N/A,N/A,
30704932,谭琳,2,硕士研究生,,N/A,N/A,
30377454,陈恒,2,硕士研究生,,N/A,应用心理,7
30704959,魏少艺,3,本科,,N/A,N/A,
30433341,冯汉杰,2,硕士研究生,,N/A,理学,1
30705031,李博航,2,硕士研究生,10143861,上海财经大学,经济学,5
30381739,WANG AO,3,本科,,N/A,商学,5
30435033,于威业,2,硕士研究生,10128393,西南财经大学,金融,5
30705086,刘旺,2,硕士研究生,10238973,香港中文大学,理学,1
30705086,刘旺,2,硕士研究生,10238973,香港中文大学,金融工程,5
30705082,李皓,2,硕士研究生,,N/A,工程,1
30705084,海洋,1,博士研究生,,N/A,N/A,
30705089,褚一凡,2,硕士研究生,,N/A,N/A,
30705081,雷冠中,2,硕士研究生,,N/A,经济学,5
30705088,黄涛,2,硕士研究生,10226510,同济大学,工学,1
30705083,崔志鹏,2,硕士研究生,,N/A,金融,5
30705163,徐平安,2,硕士研究生,,N/A,金融工程,5
30705029,李灵毓,2,硕士研究生,10143850,北京大学,微电子学与固体电子学,1
30705030,王天宜,2,硕士研究生,10226507,上海交通大学,金融学,5
30705030,王天宜,3,本科,10149414,复旦大学,工学,1
30705166,祁庆,2,硕士研究生,10149414,复旦大学,运筹学与控制论,1
30705321,张屹岩,2,硕士研究生,,N/A,理学,1
3E+19,徐辉,2,硕士研究生,,N/A,N/A,
30705320,王博瑞,2,硕士研究生,,N/A,理学,1
30705389,吴欣雨,2,硕士研究生,,N/A,N/A,
30705390,姜承操,2,硕士研究生,10143850,北京大学,金融学,5
30705390,姜承操,3,本科,10149414,复旦大学,经济学,5
30705462,孙嘉,2,硕士研究生,10236284,早稻田大学,经济学,5
30705463,尚可,1,博士研究生,,N/A,N/A,
30705461,王佐伦,2,硕士研究生,,N/A,N/A,
3E+19,管志玉,3,本科,,N/A,N/A,
3E+19,肖婵,2,硕士研究生,10149414,复旦大学,经济学,5
30705632,苏大明,2,硕士研究生,10395500,格罗宁根大学,金融学,5
30705631,张杰,2,硕士研究生,10143735,南开大学,金融,5
30705630,邵闯,2,硕士研究生,10226507,上海交通大学,工程,1
30705703,刘振中,2,硕士研究生,,N/A,N/A,
30705701,杨煜城,2,硕士研究生,10394756,约翰霍普金斯大学,理学,1
30567572,杜钧天,2,硕士研究生,10238973,香港中文大学,工商管理,3
30705802,胡健强,2,硕士研究生,10143850,北京大学,N/A,
30705629,张天乐,3,本科,10143850,北京大学,金融学,5
30705841,王家萌,2,硕士研究生,10144042,新加坡国立大学,理学,1
30705841,王家萌,3,本科,10226507,上海交通大学,工学,1
30443778,李沁,2,硕士研究生,10143850,北京大学,西方经济学,5
30620239,李理,1,博士研究生,10143851,清华大学,经济学,5
30705902,罗汇,2,硕士研究生,10229548,中央财经大学,金融学,5
30705704,王浩聿,2,硕士研究生,,N/A,经济学,5
30706187,刘欣然,2,硕士研究生,,N/A,N/A,
30705904,张展华,2,硕士研究生,,N/A,管理学,6
30706238,王方舟,2,硕士研究生,,N/A,N/A,
30706277,柳兰萱,2,硕士研究生,,N/A,N/A,
30706354,邱成岳,2,硕士研究生,,N/A,理学,1
30706355,康子冉,1,博士研究生,10123973,中国人民大学,经济学,5
30706358,李琢,2,硕士研究生,,N/A,经济学,5
30706359,李斌,2,硕士研究生,10123973,中国人民大学,金融学,5
30706412,潘水洋,1,博士研究生,10143850,北京大学,金融学,5
30706395,庞雅菁,2,硕士研究生,,N/A,金融学,5
30706491,王秀,2,硕士研究生,,N/A,N/A,
30706493,张星,2,硕士研究生,10143851,清华大学,工程,1
30706494,郑义萨,2,硕士研究生,,N/A,应用经济学,5
30706587,庞智桐,3,本科,10144025,中国科学技术大学,理学,1
30706587,庞智桐,2,硕士研究生,10229532,中国科学院大学,金融,5
30706591,何盼盼,3,本科,,N/A,N/A,
30546231,齐爱军,2,硕士研究生,10143735,南开大学,概率论与数理统计,1
30706691,柴迪伊,2,硕士研究生,,N/A,理学,1
30706796,赵明,2,硕士研究生,10224613,华东师范大学,经济学,5
30696759,李思佳,2,硕士研究生,10229041,剑桥大学,金融,5
30706901,俞玮晨,2,硕士研究生,10386671,法国雷恩商学院,国际金融,5
30706902,谢添元,2,硕士研究生,,N/A,金融,5
30706689,曹芙蓉,2,硕士研究生,10123973,中国人民大学,经济学,5
30706966,彭柏文,2,硕士研究生,,N/A,N/A,
30706967,刘帆,2,硕士研究生,10144083,吉林财经大学,会计,4
30706973,孟亦佳,2,硕士研究生,,N/A,N/A,
30706974,罗怡达,2,硕士研究生,,N/A,N/A,
3E+19,赵波,3,本科,10454423,伦敦大学皇家霍洛威学院,理学,1
3E+19,赵波,2,硕士研究生,10229098,伦敦城市大学卡斯商学院,理学,1
3E+19,赵波,1,博士研究生,10104898,中国社会科学院,经济学,5
3E+19,刘晓晨,2,硕士研究生,10387291,斯特拉斯克莱德大学,金融学,5
30360768,曹渝,3,本科,10143735,南开大学,管理学,6
30358684,左腾飞,2,硕士研究生,10143850,北京大学,企业管理学,3
30706903,方玉冰,2,硕士研究生,10149414,复旦大学,金融学,5
3E+19,王海山,3,本科,10143878,厦门大学,工学,1
3E+19,王海山,3,本科,10143878,厦门大学,经济学,5
3E+19,胡晓,2,硕士研究生,10143851,清华大学,工学,1
30548089,郑栋,2,硕士研究生,10229546,中山大学,金融学,5
30707093,李海瑞,2,硕士研究生,,N/A,工商管理,3
30707155,包佳敏,2,硕士研究生,,N/A,金融学,5
30707154,蔡尚军,1,博士研究生,10143851,清华大学,化学,1
30543511,张弘,2,硕士研究生,10226507,上海交通大学,N/A,
3E+19,严律,2,硕士研究生,10143851,清华大学,会计学,4
30707515,吕琪,2,硕士研究生,,N/A,N/A,
30707649,李俊毅,2,硕士研究生,,N/A,管理学,6
30707648,韩蕴哲,2,硕士研究生,,N/A,法律,7
3E+19,王洋,2,硕士研究生,,N/A,工学,1
30551977,王博,2,硕士研究生,10226864,中国科学院研究生院,材料学,1
30707755,王洋,2,硕士研究生,,N/A,工学,1
30707754,莫艽,2,硕士研究生,10143851,清华大学,机械制造与自动化,1
30662041,杨彬,2,硕士研究生,10143735,南开大学,工商管理,3
30383014,朱良,3,本科,10143850,北京大学,基础数学专业,1
30383014,朱良,2,硕士研究生,10241645,美国匹兹堡大学,经济学,5
30707836,汪崇阳,2,硕士研究生,10143735,南开大学,金融学,5
30707911,乔良,2,硕士研究生,,N/A,工商管理,3
30707913,曹昶,2,硕士研究生,,N/A,N/A,
30707912,李国庆,2,硕士研究生,10143851,清华大学,金融,5
30707895,程奎皓,3,本科,10226760,台湾大学,财务金融学,5
30707895,程奎皓,2,硕士研究生,10226760,台湾大学,工商管理,3
3E+19,苗宇,1,博士研究生,10149414,复旦大学,理学,1
30708035,郭欣,2,硕士研究生,10143861,上海财经大学,概率论与数理统计,1
30406145,刘谢冰,2,硕士研究生,10242727,香港城市大学,应用经济学,5
30581794,高洁,2,硕士研究生,10388475,美国旧金山大学,金融分析,5
30354644,张明烨,2,硕士研究生,10143851,清华大学,化学工程,1
3E+19,龙智浩,2,硕士研究生,,N/A,金融信息工程,5
3E+19,林帆,2,硕士研究生,104432,中国人民银行研究生部,金融学,5
30708250,王雪莹,2,硕士研究生,,N/A,N/A,
3E+19,颜彪,2,硕士研究生,10228933,哈尔滨工业大学,N/A,
30381903,吴胤希,3,本科,10143850,北京大学,经济学,5
30381903,吴胤希,2,硕士研究生,10229098,伦敦政治经济学院,理学,1
30708258,龚霄,2,硕士研究生,,N/A,N/A,
30708253,唐笑天,2,硕士研究生,10143850,北京大学,经济学,5
30360758,宋施怡,2,硕士研究生,10123973,中国人民大学,金融,5
30708259,张学明,2,硕士研究生,,N/A,N/A,
30706591,何盼盼,2,硕士研究生,,N/A,N/A,
30708307,刘曦阳,1,博士研究生,10143851,清华大学,工学,1
30680716,叶萌,2,硕士研究生,,N/A,金融学,5
30708251,施俊峰,2,硕士研究生,10241647,美国威斯康星大学麦迪逊分校,经济学,5
30708306,胡一立,2,硕士研究生,,N/A,N/A,
3E+19,李蕤宏,2,硕士研究生,10143850,北京大学,法学,7
30641162,李晴,2,硕士研究生,10226737,南京大学,管理学,6
30708255,韩超,2,硕士研究生,10143850,北京大学,金融学,5
30441829,张英,2,硕士研究生,10226507,上海交通大学,工商管理,3
30440551,花秀宁,1,博士研究生,10143851,清华大学,工学,1
30674454,黄军锋,2,硕士研究生,10143850,北京大学,"金融学,经济学",5
3E+19,刘晨,2,硕士研究生,,N/A,理学,1
30708487,张帅,1,博士研究生,,N/A,N/A,
30420398,张小郭,2,硕士研究生,10143851,清华大学,N/A,
30709066,石健行,3,本科,,N/A,金融学,5
30709067,郭益均,2,硕士研究生,10226507,上海交通大学,工商管理学,3
3E+19,翟舒,2,硕士研究生,,N/A,N/A,
30382585,易祺坤,2,硕士研究生,,N/A,N/A,
30709140,王宇,2,硕士研究生,,N/A,N/A,
30709141,罗林金,2,硕士研究生,10149414,复旦大学,金融学,5
30273418,刘嗣兴,2,硕士研究生,,N/A,世界经济学,5
30433123,刘翀,2,硕士研究生,10143861,上海财经大学,经济学,5
30266790,陈明,2,硕士研究生,,N/A,N/A,
30709355,薛晨,3,本科,,N/A,N/A,
30709494,张浩冉,3,本科,10412962,法国马赛大学,化学工程与工艺,1
30709494,张浩冉,2,硕士研究生,101135462,法国洛林大学,化学工程与工艺,1
3E+19,葛山,2,硕士研究生,10143869,武汉大学,金融学,5
30709493,黄立冬,2,硕士研究生,10226507,上海交通大学,经济学,5
30709584,俞敏超,2,硕士研究生,,N/A,管理学,6
3E+19,廖明兵,3,本科,10226507,上海交通大学,工学,1
30709581,徐文祥,2,硕士研究生,,N/A,金融学,5
30709587,浦宇佳,2,硕士研究生,10149414,复旦大学,凝聚态物理,1
30709585,王珂,1,博士研究生,,N/A,N/A,
30709582,范子铭,2,硕士研究生,,N/A,会计学,4
30709583,许一,2,硕士研究生,10386336,伯明翰大学,理学,1
30709588,邓翔,2,硕士研究生,10403018,美国克拉克大学,理学,1
30320045,陈彦辛,2,硕士研究生,10149414,复旦大学,金融学,5
30286930,丁云波,2,硕士研究生,10229379,天津大学,工学,1
30703938,凌铃,2,硕士研究生,10229548,中央财经大学,金融学,5
30703938,凌铃,3,本科,10143869,武汉大学,应用数学,1
30258467,吴钊华,2,硕士研究生,,N/A,N/A,
30244288,王雅洁,2,硕士研究生,10143953,华中科技大学,金融学,5
30709799,龚勇进,2,硕士研究生,,N/A,N/A,
30709893,包剑,2,硕士研究生,10123973,中国人民大学,金融,5
30709913,宋磊,2,硕士研究生,,N/A,N/A,
3E+19,夏彤,2,硕士研究生,,N/A,N/A,
30710009,宋佳龄,2,硕士研究生,,N/A,N/A,
30571440,张蕴文,2,硕士研究生,10241633,科廷大学,金融学,5
30382877,毕凯,3,本科,10144042,新加坡国立大学,应用数学,1
3E+19,张璐,2,硕士研究生,,N/A,N/A,
30710243,李博扬,2,硕士研究生,,N/A,工程理学,1
30710539,何文欣,1,博士研究生,10143850,北京大学,计算机科学与技术,1
30710546,王凯,2,硕士研究生,10238973,香港中文大学,经济学,5
30631133,马超,2,硕士研究生,10123973,中国人民大学,管理科学与工程,6
30264958,刘金,1,博士研究生,10226536,上海社会科学院,经济学,5
30264958,刘金,1,博士研究生,10229494,浙江大学,理论经济学,5
30382607,张汉毅,2,硕士研究生,,N/A,信息与通信工程,1
30711669,高晗,2,硕士研究生,10143861,上海财经大学,N/A,
30597014,王霄音,1,博士研究生,10229531,中国科学院上海药物研究所,药物化学,7
30260401,刘宇斌,2,硕士研究生,,N/A,N/A,
30712585,赵宇澄,2,硕士研究生,,N/A,N/A,
30712575,万晓慧,2,硕士研究生,10389168,华威大学,工商管理,3
30713452,周峥奇,2,硕士研究生,,N/A,N/A,
30713416,綦征,2,硕士研究生,,N/A,理学,1
30713415,郭画,1,博士研究生,10143851,清华大学,理学,1
30713375,刘玮明,2,硕士研究生,,N/A,金融,5
30564387,袁旭,2,硕士研究生,,N/A,N/A,
3E+19,俞善超,2,硕士研究生,,N/A,N/A,
30713417,唐博伦,2,硕士研究生,,N/A,金融数学,5
3E+19,朱剑涛,2,硕士研究生,10149414,复旦大学,理学,1
30714288,张梦珂,2,硕士研究生,10143735,南开大学,西方经济学,5
30244929,骆莹,2,硕士研究生,10226507,上海交通大学,金融学,5
30714363,李龙杰,2,硕士研究生,,N/A,N/A,
30714361,陈寒,2,硕士研究生,10226888,对外经贸大学,经济学,5
30714423,刘洋,1,博士研究生,,N/A,N/A,
30714554,阚刘瑞,2,硕士研究生,10143850,北京大学,N/A,
30616467,刘鹏飞,3,本科,10143851,清华大学,工学,1
30714419,刘晟,1,博士研究生,,N/A,化学,1
30714622,段伟兰,2,硕士研究生,10229546,中山大学,N/A,
30714362,刘先宇,2,硕士研究生,,N/A,金融,5
30714422,杨恋令,1,博士研究生,,N/A,管理科学与工程,6
30714716,陆玲玲,2,硕士研究生,10226507,上海交通大学,金融学,5
30665404,刘曼沁,2,硕士研究生,,N/A,N/A,
30261372,张锡莹,3,本科,10228796,大连理工大学,N/A,
30714778,裘明达,3,本科,10226507,上海交通大学,金融,5
30714778,裘明达,2,硕士研究生,10229103,美国麻省理工学院,金融,5
30714760,邓雅琨,2,硕士研究生,10241643,美国卡耐基梅隆大学,计算金融,5
30714880,张晋,2,硕士研究生,10229548,中央财经大学,精算学,5
3E+19,李玉刚,2,硕士研究生,10143850,北京大学,N/A,
3E+19,陈舜键,2,硕士研究生,,N/A,N/A,
30247862,高兰君,2,硕士研究生,10238981,香港科技大学,N/A,
30715024,吴刘,2,硕士研究生,,N/A,N/A,
30382087,王祥,2,硕士研究生,,N/A,N/A,
30383545,张云凯,2,硕士研究生,,N/A,金融学,5
30715178,吕鸿见,2,硕士研究生,,N/A,N/A,
30638352,任祺,2,硕士研究生,10394797,莫斯科国立罗蒙诺索夫大学,物理学,1
3E+19,孙继青,2,硕士研究生,10228718,北京科技大学,钢铁冶金,1
30714878,许浩琨,2,硕士研究生,,N/A,经济学,5
30715693,王铭扬,1,博士研究生,10224607,北京交通大学,理学,1
30715713,FANG SHENSHEN,3,本科,,N/A,N/A,
30657180,吴轶,2,硕士研究生,10143850,北京大学,理学,1
3E+19,郑毅,3,本科,,N/A,土木工程,1
30590876,区德成,2,硕士研究生,10395500,荷兰格罗宁根大学,金融学,5
30383011,张仲维,2,硕士研究生,,N/A,商学,5
30716053,史霄鸣,2,硕士研究生,,N/A,N/A,
30547622,俞佳莹,2,硕士研究生,,N/A,机械工程,1
30679392,孙振波,3,本科,10144025,中国科学技术大学,理学,1
30679392,孙振波,2,硕士研究生,10149414,复旦大学,理学,1
30717277,李瑞伟,2,硕士研究生,,N/A,N/A,
30717273,万鑫,2,硕士研究生,,N/A,N/A,
30717253,王景绰,1,博士研究生,,N/A,N/A,
30631257,史宝珖,2,硕士研究生,,N/A,N/A,
30378674,郭毅,3,本科,10226737,南京大学,物理学,1
30414873,王喆,2,硕士研究生,10224600,北京航空航天大学,金融学,5
3E+19,王怀震,2,硕士研究生,,N/A,经济学,5
3E+19,韩广哲,1,博士研究生,,N/A,经济学,5
3E+19,蔡志伟,2,硕士研究生,,N/A,计算机应用技术,1
30640625,潘李剑,2,硕士研究生,10128393,西南财经大学,金融学,5
3E+19,廖明兵,2,硕士研究生,10226507,上海交通大学安泰经济与管理学院,管理学,6
3E+19,魏凤春,1,博士研究生,10143851,清华大学,N/A,
30717993,杨显,2,硕士研究生,,N/A,N/A,
3E+19,吕磊,2,硕士研究生,,N/A,N/A,
30718755,刘明轩,2,硕士研究生,,N/A,N/A,
30718715,李航,2,硕士研究生,,N/A,N/A,
3E+19,张思韡,2,硕士研究生,10391940,美国俄亥俄大学,金融经济学,5
30718754,曹连鸽,3,本科,,N/A,N/A,
30718734,杨斯琪,2,硕士研究生,,N/A,N/A,
30390931,毛甜,3,本科,10143869,武汉大学,金融工程,5
3E+19,温琪,1,博士研究生,10144025,中国科学技术大学,金融工程,5
30718453,王峥恺,3,本科,10241635,澳大利亚维多利亚大学,会计学,4
30718753,辜玉璞,2,硕士研究生,,N/A,N/A,
30719194,吴青伟,3,本科,,N/A,N/A,
30719193,左晶,2,硕士研究生,,N/A,N/A,
30719173,张丰,2,硕士研究生,10229546,中山大学,管理学,6
30719173,张丰,3,本科,10229546,中山大学,理学,1
30719113,李家毅,2,硕士研究生,,N/A,经济学,5
30719093,袁帅,2,硕士研究生,,N/A,金融学,5
30719433,崔飞燕,2,硕士研究生,10149414,复旦大学,金融管理与金融工程,5
30586214,李德清,2,硕士研究生,10226737,南京大学,经济学,5
30719414,赵乃凡,2,硕士研究生,,N/A,金融,5
30652805,李楠,3,本科,10143735,南开大学,光信息科学与技术,6
30719634,单宽之,2,硕士研究生,,N/A,N/A,
30669535,李卿睿,2,硕士研究生,10235827,加拿大阿尔伯塔大学,财务管理,3
30669535,李卿睿,3,本科,10229302,深圳大学,金融学,5
30690311,李青华,2,硕士研究生,10241651,美国杜兰大学,金融学,5
30719633,程旺,2,硕士研究生,10143735,南开大学,西方经济学,5
30720233,张九龙,2,硕士研究生,,N/A,N/A,
30720234,朱昱汀,2,硕士研究生,,N/A,N/A,
3E+19,冯喆,2,硕士研究生,,N/A,N/A,
30720633,吴昱斌,2,硕士研究生,,N/A,工学,1
30720614,王建渗,1,博士研究生,,N/A,N/A,
30720613,郭澄,2,硕士研究生,,N/A,N/A,
30380099,金梓才,2,硕士研究生,10226507,上海交通大学,"微电子学,固体电子学",1
30721493,何嘉楠,2,硕士研究生,10143878,厦门大学,经济学,5
30721494,房乐,2,硕士研究生,,N/A,N/A,
30721453,邢少雄,2,硕士研究生,,N/A,国民经济学,5
3E+19,张轩,2,硕士研究生,10143878,厦门大学经济学院,N/A,
30720593,李磊,2,硕士研究生,10238998,上海外国语大学,国际贸易学,5
30722093,羊睿佳,2,硕士研究生,,N/A,N/A,
3E+19,刘斌,2,硕士研究生,10229494,浙江大学,N/A,
30722994,姜帆,2,硕士研究生,10149414,复旦大学,经济学,5
30722993,徐慢,2,硕士研究生,10143851,清华大学,应用经济学,5
30723013,徐翔,2,硕士研究生,10128393,西南财经大学,金融学,5
30723016,朱维缜,2,硕士研究生,10226510,同济大学,产业经济学,5
30723016,朱维缜,3,本科,10229034,暨南大学,金融学,5
30385289,谭菁,2,硕士研究生,10143850,北京大学,工商管理,3
30723014,傅芳芳,2,硕士研究生,,N/A,N/A,
30723017,单林,1,博士研究生,,N/A,N/A,
30255496,王乾,2,硕士研究生,10149414,复旦大学,金融学,5
30374961,吕功绩,2,硕士研究生,10389509,马里兰大学,商务与管理,3
30723173,李巍宇,2,硕士研究生,10236275,英国斯特灵大学,投资分析,6
30572369,杜聪,2,硕士研究生,10149414,复旦大学,经济学,5
30702423,韩秀一,2,硕士研究生,,N/A,N/A,
30622340,刘扬,2,硕士研究生,10226864,中国科学院遥感应用研究所,N/A,
30723954,从静,3,本科,10226510,同济大学,N/A,
30723954,从静,2,硕士研究生,10238981,香港科技大学,N/A,
30723955,骆桑若,3,本科,10226888,对外经济贸易大学,N/A,
30723955,骆桑若,2,硕士研究生,10386336,英国伯明翰大学,N/A,
30695559,李威,2,硕士研究生,10143851,清华大学,工学,1
30723953,赵颖,2,硕士研究生,10226737,南京大学,企业管理,3
30675427,胡超,2,硕士研究生,104432,中国人民银行研究生部,金融学,5
30724875,白若冰,3,本科,10149378,东南大学,工学,1
30724873,陈元凯,2,硕士研究生,10385324,法国马赛商学院,理学,1
30724874,刘长飞,3,本科,10229080,兰州理工大学,工学,1
30559159,时奕,2,硕士研究生,10241632,新南威尔士大学,金融分析,5
30724781,张月,2,硕士研究生,10229015,吉林大学,经济学,5
30673407,刘鑫,2,硕士研究生,10385988,欧洲工商管理学院,工商管理,3
30673407,刘鑫,3,本科,10229146,南洋理工大学,电子工程,1
3E+19,张芊,4,MBA/EMBA,,N/A,MBA,2
3E+19,李倩,2,硕士研究生,10226888,对外经济贸易大学,金融学,5
30695277,彭珂,2,硕士研究生,,N/A,金融,5
30710342,斯子文,1,博士研究生,,N/A,经济学,5
30725155,杨宇,2,硕士研究生,,N/A,N/A,
30696117,杨恒,2,硕士研究生,10226510,同济大学,金融学,5
30667028,石广翔,2,硕士研究生,,N/A,管理学,6
30725013,王丹,2,硕士研究生,,N/A,公共政策,7
30706965,吴毓灵,2,硕士研究生,,N/A,金融,5
3E+19,董伟炜,2,硕士研究生,10143861,上海财经大学,金融学,5
3E+19,陈韫慧,2,硕士研究生,,N/A,管理学,6
30439344,余罗畅,2,硕士研究生,,N/A,金融学,5
30726553,王凌力,2,硕士研究生,,N/A,动力工程,1
3E+19,赖庆鑫,2,硕士研究生,,N/A,车辆工程,1
30724141,魏婧,2,硕士研究生,10143735,南开大学,N/A,
30594491,沈犁,2,硕士研究生,10226507,上海交通大学,工商管理,3
30727034,倪伟杰,2,硕士研究生,,N/A,会计与金融学,5
30688796,梁辰星,3,本科,10229548,中央财经大学,N/A,
30727043,王珮江,2,硕士研究生,10385464,美国纽约大学,金融工程学,5
30727033,赵济民,2,硕士研究生,,N/A,N/A,
30727043,王珮江,2,硕士研究生,10385464,美国纽约大学,应用数学,1
30727474,崔梦阳,2,硕士研究生,10123973,中国人民大学,金融,5
30727453,柯政,2,硕士研究生,,N/A,N/A,
30616211,江山,2,硕士研究生,,N/A,理学,1
30359036,熊靓,2,硕士研究生,,N/A,N/A,
30325339,秦聪,2,硕士研究生,,N/A,N/A,
3E+19,韩可,2,硕士研究生,,N/A,N/A,
30243292,黄道立,2,硕士研究生,10123973,中国人民大学,金融学,5
30727973,方媛,3,本科,,N/A,N/A,
30376532,钱建江,2,硕士研究生,10143953,华中科技大学,系统工程,1
30727433,江博文,2,硕士研究生,,N/A,金融学,5
30583289,吕智卓,2,硕士研究生,,N/A,应用金融,5
30728253,吴书,2,硕士研究生,,N/A,金融学,5
30707837,沈鑫,1,博士研究生,10143735,南开大学,金融学,5
30715378,闫泽君,2,硕士研究生,10149414,复旦大学,工商管理,3
30675018,於乐其,2,硕士研究生,10385759,澳大利亚麦考瑞大学,应用金融,5
30729242,陆越,2,硕士研究生,,N/A,N/A,
30729896,章文凝,2,硕士研究生,10229494,浙江大学,经济学,5
30729933,阳秀峰,2,硕士研究生,,N/A,N/A,
30730794,王明智,2,硕士研究生,,N/A,金融学,5
30729253,柳红亮,2,硕士研究生,,N/A,金融,5
30729236,张晶,2,硕士研究生,10226504,东华大学,会计学,4
30731413,孙潇,2,硕士研究生,,N/A,金融,5
30732936,殷钦怡,2,硕士研究生,,N/A,N/A,
30732955,秦雨佳,2,硕士研究生,,N/A,N/A,
30381797,茹奕菡,2,硕士研究生,10149414,复旦大学,管理学,6
30733654,翁子晨,2,硕士研究生,,N/A,N/A,
30378233,成念良,2,硕士研究生,10228720,北京理工大学,管理学,6
30734295,包恺,3,本科,10143850,北京大学,法学,7
30734295,包恺,3,本科,10143850,北京大学,经济学,5
30734295,包恺,2,硕士研究生,10143850,北京大学,金融,5
30734293,王哲宇,2,硕士研究生,10143861,上海财经大学,工商管理,3
3E+19,代鹏举,2,硕士研究生,10226507,上海交通大学,金融工程,5
30735205,曾倩雯,2,硕士研究生,10229098,英国伦敦商学院,金融学,5
30735205,曾倩雯,3,本科,10238973,香港中文大学,经济学,5
30735197,王欣悦,2,硕士研究生,,N/A,N/A,
30735353,林嘉铭,3,本科,10453680,巴黎第九大学,经济,5
30735353,林嘉铭,2,硕士研究生,10453680,巴黎第九大学,金融,5
30736033,刘一峰,3,本科,10226884,中国地质大学,理学,1
30736094,张玮,2,硕士研究生,,N/A,N/A,
30736093,张聪,2,硕士研究生,,N/A,N/A,
30736095,杨凯,3,本科,,N/A,N/A,
30736693,佘金花,2,硕士研究生,10149414,复旦大学,人口、资源与环境经济学,5
3E+19,殷姿,2,硕士研究生,,N/A,N/A,
3E+19,陈桥宁,2,硕士研究生,,N/A,N/A,
30328157,魏鑫,2,硕士研究生,,N/A,N/A,
3E+19,汪曦,2,硕士研究生,10385464,纽约大学,哲学,7
30667541,裴铎,2,硕士研究生,,N/A,国际关系,7
30737313,母亚乾,1,博士研究生,,N/A,N/A,
3E+19,刘瑞,2,硕士研究生,10233408,拉夫堡大学,金融学,5
30736676,张旭,2,硕士研究生,10224613,华东师范大学,金融学,5
30737335,张靖,2,硕士研究生,10505619,马里兰大学帕克分校,金融学,5
3E+19,肖芳芳,2,硕士研究生,10143869,武汉大学,金融学,5
3E+19,肖芳芳,3,本科,10143953,华中科技大学,工学,1
30738554,吴佩珊,2,硕士研究生,10235827,加拿大阿尔伯塔大学,N/A,
30738814,王敏燕,2,硕士研究生,,N/A,N/A,
30738813,江洲,3,本科,10226888,对外经济贸易大学,N/A,
30739215,柳洋,2,硕士研究生,,N/A,金融,5
30739213,华吉昶,2,硕士研究生,,N/A,N/A,
3E+19,杨勇,2,硕士研究生,10149414,复旦大学,工商管理,3
30739874,刘沐灵,2,硕士研究生,10557710,法国巴黎第二大学,管理专业,6
30739873,吴乐玉,2,硕士研究生,10395530,美国莱斯大学,统计学,1
3E+19,石磊,3,本科,,N/A,经济学,5
30740334,刘令宇,2,硕士研究生,,N/A,N/A,
30740453,李国正,2,硕士研究生,,N/A,管理学,6
30740454,祖大为,2,硕士研究生,,N/A,管理学,6
30740455,罗宇健,2,硕士研究生,,N/A,理学,1
30561677,关鹏,2,硕士研究生,,N/A,N/A,
30740933,刘晟,2,硕士研究生,10143850,北京大学,金融学,5
30415413,何一铖,2,硕士研究生,,N/A,理学,1
30742893,吴文婷,2,硕士研究生,,N/A,N/A,
30742813,董霖哲,2,硕士研究生,,N/A,N/A,
30743398,林赟聪,3,本科,,N/A,N/A,
30743399,胡定雨,3,本科,,N/A,N/A,
30741353,李铮男,2,硕士研究生,10445133,美国加州大学河滨分校,N/A,
30744193,鲍宇晨,2,硕士研究生,10385588,爱尔兰都柏林大学,管理学,6
30744293,韩晗,2,硕士研究生,,N/A,N/A,
30669245,李秋实,2,硕士研究生,,N/A,N/A,
30745375,何典鸿,2,硕士研究生,10143850,北京大学,软件工程,1
30745377,赵卓雄,2,硕士研究生,10149381,华南理工大学,计算机科学与技术,1
30745293,赵钰,2,硕士研究生,,N/A,N/A,
30745295,徐立人,2,硕士研究生,,N/A,N/A,
30745314,马潇,2,硕士研究生,10143861,上海财经大学,N/A,
3E+19,徐嶒,2,硕士研究生,10238973,香港中文大学,信息工程,1
30747413,刘芳,2,硕士研究生,,N/A,N/A,
30747433,孙莹贺,2,硕士研究生,,N/A,N/A,
30747454,李林,2,硕士研究生,10226507,上海交通大学,金融学,5
30747434,陈玄璇,2,硕士研究生,10226507,上海交通大学,金融学,5
30747953,赵浩,3,本科,10229494,浙江大学,N/A,
30747953,赵浩,1,博士研究生,10229494,浙江大学,N/A,
3E+19,卞竑,2,硕士研究生,,N/A,N/A,
30609479,孙磊,2,硕士研究生,,N/A,公共管理,6
3E+19,孙晨进,2,硕士研究生,10143869,武汉大学,金融工程,5
30748213,彭民,2,硕士研究生,,N/A,N/A,
30748233,沈荣,3,本科,,N/A,管理学,6
30748213,彭民,2,硕士研究生,10144082,江西财经大学,企业管理,3
30748194,朱松涛,3,本科,10143851,清华大学,N/A,
30748194,朱松涛,2,硕士研究生,10143851,清华大学,N/A,
30748273,李松,2,硕士研究生,,N/A,N/A,
30748493,董玄,1,博士研究生,10143851,清华大学,N/A,
30748494,章野,2,硕士研究生,,N/A,N/A,
30748473,金天成,2,硕士研究生,,N/A,N/A,
30748474,祁星瀚,2,硕士研究生,,N/A,N/A,
30748495,代劲,2,硕士研究生,,N/A,N/A,
30748516,国石,3,本科,10123973,中国人民大学,理学,1
30748516,国石,2,硕士研究生,10241655,美国罗格斯大学,金融数学,5
30748533,王璐,3,本科,10123973,中国人民大学,会计学,4
30748533,王璐,2,硕士研究生,10123973,中国人民大学,会计学,4
30748534,魏蓉蓉,2,硕士研究生,,N/A,N/A,
30748535,王雨川,2,硕士研究生,,N/A,N/A,
3E+19,蔡军华,2,硕士研究生,10144082,江西财经大学,管理,6
30749094,王雅倩,2,硕士研究生,,N/A,N/A,
30749093,徐成,2,硕士研究生,10143850,北京大学,管理学,6
30748193,晏建军,2,硕士研究生,10143953,华中科技大学,管理学,6
3E+19,李文宾,3,本科,10226507,上海交通大学,N/A,
3E+19,李文宾,2,硕士研究生,10149414,复旦大学,N/A,
3E+19,孙婕衎,2,硕士研究生,10229494,浙江大学,高分子材料与工程,1
3E+19,孙婕衎,3,本科,10229494,浙江大学,高分子材料与工程,1
30749073,谭艳君,1,博士研究生,10241663,英国杜伦大学,N/A,
30579778,刘新正,2,硕士研究生,,N/A,工程,1
30750976,范万里,3,本科,10228892,广州大学,数学与应用数学,1
30751353,林齐勃,2,硕士研究生,,N/A,N/A,
30693953,叶震南,2,硕士研究生,10143878,厦门大学,财务学,4
30751336,吴昊阳,2,硕士研究生,,N/A,N/A,
30750414,罗昊,3,本科,10226507,上海交通大学,工学,1
30750414,罗昊,2,硕士研究生,10389837,美国东北大学,管理学,6
30751674,任吉伟,3,本科,10123973,中国人民大学,管理学,6
30751675,郭王炅,2,硕士研究生,10229546,中山大学,法学,7
30751673,陈如琳,3,本科,10143861,上海财经大学,经济学,5
30751673,陈如琳,3,本科,10143861,上海财经大学,管理学,6
30382277,杨宇俊,1,博士研究生,10226888,对外经济贸易大学,金融学,5
30752345,严迪超,2,硕士研究生,,N/A,N/A,
30751613,王浩,2,硕士研究生,,N/A,电子工程,1
30751613,王浩,2,硕士研究生,,N/A,金融工程,5
30752995,刘欣,2,硕士研究生,,N/A,N/A,
3E+19,刘石开,2,硕士研究生,10226507,上海交通大学,理学,1
30752996,历剑,2,硕士研究生,,N/A,N/A,
30753014,潘浩祥,2,硕士研究生,,N/A,N/A,
30752994,王文豪,2,硕士研究生,,N/A,N/A,
30753253,张聪,2,硕士研究生,,N/A,N/A,
30753293,徐竞择,2,硕士研究生,,N/A,N/A,
30753273,杨恺宁,2,硕士研究生,10394756,约翰霍普金斯大学,金融数学专业,5
30751973,古渥,2,硕士研究生,,N/A,金融学,5
30753493,吕拙愚,2,硕士研究生,10123973,中国人民大学,N/A,
30752993,李昭函,2,硕士研究生,,N/A,金融,5
30753710,刘佳,2,硕士研究生,,N/A,N/A,
30753713,刘风飞,2,硕士研究生,,N/A,N/A,
30753734,王辉,2,硕士研究生,,N/A,N/A,
30753733,范昕,2,硕士研究生,10229103,麻省理工学院,金融学,5
30753514,朱杰,2,硕士研究生,10149414,复旦大学,金融,5
30753515,王路,2,硕士研究生,10104898,中国社会科学院,N/A,
30753516,郑庆铨,3,本科,10228964,河海大学,N/A,
30550733,段伟良,2,硕士研究生,10149414,复旦大学,经济学,5
30754033,马牧野,2,硕士研究生,,N/A,理学,1
30710235,贺方舟,2,硕士研究生,10149414,复旦大学,工商管理,3
30754034,尚元,2,硕士研究生,,N/A,理学,1
30754013,张静,2,硕士研究生,10143861,上海财经大学,工商管理,3
3E+19,黄兴亮,1,博士研究生,10143851,清华大学,计算机科学与技术,1
30754733,李程,2,硕士研究生,,N/A,N/A,
3E+19,罗春鹏,1,博士研究生,,N/A,N/A,
3E+19,何奇峰,2,硕士研究生,10123973,中国人民大学,经济学,5
30754914,李柏汗,2,硕士研究生,10149414,复旦大学,N/A,
30754913,费钦予,2,硕士研究生,,N/A,N/A,
30754973,刘妍,2,硕士研究生,10143953,华中科技大学,会计学,4
30754976,潘璐,2,硕士研究生,10143861,上海财经大学,经济学,5
30755080,梁福睿,1,博士研究生,,N/A,N/A,
30755081,马晓东,2,硕士研究生,,N/A,金融,5
30755136,陈晨,2,硕士研究生,10391022,西蒙弗雷泽大学,金融学,5
3E+19,韩晶,2,硕士研究生,10143861,上海财经大学,数量经济学,5
30755211,曹紫寒,2,硕士研究生,10226507,上海交通大学,金融学,5
30755207,周川博,2,硕士研究生,,N/A,N/A,
30754974,计瑾,2,硕士研究生,,N/A,金融,5
30755353,李晓天,2,硕士研究生,10241650,康涅狄格大学,金融风险管理,5
3E+19,莫海波,2,硕士研究生,10385576,美国圣约翰大学,工商管理,3
30755210,董旭恒,2,硕士研究生,,N/A,金融工程,5
3E+19,张磊,2,硕士研究生,,N/A,N/A,
30431349,卜忠林,2,硕士研究生,,N/A,N/A,
30755135,姚晶,2,硕士研究生,,N/A,会计,4
30755552,杨默,3,本科,10143851,清华大学,N/A,
30755552,杨默,1,博士研究生,10143851,清华大学,N/A,
30755553,王鹏,2,硕士研究生,10123973,中国人民大学,会计,4
30755554,林卉,3,本科,10143851,清华大学,N/A,
30755554,林卉,2,硕士研究生,10385501,美国纽约州立大学,N/A,
30755555,许梁,2,硕士研究生,10149380,中南财经政法大学,会计,4
30413841,李点典,2,硕士研究生,10238981,香港科技大学,生物化学,1
30755958,贾雅楠,2,硕士研究生,10226507,上海交通大学,金融,5
3E+19,吴娜娜,2,硕士研究生,10143851,清华大学,科学与工程,7
3E+19,胡湘怡,3,本科,10238820,武汉纺织大学,会计学,4
30756096,赵万隆,1,博士研究生,10229379,天津大学,管理学,6
30756102,刘禛君,2,硕士研究生,,N/A,N/A,
30756255,任桀,2,硕士研究生,10149414,复旦大学,理学,1
30756273,周南,2,硕士研究生,10143850,北京大学,金融学,5
30756274,肖如嘉,3,本科,10143851,清华大学,土木系,7
30756274,肖如嘉,2,硕士研究生,10143851,清华大学,工商管理,3
30756275,陆梦琦,3,本科,10229098,伦敦大学学院,数学与经济学,5
30756275,陆梦琦,2,硕士研究生,10229041,剑桥大学,金融与经济学,5
30756515,叶冬义,2,硕士研究生,,N/A,N/A,
30756517,宛茹雪,2,硕士研究生,,N/A,金融,5
3E+19,张磊,2,硕士研究生,,N/A,通信与信息,7
30756813,房俊一,2,硕士研究生,,N/A,N/A,
3E+19,李晨辉,2,硕士研究生,10229531,中国科学院,信号与信息处理,1
30756928,王橹舟,2,硕士研究生,,N/A,N/A,
30756518,尹洋标,2,硕士研究生,,N/A,金融,5
30757068,王晓京,3,本科,10143851,清华大学,电子信息工程,1
30757068,王晓京,2,硕士研究生,10386336,英国伯明翰大学,电子工程,1
30757068,王晓京,1,博士研究生,10229098,伦敦大学,电子工程,1
30395812,董鎏洋,3,本科,10226877,中国农业大学,N/A,
30756513,袁东,1,博士研究生,,N/A,世界经济学,5
30755853,谭佳俊,2,硕士研究生,10128393,西南财经大学,数理金融学,5
30757794,张芸,2,硕士研究生,10108675,美国哥伦比亚大学,金融数学,5
30413096,苏文杰,2,硕士研究生,,N/A,工学,1
30371377,贾乃鑫,2,硕士研究生,,N/A,金融学,5
30756255,任桀,2,硕士研究生,10149414,复旦大学,金融学,5
30756255,任桀,3,本科,10149414,复旦大学,理学,1
30758111,刘迪,1,博士研究生,10143861,上海财经大学,金融工程与投资管理,5
30758111,刘迪,2,硕士研究生,10226529,上海海事大学,N/A,
30550567,刘扬,2,硕士研究生,,N/A,N/A,
30758353,张凯,2,硕士研究生,10229098,卡斯商学院,金融学,5
30758333,梁勤之,2,硕士研究生,10238973,香港中文大学,金融学,5
30758553,史博文,2,硕士研究生,10229494,浙江大学,企业管理,3
3E+19,徐超,2,硕士研究生,10143851,清华大学,N/A,
30758554,杨能,2,硕士研究生,10143850,北京大学,金融学,5
30758533,江佳骏,2,硕士研究生,10389067,英国布里斯托大学,金融投资,5
30705704,王浩聿,2,硕士研究生,,N/A,金融学,5
30758116,杜金鉴,2,硕士研究生,10224613,华东师范大学,N/A,
30758733,祁晓菲,3,本科,,N/A,管理学,6
30758976,汪彦初,2,硕士研究生,,N/A,N/A,
3E+19,刘宁,3,本科,,N/A,经济学,5
30759194,刘诗瑶,2,硕士研究生,10143850,北京大学,企业管理学,3
30759194,刘诗瑶,2,硕士研究生,10238976,香港大学,金融学,5
30759195,张殷鹏,2,硕士研究生,10226888,对外经济贸易大学,经济学,5
30759193,徐恒,2,硕士研究生,,N/A,N/A,
30759196,朱碧莹,2,硕士研究生,,N/A,N/A,
30759414,吴抒,2,硕士研究生,,N/A,N/A,
30759413,徐咸辉,2,硕士研究生,,N/A,N/A,
30759377,王毕功,3,本科,10143851,清华大学,工学,1
30759377,王毕功,2,硕士研究生,10143851,清华大学,工程,1
30759376,竺涵宇,3,本科,10394756,美国约翰霍普金斯大学,应用经济学,5
30759376,竺涵宇,2,硕士研究生,10229099,伦斯勒理工学院,量化金融与风险分析,5
30759415,贾江涛,2,硕士研究生,,N/A,N/A,
30759554,谢鑫,2,硕士研究生,10226864,中国科学院研究生院,N/A,
30759553,龙江伟,2,硕士研究生,,N/A,工商管理,3
30759655,冯杰波,2,硕士研究生,10143850,北京大学,应用统计学,1
30759654,王开展,2,硕士研究生,,N/A,管理学,6
30542198,邓云龙,2,硕士研究生,,N/A,N/A,
3E+19,翟卢琼,2,硕士研究生,,N/A,N/A,
30759706,刘力思,2,硕士研究生,,N/A,经济学,5
30759708,张飞鹏,2,硕士研究生,,N/A,管理学,6
30759956,何鸣晓,2,硕士研究生,,N/A,N/A,
30759957,宁丰,2,硕士研究生,,N/A,N/A,
30759708,张飞鹏,2,硕士研究生,,N/A,金融,5
30759533,殷春涛,2,硕士研究生,,N/A,经济学,5
30542140,马逸钧,2,硕士研究生,,N/A,N/A,
30759707,彭伟男,2,硕士研究生,10226507,上海交通大学,金融,5
30760182,潘令梓,2,硕士研究生,10238976,香港大学,会计学,4
30760182,潘令梓,3,本科,10143735,南开大学,保险学,7
30760181,余袁辉,2,硕士研究生,,N/A,金融,5
30759955,张羽,2,硕士研究生,10143850,北京大学,理学,1
3E+19,王卫铭,2,硕士研究生,10143869,武汉大学,金融学,5
30759653,霍霄,2,硕士研究生,10357438,伊利诺伊大学,工商管理,3
30760333,王郧,1,博士研究生,10143953,华中科技大学,数量经济学,5
30760333,王郧,1,博士研究生,,N/A,金融风险管理,5
30760180,曹诗扬,2,硕士研究生,10226507,上海交通大学,金融学,5
3E+19,曾丽琼,2,硕士研究生,10149414,复旦大学,金融学,5
30760053,朱运,2,硕士研究生,,N/A,经济学,5
30760053,朱运,2,硕士研究生,,N/A,理学,1
30739833,王司南,1,博士研究生,,N/A,工学,1
30760513,张佳璐,2,硕士研究生,,N/A,工商管理,3
30760514,闫婧茹,2,硕士研究生,,N/A,会计,4
30760515,马澍玮,2,硕士研究生,,N/A,工学,1
30648470,刘林峰,2,硕士研究生,10241655,美国罗格斯大学,数理金融学,5
30760596,王铭薇,2,硕士研究生,,N/A,N/A,
30760512,汪雨晨,2,硕士研究生,10108675,哥伦比亚大学,风险管理,6
3E+19,严律,2,硕士研究生,10143851,清华大学,管理学,6
30760673,武文琦,2,硕士研究生,,N/A,N/A,
30760733,陈黎明,2,硕士研究生,,N/A,N/A,
3E+19,高靖瑜,2,硕士研究生,10149414,复旦大学,"金融学,经济学",5
30263085,李孝华,2,硕士研究生,10143735,南开大学,"金融学,经济学",5
3E+19,王羿伟,2,硕士研究生,10224597,华东理工大学,"应用数学,理学",1
30361926,廖庆阳,2,硕士研究生,10149414,复旦大学,"金融学,经济学",5
30760901,彭翔艺,2,硕士研究生,,N/A,工学,1
30760899,李文博,3,本科,,N/A,理学,1
30760900,杜金鑫,2,硕士研究生,,N/A,工学,1
30703314,盖书文,2,硕士研究生,10229532,中国科学院大学,N/A,
30761099,李曈,2,硕士研究生,,N/A,数量经济学,5
30761098,李麒麟,3,本科,,N/A,工学,1
30761097,李华平,2,硕士研究生,,N/A,管理学,6
30761039,刘迪,2,硕士研究生,10143850,北京大学,N/A,
3E+19,聂毅翔,1,博士研究生,10393810,乔治梅森大学,N/A,
3E+19,王奕蕾,2,硕士研究生,10229548,中央财经大学,金融学,5
30761273,张艳琳,2,硕士研究生,10143861,上海财经大学,N/A,
30760713,刘依姗,2,硕士研究生,,N/A,理学,1
30760693,张泽峰,1,博士研究生,,N/A,工学,1
30761092,陆骥,2,硕士研究生,,N/A,会计,4
30761434,侯程,2,硕士研究生,,N/A,N/A,
30761433,刘得民,2,硕士研究生,,N/A,N/A,
3E+19,张川,2,硕士研究生,10143871,西安交通大学,数学专业,1
30761611,曹勇志,2,硕士研究生,10143869,武汉大学,经济学,5
30761533,李泽南,2,硕士研究生,,N/A,N/A,
3E+19,段玮,3,本科,,N/A,N/A,
30761693,顾俊伦,2,硕士研究生,,N/A,N/A,
30761833,张彩霞,2,硕士研究生,,N/A,N/A,
30762037,张博洋,3,本科,,N/A,N/A,
30762051,罗超,3,本科,10226510,同济大学,工学,1
30762050,樊小杰,3,本科,10128393,西南财经大学,N/A,
30762049,杨坤,1,博士研究生,10123973,中国人民大学,N/A,
30762038,游涛,1,博士研究生,10229548,中央财经大学,统计学,1
30762041,宝音,2,硕士研究生,10108675,美国哥伦比亚大学,统计学,1
30762040,王祎杰,3,本科,10389495,美国罗切斯特大学,应用数学,1
30762042,林茂政,2,硕士研究生,,N/A,理学,1
30760033,邱天蓝,2,硕士研究生,,N/A,理学,1
30760033,邱天蓝,2,硕士研究生,,N/A,金融,5
30762127,王觉,2,硕士研究生,,N/A,N/A,
30762133,乔奇兵,2,硕士研究生,,N/A,N/A,
30762192,马玉鹏,2,硕士研究生,10143735,南开大学,国际商务,3
30762209,王雨宸,2,硕士研究生,10241649,美国密歇根大学,数学,1
30762341,陈政龙,2,硕士研究生,10229146,新加坡南洋理工大学,金融,5
30345997,何静,2,硕士研究生,10104898,中国社会科学院研究生院,经济学,5
30669534,郑铮,3,本科,10226532,上海理工大学,管理学,6
30762736,邓舒文,2,硕士研究生,,N/A,N/A,
30649779,石础,1,博士研究生,,N/A,工学,1
30762915,林丽娟,2,硕士研究生,10238976,香港大学,理学,1
30762914,乔健生,2,硕士研究生,,N/A,N/A,
30340804,姚洋,2,硕士研究生,,N/A,N/A,
3E+19,闵文强,2,硕士研究生,,N/A,金融工程,5
30762998,杨沐阳,2,硕士研究生,,N/A,N/A,
30763000,王嘉鹏,2,硕士研究生,,N/A,N/A,
30762997,王飒,2,硕士研究生,10241664,英国爱丁堡大学,金融经济学,5
30762996,吴洵,1,博士研究生,,N/A,管理学,6
30763001,宋珊珊,2,硕士研究生,,N/A,经济学,5
30763002,王寒,2,硕士研究生,10149414,复旦大学,金融,5
30763189,吴嫣睿紫,2,硕士研究生,10149414,复旦大学,N/A,
30763186,田甜,2,硕士研究生,10149414,复旦大学,金融学,5
30763183,宁瑶,2,硕士研究生,,N/A,N/A,
30763174,梁碧娴,2,硕士研究生,,N/A,工商管理,3
30763153,谭力,2,硕士研究生,10229098,伦敦政治经济学院,管理与战略,7
30763173,Elizabeth Pang,2,硕士研究生,10388221,西澳大学,金融与会计,5
30763173,Elizabeth Pang,3,本科,10388221,西澳大学,金融与会计,5
3E+19,赵花荣,2,硕士研究生,,N/A,工学,1
30762999,黄玥,2,硕士研究生,10143861,上海财经大学,金融,5
30266943,印培,2,硕士研究生,,N/A,国际关系,7
30764166,闫湜,2,硕士研究生,,N/A,N/A,
30321020,毛文婕,2,硕士研究生,10143850,北京大学,工商管理,3
30764137,梁策,2,硕士研究生,10229548,中央财经大学,N/A,
30764138,刘田,2,硕士研究生,10143851,清华大学,N/A,
30433124,赵强,2,硕士研究生,10229522,芝加哥大学,工商管理,3
30764693,陈染,2,硕士研究生,,N/A,N/A,
30765173,计旭,2,硕士研究生,10226886,外交学院,世界经济,5
30765175,周婧,2,硕士研究生,10149380,中南财经政法大学,金融学,5
30765174,王家列,2,硕士研究生,,N/A,金融,5
30701115,宋立久,2,硕士研究生,10229548,中央财经大学,世界经济,5
30765317,时赟超,2,硕士研究生,,N/A,工学,1
3E+19,陈若劲,2,硕士研究生,,N/A,N/A,
30765313,罗少文,2,硕士研究生,,N/A,N/A,
30765314,高京霞,2,硕士研究生,,N/A,N/A,
30765315,刘展硕,2,硕士研究生,,N/A,N/A,
30765293,刘文哲,2,硕士研究生,10143850,北京大学,金融,5
30765439,焦瑞鹏,2,硕士研究生,,N/A,工程,1
30765438,戴旭,2,硕士研究生,,N/A,理学,1
30765440,雷昀,2,硕士研究生,,N/A,法学,7
30668223,李博康,2,硕士研究生,,N/A,N/A,
30765599,连冰洁,2,硕士研究生,10149414,复旦大学,金融学,5
30765316,姜冬青,1,博士研究生,,N/A,理学,1
30765597,李翔宇,2,硕士研究生,,N/A,N/A,
30765602,文佩,2,硕士研究生,,N/A,N/A,
30577186,熊颖,2,硕士研究生,,N/A,N/A,
30765600,刘懿,2,硕士研究生,10242727,香港城市大学,N/A,
3E+19,胡博,2,硕士研究生,,N/A,金融,5
30765705,王方,2,硕士研究生,10149414,复旦大学,理学,1
30765707,朴虹睿,2,硕士研究生,10242727,香港城市大学,文学,7
30765708,丁悦成,2,硕士研究生,,N/A,N/A,
30765710,张泓雨,2,硕士研究生,10123973,中国人民大学,保险,7
30765778,卜学欢,2,硕士研究生,,N/A,N/A,
30765776,殷子涵,1,博士研究生,,N/A,N/A,
30379002,蒋娜,2,硕士研究生,10226507,上海交通大学,经济学,5
30765775,郑浩,2,硕士研究生,,N/A,N/A,
30765777,陆经纬,2,硕士研究生,,N/A,N/A,
30765779,陈夏琼,2,硕士研究生,,N/A,N/A,
30765861,张文健,3,本科,10505155,夏威夷大学马诺阿分校,金融工商管理,5
30765601,石玲玲,3,本科,10123973,中国人民大学,经济学,5
30765601,石玲玲,2,硕士研究生,10123973,中国人民大学,金融,5
30765955,王丽婧,2,硕士研究生,10143861,上海财经大学,数量经济学,5
30765956,胡梦承,2,硕士研究生,10143735,南开大学,国际商务,3
30765954,陈伟旸,2,硕士研究生,10226888,对外经济贸易大学,经济学,5
30765955,王丽婧,3,本科,10143861,上海财经大学,数量经济学,5
30766072,孙可,2,硕士研究生,,N/A,N/A,
30766071,张海涛,2,硕士研究生,,N/A,N/A,
30432960,彭雾,2,硕士研究生,,N/A,理学,1
30766074,徐森洲,2,硕士研究生,10143861,上海财经大学,经济学,5
30766074,徐森洲,3,本科,10143861,上海财经大学,经济学,5
30765780,李卓健,2,硕士研究生,,N/A,理学,1
30766069,舒烟雨,2,硕士研究生,,N/A,N/A,
30766073,贾朝江,2,硕士研究生,10123973,中国人民大学,金融学,5
30766140,程越楷,1,博士研究生,,N/A,经济学,5
30766068,成子浩,2,硕士研究生,10143861,上海财经大学,金融信息工程,5
30766213,沈平虹,2,硕士研究生,10226507,上海交通大学,工学,1
30766331,王江飞,3,本科,,N/A,N/A,
30714363,李龙杰,2,硕士研究生,,N/A,经济学,5
3E+19,尤之奇,2,硕士研究生,10143861,上海财经大学,经济学,5
3E+19,尤之奇,3,本科,,N/A,N/A,
30766917,李心宁,2,硕士研究生,,N/A,工学,1
30766916,纪骏炜,2,硕士研究生,,N/A,管理学,6
30766813,胡一江,2,硕士研究生,,N/A,N/A,
30766893,范明月,2,硕士研究生,10143851,清华大学,应用经济学,5
30766918,詹烨,2,硕士研究生,,N/A,管理学,6
30766976,罗丽思,2,硕士研究生,,N/A,N/A,
30437040,王超,2,硕士研究生,,N/A,N/A,
30409719,武明戈,2,硕士研究生,,N/A,N/A,
30767215,王子源,3,本科,10143850,北京大学,N/A,
30767215,王子源,2,硕士研究生,10385275,美国布兰戴斯大学,N/A,
30767212,苏建文,3,本科,10143850,北京大学,国际政治经济学,5
30767212,苏建文,2,硕士研究生,10226507,上海交通大学,金融学,5
30767390,胡亦清,2,硕士研究生,10389837,美国东北大学,应用数学,1
30767397,秦瑞,2,硕士研究生,10143735,南开大学,经济学,5
30314882,梅梅,2,硕士研究生,,N/A,N/A,
30767398,王宁远,2,硕士研究生,,N/A,N/A,
30767511,姜靖松,2,硕士研究生,10226518,上海对外经贸大学,金融学,5
3E+19,张戈,1,博士研究生,10229546,中山大学岭南学院,金融学,5
30767507,阳之璇,2,硕士研究生,10394756,约翰霍普金斯大学,数学与统计学,1
30767808,李俏,2,硕士研究生,,N/A,N/A,
30767875,刘柏川,2,硕士研究生,101457101,美国威明顿大学,金融学,5
30768697,张强,2,硕士研究生,10143878,厦门大学,金融,5
30768696,汤启,2,硕士研究生,,N/A,N/A,
30768694,郑森峰,3,本科,10143850,北京大学,N/A,
30768694,郑森峰,2,硕士研究生,10143850,北京大学,N/A,
30768694,郑森峰,1,博士研究生,10143850,北京大学,N/A,
30704680,王路遥,2,硕士研究生,10143851,清华大学,N/A,
30768933,侯淳,2,硕士研究生,,N/A,机械工程,1
30653307,刘文超,2,硕士研究生,10143851,清华大学,金融,5
30769693,李睿,1,博士研究生,10143851,清华大学,核科学与技术,1
30385805,艾翀,1,博士研究生,10228777,美国宾夕法尼亚州立大学,数学,1
30770859,余明强,2,硕士研究生,,N/A,N/A,
30770776,庄惠惠,2,硕士研究生,10238973,香港中文大学,N/A,
30770776,庄惠惠,3,本科,10143861,上海财经大学,N/A,
30770775,王优草,2,硕士研究生,,N/A,工程,1
30770777,赵子衡,2,硕士研究生,,N/A,N/A,
30260380,金山,2,硕士研究生,,N/A,经济学,5
30771270,刘水清,2,硕士研究生,,N/A,N/A,
30771269,罗申,2,硕士研究生,10123973,中国人民大学,资产评估,7
30771934,王振扬,2,硕士研究生,,N/A,N/A,
30771933,陈臻迪,2,硕士研究生,,N/A,N/A,
30772276,刘中群,2,硕士研究生,10143851,清华大学,工学,1
30772925,杜厚良,2,硕士研究生,,N/A,N/A,
30767066,祁世超,2,硕士研究生,,N/A,金融,5
30773318,于蕾,2,硕士研究生,,N/A,N/A,
30773316,孙丹妮,2,硕士研究生,10149414,复旦大学,工商管理,3
30773316,孙丹妮,3,本科,10229546,中山大学,理学,1
30773317,宁特林,1,博士研究生,10229548,中央财经大学,金融学,5
30773434,胡文韬,1,博士研究生,,N/A,N/A,
3E+19,吴慧娟,2,硕士研究生,10229379,天津大学,技术经济及管理,3
30436094,高莺,3,本科,10229494,浙江大学,经济学,5
30773533,宋婷,2,硕士研究生,,N/A,N/A,
3E+19,苏玉平,3,本科,10143861,上海财经大学,保险学,7
3E+19,苏玉平,2,硕士研究生,10143861,上海财经大学,货币银行学,5
30436094,高莺,2,硕士研究生,10229494,浙江大学,经济学,5
30436094,高莺,1,博士研究生,10385508,美国爱荷华州立大学,经济学,5
3E+19,李琛,2,硕士研究生,,N/A,经济学,5
30774128,潘更,2,硕士研究生,,N/A,N/A,
30560814,郑敏宏,2,硕士研究生,10143850,北京大学,计算机技术,1
30774127,张朱霖,2,硕士研究生,,N/A,N/A,
30774130,王宁山,2,硕士研究生,,N/A,N/A,
30774218,王喆,2,硕士研究生,,N/A,N/A,
3E+19,刘俊,1,博士研究生,,N/A,经济学,5
30774129,张雨迪,2,硕士研究生,,N/A,经济学,5
30765598,吕俏,2,硕士研究生,,N/A,金融学,5
30765598,吕俏,2,硕士研究生,,N/A,西方经济学,5
30774393,邓文,2,硕士研究生,10229546,中山大学,区域经济学,5
30774394,陈皓松,2,硕士研究生,10143851,清华大学,金融,5
3E+19,骆家伟,2,硕士研究生,,N/A,N/A,
3E+19,陈韵骋,2,硕士研究生,10226507,上海交通大学,N/A,
3E+19,陈韵骋,3,本科,10226507,上海交通大学,N/A,
30774481,罗仕强,2,硕士研究生,,N/A,N/A,
30774482,罗佳,2,硕士研究生,,N/A,国际商务,3
30774484,郭茂乾,2,硕士研究生,,N/A,理学,1
30550553,陈伟斌,2,硕士研究生,,N/A,经济学,5
30550553,陈伟斌,3,本科,10149414,复旦大学,理学,1
30774684,朱程辉,2,硕士研究生,10143871,西安交通大学,经济学,5
30774770,李锐,2,硕士研究生,,N/A,N/A,
30774771,庄江林,2,硕士研究生,,N/A,N/A,
30774768,彭璧和,2,硕士研究生,,N/A,N/A,
30774769,卢振荣,2,硕士研究生,,N/A,理学,1
3E+19,许银丰,2,硕士研究生,10143851,清华大学,会计,4
30774849,沈倩,2,硕士研究生,,N/A,N/A,
30774848,薛怡然,2,硕士研究生,,N/A,N/A,
3E+19,关凯瀛,1,博士研究生,10143735,南开大学,管理学,6
30774593,张明昕,2,硕士研究生,,N/A,理学,1
30775035,李凯,2,硕士研究生,,N/A,管理学,6
30775034,杨振宁,2,硕士研究生,,N/A,工学,1
30775033,潘德佳,2,硕士研究生,,N/A,管理学,6
30433639,徐昊,2,硕士研究生,10412340,英国纽卡斯尔大学,理学,1
30775353,唐潇,2,硕士研究生,10229555,重庆大学,金融学,5
30775354,徐文妹,2,硕士研究生,10226888,对外经济贸易大学,会计学,4
30775355,许炜,2,硕士研究生,10229412,武汉理工大学,环境工程,1
30775344,邹立波,2,硕士研究生,10385744,新西兰奥克兰理工大学,N/A,
30775566,周欣,2,硕士研究生,,N/A,N/A,
30775567,文雨,2,硕士研究生,,N/A,N/A,
30775565,谢今,3,本科,,N/A,N/A,
30775564,钟恩庚,2,硕士研究生,,N/A,应用经济学,5
30749074,张笑牧,2,硕士研究生,10149414,复旦大学,经济学,5
30346003,张雷,2,硕士研究生,,N/A,N/A,
30775833,顾益辉,2,硕士研究生,,N/A,N/A,
30775909,李念,2,硕士研究生,,N/A,金融,5
30775834,汪洋,2,硕士研究生,10226510,同济大学,工学,1
30775563,曾质彬,2,硕士研究生,,N/A,管理学,6
30776121,张政,2,硕士研究生,,N/A,N/A,
30359720,罗婷,2,硕士研究生,,N/A,N/A,
30776120,高付,2,硕士研究生,,N/A,N/A,
30776123,黄施,2,硕士研究生,,N/A,金融学,5
30775991,何丽竹,2,硕士研究生,10149414,复旦大学,金融学,5
30776288,施知序,2,硕士研究生,,N/A,N/A,
30776427,赵颖芳,2,硕士研究生,,N/A,N/A,
30776597,蒋毅,2,硕士研究生,10226507,上海交通大学,模式识别与智能系统学,7
30395958,HAN YILING,1,博士研究生,,N/A,经济学,5
30394171,姚文,2,硕士研究生,10224613,华东师范大学,理学,1
30394171,姚文,4,MBA/EMBA,10143861,上海财经大学,MBA,2
30776713,季宬,2,硕士研究生,,N/A,理学,1
30407102,毛一凡,2,硕士研究生,,N/A,N/A,
30776715,王方舟,2,硕士研究生,,N/A,保险,7
30762128,贺嘉仪,2,硕士研究生,10229126,美国南加州大学,金融工程,5
30777413,张立晨,2,硕士研究生,10226888,对外经济贸易大学,金融,5
30777400,王超,2,硕士研究生,,N/A,N/A,
30777399,葛曦,2,硕士研究生,10391668,比利时安特卫普大学,全球化与欧洲一体化经济学,5
30777398,徐君维,2,硕士研究生,10131627,美国圣路易斯华盛顿大学,金融学,5
30777398,徐君维,3,本科,10143851,清华大学,理学,1
30777774,李子扬,2,硕士研究生,10226507,上海交通大学,金融,5
30777775,王焘,2,硕士研究生,,N/A,N/A,
30777882,孙文康,2,硕士研究生,10123973,中国人民大学,经济学,5
30777908,朱慧灵,2,硕士研究生,,N/A,N/A,
30777880,李乾宁,2,硕士研究生,,N/A,N/A,
30777907,石竟成,1,博士研究生,10143851,清华大学,管理学,6
3E+19,赵志源,1,博士研究生,,N/A,N/A,
30778113,李程,2,硕士研究生,,N/A,N/A,
30778335,陈涵,2,硕士研究生,,N/A,N/A,
30616165,吕鑫,2,硕士研究生,,N/A,工学,1
30777906,吴海峰,2,硕士研究生,,N/A,金融,5
3E+19,刘淑霞,2,硕士研究生,,N/A,理学,1
30778475,罗川,2,硕士研究生,,N/A,N/A,
30778493,莫丹,2,硕士研究生,10226868,中南大学,地球探测与信息技术,1
30778476,郭永升,2,硕士研究生,10226507,上海交通大学,N/A,
30778733,刘武健,3,本科,10143850,北京大学,数学,1
30778733,刘武健,2,硕士研究生,10143850,北京大学,工商管理,3
30778730,范博扬,2,硕士研究生,,N/A,N/A,
30778732,袁婕,2,硕士研究生,10143869,武汉大学,金融学,5
30778731,谭智汨,2,硕士研究生,10149414,复旦大学,N/A,
30774592,王卉妍,2,硕士研究生,10143878,厦门大学,国际法学,7
30417478,孙晓晖,2,硕士研究生,,N/A,N/A,
30778965,叶天垚,2,硕士研究生,10123973,中国人民大学,数量经济学,5
30571612,王建润,2,硕士研究生,,N/A,N/A,
3E+19,洪利平,2,硕士研究生,,N/A,N/A,
30779193,刘昉元,2,硕士研究生,,N/A,N/A,
30779192,王鑫,3,本科,10143850,北京大学,理学,1
30779192,王鑫,3,本科,10143850,北京大学,经济学,5
30779192,王鑫,2,硕士研究生,10394756,美国约翰霍普金斯大学,金融学,5
30779191,高兴坤,2,硕士研究生,10226737,南京大学,计算机科学与技术,1
30779189,黄磊鑫,2,硕士研究生,10226888,对外经济贸易大学,金融学,5
30778973,冷雪源,2,硕士研究生,10229187,山东大学,N/A,
30779651,李垚,2,硕士研究生,,N/A,N/A,
30779652,王萌,1,博士研究生,,N/A,N/A,
3E+19,陈贇,2,硕士研究生,10385922,悉尼大学,金融,5
3E+19,漆升筑,2,硕士研究生,,N/A,N/A,
30781076,朱文宏,3,本科,10389168,英国华威大学商学院,N/A,
30781076,朱文宏,2,硕士研究生,10229041,英国剑桥大学,经济系,5
30781377,刘浩,2,硕士研究生,10143851,清华大学,管理学理论经济学,6
30781373,郭利燕,2,硕士研究生,,N/A,N/A,
30717793,康凯,2,硕士研究生,10143850,北京大学,数学与应用数学,1
30262849,王淦,2,硕士研究生,10590383,英国约克大学,N/A,
30781931,倪文乐,3,本科,10235834,北京外国语大学,经济学,5
30781931,倪文乐,2,硕士研究生,10238976,香港大学,工商管理,3
30781916,于质冰,2,硕士研究生,,N/A,工程管理,6
30781917,易美连,2,硕士研究生,,N/A,经济学,5
30781915,祁威,2,硕士研究生,10226866,中北大学,材料加工工程学,1
30783154,万朝辉,2,硕士研究生,10143869,武汉大学,金融工程,5
30783155,都逸敏,2,硕士研究生,10226507,上海交通大学,金融,5
30413962,张峥青,2,硕士研究生,,N/A,工商管理,3
30785330,彭子未,2,硕士研究生,,N/A,理学,1
30785696,崔博俭,2,硕士研究生,10505619,美国马里兰大学帕克分校,金融,5
30571903,张静娴,2,硕士研究生,,N/A,金融,5
30374883,文康,2,硕士研究生,,N/A,N/A,
30785693,黄俊卿,2,硕士研究生,10236278,新西兰梅西大学,管理学,6
30433436,朱睿,2,硕士研究生,,N/A,管理学,6
30785942,许瀚天,2,硕士研究生,,N/A,N/A,
30647315,蔡霖,3,本科,,N/A,理学,1
30647315,蔡霖,3,本科,10229187,山东大学,会计学,4
30647315,蔡霖,2,硕士研究生,,N/A,理学,1
30647315,蔡霖,2,硕士研究生,10241663,英国杜伦大学,金融投资,5
30786016,麦健沛,2,硕士研究生,,N/A,N/A,
30786313,刘德杰,3,本科,10226888,对外经济贸易大学,N/A,
30775344,邹立波,3,本科,10385740,奥克兰大学,N/A,
30786424,庄文清,2,硕士研究生,,N/A,N/A,
30383826,张略钊,2,硕士研究生,,N/A,经济学,5
30786424,庄文清,3,本科,,N/A,N/A,
30786619,杨晨,2,硕士研究生,,N/A,N/A,
30786620,易帆,2,硕士研究生,,N/A,N/A,
30786621,杨广钊,2,硕士研究生,,N/A,N/A,
3E+19,英明,2,硕士研究生,,N/A,N/A,
3E+19,晏凯亮,2,硕士研究生,,N/A,N/A,
30786628,王蔚杰,2,硕士研究生,10233369,美国乔治华盛顿大学,应用数学,1
30786615,惠军,1,博士研究生,,N/A,N/A,
30786624,汪子冲,2,硕士研究生,,N/A,金融,5
30786629,邢薛程,3,本科,,N/A,管理学,6
30656297,曹旭辰,2,硕士研究生,,N/A,N/A,
30787130,薛良辰,3,本科,10143869,武汉大学,理学,1
30787130,薛良辰,2,硕士研究生,10123973,中国人民大学,经济学,5
30787235,刘灿,2,硕士研究生,,N/A,N/A,
30787217,郭镇岳,2,硕士研究生,10238973,香港中文大学,N/A,
30787241,赵肖萌,2,硕士研究生,10149414,复旦大学,国际贸易学,5
30383573,谢恒,2,硕士研究生,10226507,上海交通大学,数学,1
30787363,高翔,1,博士研究生,10143953,华中科技大学,金融学,5
30787364,柯达元,2,硕士研究生,10241651,杜兰大学,金融学,5
30787236,熊正寰,2,硕士研究生,,N/A,管理学,6
30787920,王顺征,2,硕士研究生,,N/A,理学,1
30768695,何萌,2,硕士研究生,10233370,美国乔治城大学,N/A,
30787720,毛运宏,2,硕士研究生,10386328,波士顿学院,金融,5
30788013,陆晓天,2,硕士研究生,,N/A,N/A,
30381854,王颖,2,硕士研究生,,N/A,"金融学,经济学",5
3E+19,林清源,2,硕士研究生,10228777,美国宾夕法尼亚大学,"系统工程,网络工程",1
30788195,倪逸芸,2,硕士研究生,,N/A,N/A,
30636152,刘星洋,1,博士研究生,,N/A,N/A,
30788203,杨烁,3,本科,,N/A,工学,1
3E+19,王琛,2,硕士研究生,,N/A,理学,1
30788270,于成曜,2,硕士研究生,,N/A,N/A,
30788271,姜灿慧,2,硕士研究生,,N/A,管理学,6
30788269,张金志,2,硕士研究生,,N/A,N/A,
30659546,刘润哲,2,硕士研究生,10241650,康涅狄格大学,N/A,
3E+19,孙野,2,硕士研究生,10229355,苏州大学,工商管理,3
30718453,王峥恺,3,本科,,N/A,商务,6
3E+19,王一兵,2,硕士研究生,,N/A,N/A,
3E+19,唐跃,1,博士研究生,,N/A,管理学,6
30381791,任翀,2,硕士研究生,,N/A,N/A,
30688731,张晓霞,2,硕士研究生,,N/A,N/A,
30788573,陶阿明,2,硕士研究生,10149414,复旦大学,金融工程管理,5
3E+19,杨超,1,博士研究生,10143735,南开大学,"金融学,经济学",5
30326856,李君周,2,硕士研究生,10229546,中山大学,药理学,1
30788934,汤舒婷,2,硕士研究生,,N/A,N/A,
30788933,葛俊阳,2,硕士研究生,,N/A,N/A,
30789034,徐缘,2,硕士研究生,,N/A,N/A,
30789033,戎凯,2,硕士研究生,10224600,北京航空航天大学,生物医生工程,7
30554969,林翟,2,硕士研究生,,N/A,金融工程,5
30352119,倪瑞超,2,硕士研究生,,N/A,金融,5
30636044,郭圳滨,2,硕士研究生,10229546,中山大学,概率论与数理统计专业,1
30789348,杜羽,2,硕士研究生,,N/A,N/A,
30789347,董嘉杰,2,硕士研究生,,N/A,N/A,
30789349,马越,2,硕士研究生,,N/A,N/A,
30789402,勾瑞芳,2,硕士研究生,,N/A,N/A,
30789400,张洋,3,本科,10229546,中山大学,经济学,5
30789400,张洋,2,硕士研究生,10226760,台湾大学,财务金融,5
30789401,王恺钺,2,硕士研究生,10143735,南开大学,经济学,5
30789477,洪潇,2,硕士研究生,,N/A,N/A,
30789553,李建国,2,硕士研究生,,N/A,理学,1
30789554,郭弘毅,2,硕士研究生,,N/A,N/A,
30745377,赵卓雄,2,硕士研究生,,N/A,工学,1
30789624,李可,2,硕士研究生,10143851,清华大学,N/A,
30789567,王超,2,硕士研究生,,N/A,理学,1
3E+19,郑常斌,2,硕士研究生,,N/A,工学,1
30789681,汪曼琪,2,硕士研究生,10143850,北京大学,计算机科学与技术专业,1
30789735,白圭尧,2,硕士研究生,10226888,对外经济贸易大学,N/A,
3E+19,刘文杰,2,硕士研究生,10143851,清华大学,计算机科学与技术专业,1
30789830,尤家妤,2,硕士研究生,10238976,香港大学,理学,1
30541644,林瑶,2,硕士研究生,,N/A,N/A,
30789939,尹丽娃,3,本科,10229546,中山大学,N/A,
30789933,张赛,2,硕士研究生,,N/A,N/A,
30789932,李新太,2,硕士研究生,,N/A,N/A,
30789940,杨轩,2,硕士研究生,10394756,美国约翰霍普金斯大学,N/A,
30789922,王小虎,2,硕士研究生,,N/A,经济学,5
30789941,贾楠,1,博士研究生,10143851,清华大学,N/A,
30789923,张济民,2,硕士研究生,,N/A,N/A,
3E+19,何以广,1,博士研究生,,N/A,工学,1
3E+19,刘沅沅,2,硕士研究生,,N/A,工商管理,3
30541523,陈奇,2,硕士研究生,10149414,复旦大学,理学,1
30622939,姚启璠,2,硕士研究生,,N/A,金融学,5
3E+19,过秀,2,硕士研究生,10229302,深圳大学,管理学,6
30789924,邵彦棋,2,硕士研究生,10229548,中央财经大学,经济学,5
30789917,冯晨,2,硕士研究生,10228720,北京理工大学,N/A,
30789917,冯晨,3,本科,10143953,华中科技大学,N/A,
30409567,朱可夫,2,硕士研究生,,N/A,N/A,
30790094,金旭炜,2,硕士研究生,,N/A,N/A,
30790093,隋毅,1,博士研究生,,N/A,N/A,
30790147,冯达,2,硕士研究生,101552501,美国伯特利大学,工商管理,3
30790134,周洪宇,2,硕士研究生,10228721,北京林业大学,管理学,6
30790137,张博然,2,硕士研究生,10143851,清华大学,经济学,5
30790135,张文全,2,硕士研究生,10144042,新加坡国立大学,房地产,7
30790149,王雪,2,硕士研究生,10228796,大连理工大学,经济学,5
30790148,胡阔,2,硕士研究生,10229443,香港理工大学,会计,4
30391591,谢长雁,1,博士研究生,,N/A,N/A,
3E+19,吴琼,2,硕士研究生,10242727,香港城市大学,应用经济学,5
3E+19,张娅,2,硕士研究生,10395060,美国肯特州立大学,理学,1
30790177,曲鸿昊,2,硕士研究生,,N/A,N/A,
30790316,吴心洋,3,本科,10226737,南京大学,环境科学,7
30790316,吴心洋,2,硕士研究生,10143953,华中科技大学,金融学,5
30383647,林伟强,2,硕士研究生,10143861,上海财经大学,金融学,5
30790318,赵磊,2,硕士研究生,,N/A,N/A,
30699434,任飞,2,硕士研究生,,N/A,N/A,
30701574,李波,2,硕士研究生,,N/A,N/A,
3E+19,王申,2,硕士研究生,,N/A,N/A,
30379788,蓝小康,2,硕士研究生,,N/A,N/A,
30546419,杨严,1,博士研究生,10238991,卡迪夫大学,经济学,5
30790463,陈方圆,2,硕士研究生,10143851,清华大学,金融,5
30382283,姚姣姣,2,硕士研究生,10149414,复旦大学,经济学,5
30713603,杨晗,2,硕士研究生,101556141,法国高等管理学校,工商管理,3
30982800,白伊贝,2,硕士研究生,,N/A,管理科学与工程,6
30778273,殷乐,2,硕士研究生,,N/A,理学,1
3E+19,张威,3,本科,,N/A,管理学,6
30982971,吴瑶,2,硕士研究生,10389758,美国德保罗大学,金融,5
30983012,姜昊,2,硕士研究生,10238973,香港中文大学,金融学,5
30983012,姜昊,3,本科,10238973,香港中文大学,工商管理,3
30982995,董令飞,2,硕士研究生,10224600,北京航空航天大学,飞行器设计,7
30982968,朱宝国,2,硕士研究生,10123973,中国人民大学,经济学,5
30982979,陈印,2,硕士研究生,10143851,清华大学,经济与金融专业,5
30982979,陈印,2,硕士研究生,10226877,中国农业大学,国际商务,3
30983246,艾雪晗,2,硕士研究生,,N/A,N/A,
30982979,陈印,3,本科,10143851,清华大学,N/A,
30983281,管浩阳,2,硕士研究生,10123973,中国人民大学,金融学,5
30766833,王帅,2,硕士研究生,,N/A,数量经济学,5
30983497,宋文雪,3,本科,,N/A,管理学,6
30983641,徐博,2,硕士研究生,10229532,中国科学院大学,细胞生物学,7
30983740,陈序,1,博士研究生,,N/A,工学,1
30983637,刘庆祥,2,硕士研究生,10226507,上海交通大学,管理学,6
30983637,刘庆祥,3,本科,10226507,上海交通大学,N/A,
30983875,苗富,2,硕士研究生,,N/A,N/A,
30983631,洪明华,2,硕士研究生,,N/A,计算机应用技术,1
30983743,方潇玥,2,硕士研究生,10143861,上海财经大学,金融信息工程,5
30787131,李自龙,1,博士研究生,10149414,复旦大学,理论物理,1
30983932,汤旻玮,2,硕士研究生,,N/A,N/A,
30983931,赵星宇,2,硕士研究生,10149414,复旦大学,计算数学,1
30327096,顾柔刚,2,硕士研究生,10385529,普渡大学,金融,5
30327096,顾柔刚,3,本科,10149414,复旦大学,管理学,6
30984031,李洪超,3,本科,10143871,西安交通大学,N/A,
30984030,陈柯含,2,硕士研究生,10396492,里昂商学院,管理,6
30430818,田原,3,本科,10143851,清华大学,工业工程,1
30984029,刘兆阳,2,硕士研究生,,N/A,金融,5
30984168,王飞,2,硕士研究生,,N/A,经济学,5
30378910,甘宗卫,2,硕士研究生,10123973,中国人民大学,金融学,5
30984234,王习,2,硕士研究生,,N/A,N/A,
3E+19,彭鑫,3,本科,,N/A,N/A,
3E+19,陈晓生,2,硕士研究生,10229494,浙江大学,经济学,5
30984414,冯浩,2,硕士研究生,,N/A,N/A,
30984418,冯雪,2,硕士研究生,,N/A,N/A,
30984408,张嫄,2,硕士研究生,,N/A,N/A,
30753493,吕拙愚,3,本科,10123973,中国人民大学,N/A,
30443297,胡巧云,2,硕士研究生,10143878,厦门大学,保险学,7
3E+19,孟亚强,2,硕士研究生,10143735,南开大学,保险精算,5
30260423,徐华,2,硕士研究生,10143735,南开大学,金融学,5
30984651,吴明杰,2,硕士研究生,,N/A,N/A,
30984649,钱栋彪,2,硕士研究生,,N/A,N/A,
30289580,张立聪,2,硕士研究生,,N/A,管理学,6
30257622,周珞晏,2,硕士研究生,10108695,杜克大学,工程管理学,6
30985046,余文朝,2,硕士研究生,10233376,美国加利福尼亚大学洛杉矶分校,金融工程,5
30985048,郑瑛,2,硕士研究生,10238973,香港中文大学,N/A,
30985048,郑瑛,3,本科,10228729,北京师范大学,N/A,
30985279,黄惠伶,2,硕士研究生,,N/A,管理学,6
30985281,汤杰强,2,硕士研究生,,N/A,N/A,
30985282,高明哲,2,硕士研究生,,N/A,N/A,
30985280,曹怡,2,硕士研究生,,N/A,理学,1
30985359,彭悦,2,硕士研究生,,N/A,N/A,
30379846,雷志强,2,硕士研究生,,N/A,N/A,
30985490,秦文博,2,硕士研究生,,N/A,国际商务,3
30985646,王伟,1,博士研究生,10143871,西安交通大学,通信工程,1
30985646,王伟,1,博士研究生,10144001,美国德州大学奥斯汀分校,N/A,
30986170,张云舒,3,本科,10229355,苏州大学,N/A,
30986160,鲍昀骁,2,硕士研究生,,N/A,N/A,
30986161,尹鲁晋,1,博士研究生,10143878,厦门大学,金融学,5
30647158,王栋,2,硕士研究生,10229494,浙江大学,会计学,4
30413372,刘尚,2,硕士研究生,10143869,武汉大学,N/A,
30986357,欧阳勇兵,2,硕士研究生,,N/A,工商管理学,3
30986353,窦小曼,1,博士研究生,10143851,清华大学,数学,1
30670267,张健,2,硕士研究生,,N/A,金融,5
3E+19,张剑,2,硕士研究生,,N/A,N/A,
30988358,刘海文,2,硕士研究生,,N/A,N/A,
30988353,张若伦,2,硕士研究生,10128393,西南财经大学,审计学,5
30988357,许兆晗,2,硕士研究生,,N/A,N/A,
3E+19,陈倩,2,硕士研究生,,N/A,N/A,
30988536,卢禹呈,2,硕士研究生,,N/A,N/A,
30988532,宋锦浩,2,硕士研究生,10143850,北京大学,N/A,
30571153,杨奇,2,硕士研究生,,N/A,N/A,
30988535,肖雨晨,2,硕士研究生,,N/A,传播学,7
30988530,邢儒风,2,硕士研究生,,N/A,理学,1
3E+19,郭志辉,2,硕士研究生,,N/A,N/A,
30988695,刘阳,2,硕士研究生,,N/A,N/A,
30346410,周妍,1,博士研究生,,N/A,N/A,
30988694,沈晔,2,硕士研究生,,N/A,N/A,
30988741,温馨,2,硕士研究生,,N/A,经济学,5
30988742,胡玺潮,2,硕士研究生,,N/A,金融,5
3E+19,陆志俊,2,硕士研究生,,N/A,"经济学,管理学",5
30988973,袁田,2,硕士研究生,,N/A,N/A,
30989225,何贤发,2,硕士研究生,,N/A,N/A,
30989226,李家祺,2,硕士研究生,10396110,美国佐治亚理工学院,理学,1
30989227,沈丹莹,2,硕士研究生,,N/A,N/A,
30258074,周晶晶,2,硕士研究生,10143735,南开大学,精算学,5
30989441,王子芃,2,硕士研究生,10143735,南开大学,财政学,5
30989440,赵亚军,1,博士研究生,10143861,上海财经大学,数量经济学,5
30986850,饶祖华,2,硕士研究生,10229098,伦敦政治经济学院,经济学,5
30989633,刘毅恒,2,硕士研究生,10386328,波士顿学院,N/A,
30989646,卫军军,2,硕士研究生,,N/A,工程学,1
30661335,李子家,2,硕士研究生,10447230,法国KEDGE商学院,金融学,5
30989649,白钰,2,硕士研究生,10149414,复旦大学,经济学,5
30989631,许迟,2,硕士研究生,,N/A,N/A,
30760183,陶宏伟,2,硕士研究生,10143850,北京大学,金融,5
30989834,郑洋,2,硕士研究生,,N/A,N/A,
30989833,江杨磊,2,硕士研究生,,N/A,N/A,
3E+19,秦培栋,2,硕士研究生,,N/A,N/A,
3E+19,邵立夫,2,硕士研究生,10143851,清华大学,N/A,
30577844,赵岩,2,硕士研究生,,N/A,N/A,
30989911,裴安琪,2,硕士研究生,10224607,北京交通大学,统计学,1
30540222,郭梁良,2,硕士研究生,10143851,清华大学,N/A,
30990041,陈星宇,2,硕士研究生,10385988,欧洲工商管理学院,工商管理,3
30990041,陈星宇,2,硕士研究生,10389424,滑铁卢大学,计算机科学,1
30990041,陈星宇,2,硕士研究生,10386601,多伦多大学,经济学,5
30990041,陈星宇,3,本科,10387858,西安大略大学,计算机,1
30990068,孙超,2,硕士研究生,,N/A,N/A,
30268732,张孝达,2,硕士研究生,,N/A,N/A,
30989632,程文文,2,硕士研究生,,N/A,理学,1
30990131,姜盼宇,2,硕士研究生,,N/A,金融,5
30990132,汪宇,2,硕士研究生,,N/A,N/A,
3E+19,王学磊,2,硕士研究生,,N/A,N/A,
30599979,任涛,2,硕士研究生,10143851,清华大学,工学,1
30990254,黄敏怡,2,硕士研究生,,N/A,金融学,5
30990255,胡凡,2,硕士研究生,10226507,上海交通大学,工商管理,3
30990039,章健,2,硕士研究生,10143851,清华大学,N/A,
30990405,李芝群,2,硕士研究生,10226888,对外经济贸易大学,数量经济学,5
3E+19,周智硕,2,硕士研究生,,N/A,工学,1
30990470,张舰,1,博士研究生,,N/A,N/A,
30990551,郑小凡,2,硕士研究生,10229546,中山大学,审计,5
30990512,张和睿,2,硕士研究生,,N/A,N/A,
30990568,李可博,3,本科,10229377,天津财经大学,工学,1
30990634,杨光,2,硕士研究生,,N/A,N/A,
30990632,刘浒,2,硕士研究生,,N/A,N/A,
30990631,卞美莹,2,硕士研究生,10149414,复旦大学,金融,5
30990469,吕方,2,硕士研究生,,N/A,工商管理,3
30990469,吕方,2,硕士研究生,,N/A,金融风险管理,5
30990406,胡天乐,1,博士研究生,,N/A,工学,1
30990398,黄蕴藉,2,硕士研究生,,N/A,工学,1
30990814,景华,2,硕士研究生,10455725,荷兰屯特大学,应用数学金融工程,5
30990737,吴敏,1,博士研究生,10104898,中国社会科学院,N/A,
30986159,刘雅清,2,硕士研究生,10143850,北京大学,金融学,5
30990944,冯剑峰,2,硕士研究生,,N/A,N/A,
30990943,李善欣,2,硕士研究生,,N/A,N/A,
30778475,罗川,2,硕士研究生,,N/A,经济学,5
30991009,叶文博,2,硕士研究生,10108695,美国杜克大学,经济学,5
30991010,王力,2,硕士研究生,,N/A,工学,1
30991011,李凡,2,硕士研究生,10149414,复旦大学,国际商务,3
30658663,姚艺,2,硕士研究生,,N/A,金融,5
30991153,兰皓云,2,硕士研究生,10229560,重庆理工大学,会计学,4
30991154,连煦,2,硕士研究生,10229494,浙江大学,工学,1
30991155,李善涛,2,硕士研究生,10143850,北京大学,工程,1
30991163,杨璐,2,硕士研究生,,N/A,N/A,
30991166,陆莉娜,3,本科,,N/A,N/A,
30991290,王逸安,1,博士研究生,,N/A,哲学,7
30991012,倪春尧,2,硕士研究生,,N/A,金融,5
30991337,宋立军,2,硕士研究生,,N/A,理学,1
30991335,王若天,2,硕士研究生,,N/A,N/A,
30991334,邓宇思,2,硕士研究生,,N/A,国际商务,3
30991370,张浩然,2,硕士研究生,,N/A,N/A,
30991157,吴宜蓉,2,硕士研究生,10229494,浙江大学,产业经济学,5
30991574,赵鹏,2,硕士研究生,10229146,新加坡南洋理工大学,N/A,
30991566,钟成亮,2,硕士研究生,,N/A,理学,1
30991671,冯小莺,2,硕士研究生,,N/A,N/A,
30991688,方鑫宸,2,硕士研究生,,N/A,金融,5
30991879,刘腾飞,2,硕士研究生,10226507,上海交通大学,企业管理,3
30991877,江正清,2,硕士研究生,10238973,香港中文大学,金融学,5
30991880,章宏帆,2,硕士研究生,10229494,浙江大学,金融学,5
30408788,邓芳程,2,硕士研究生,,N/A,N/A,
30991876,马浩然,2,硕士研究生,10149414,复旦大学,金融学,5
30636043,丁一凡,2,硕士研究生,,N/A,金融,5
30991670,周晗,2,硕士研究生,10143851,清华大学,N/A,
30991947,胡万程,2,硕士研究生,,N/A,N/A,
30991948,袁浩然,2,硕士研究生,,N/A,N/A,
30382277,杨宇俊,2,硕士研究生,10226888,对外经济贸易大学,金融学,5
3E+19,张海东,2,硕士研究生,10123973,中国人民大学,经济学,5
3E+19,于海颖,3,本科,10229379,天津大学,经济学,5
30577701,周庆,2,硕士研究生,,N/A,N/A,
30992097,曲蕾蕾,2,硕士研究生,,N/A,N/A,
30702856,姚彦如,2,硕士研究生,10238973,香港中文大学,N/A,
30992837,宋祖强,2,硕士研究生,,N/A,N/A,
30992750,沈少波,2,硕士研究生,,N/A,N/A,
30992748,郝彬,2,硕士研究生,,N/A,N/A,
30986353,窦小曼,1,博士研究生,10143851,清华大学,应用数学,1
30993596,周润,2,硕士研究生,,N/A,N/A,
30380155,李云琪,2,硕士研究生,10143851,清华大学,计算机科学与技术,1
30992749,孙成林,2,硕士研究生,10149414,复旦大学,金融学,5
30993825,黄超杰,2,硕士研究生,,N/A,N/A,
30736033,刘一峰,2,硕士研究生,,N/A,N/A,
3E+19,廖欣宇,2,硕士研究生,10149414,复旦大学,经济学,5
30995090,张潇涓,2,硕士研究生,10386461,德国法兰克福大学,理学,1
30995092,贾瑞,2,硕士研究生,,N/A,N/A,
30995091,李宜泽,2,硕士研究生,10143850,北京大学,N/A,
30557057,孙雨,2,硕士研究生,10229548,中央财经大学,经济学,5
30995166,雷霆,2,硕士研究生,,N/A,N/A,
30995210,王明路,1,博士研究生,10226507,上海交通大学,核科学与技术,1
30995211,郁星炜,2,硕士研究生,10149414,复旦大学,金融工程,5
30995167,蒲天瑞,2,硕士研究生,10143850,北京大学,N/A,
30985031,陈工文,2,硕士研究生,10143850,北京大学,西方经济学,5
30995291,王中伟,2,硕士研究生,,N/A,N/A,
30995292,陈默,2,硕士研究生,10229443,香港理工大学,投资管理,6
30684710,黄晓栋,2,硕士研究生,10149414,复旦大学,N/A,
30995293,钟青松,2,硕士研究生,,N/A,N/A,
3E+19,刘欣,2,硕士研究生,10143851,清华大学,数学,1
3E+19,胡睿喆,3,本科,,N/A,N/A,
3E+19,胡睿喆,2,硕士研究生,,N/A,N/A,
30995328,吴政,2,硕士研究生,,N/A,N/A,
30995330,程子晴,3,本科,10149414,复旦大学,管理学,6
30995330,程子晴,2,硕士研究生,10238981,香港科技大学,理学,1
30577838,陈亚芳,2,硕士研究生,10394756,约翰霍普金斯大学,金融数学,5
3E+19,刘榕俊,2,硕士研究生,10229531,中国科学院,金融学,5
3E+19,刘榕俊,2,硕士研究生,10123973,中国人民大学,应用数学,1
3E+19,刘榕俊,3,本科,10143850,北京大学,经济学,5
30995391,凌亚亮,2,硕士研究生,10143851,清华大学,金融,5
30995409,刘鹏,2,硕士研究生,10149414,复旦大学,概率论与数理统计,1
30381270,蒲延杰,1,博士研究生,10123973,中国人民大学,金融学,5
30995408,赵远飞,2,硕士研究生,10229546,中山大学,经济学,5
30995471,李雪松,1,博士研究生,10143861,上海财经大学,数量经济学,5
30995471,李雪松,3,本科,10128393,西南财经大学,数学与应用数学,1
30995410,王应林,2,硕士研究生,10228729,北京师范大学,理论物理,1
30995472,王悦,2,硕士研究生,10123973,中国人民大学,金融,5
30413850,王鑫园,2,硕士研究生,,N/A,N/A,
3E+19,林碧波,1,博士研究生,10229379,天津大学,N/A,
30995552,杜雨菲,2,硕士研究生,,N/A,N/A,
30995554,刘健琦,2,硕士研究生,,N/A,N/A,
30995621,窦福成,2,硕士研究生,,N/A,N/A,
30995645,杨光,1,博士研究生,10149414,复旦大学,理论物理,1
30995645,杨光,3,本科,10149414,复旦大学,物理学,1
30325495,王修宝,2,硕士研究生,10123973,中国人民大学,经济学,5
30995625,张传杰,2,硕士研究生,,N/A,N/A,
30995634,刘佳妍,2,硕士研究生,,N/A,N/A,
30995710,尤聪,2,硕士研究生,,N/A,计算金融与风险管理,5
30995910,尹盟,2,硕士研究生,,N/A,N/A,
30995907,周泉希,2,硕士研究生,,N/A,N/A,
30595577,吴志鹏,2,硕士研究生,10385565,美国锡拉丘兹大学,理学,1
3E+19,彭朝阳,2,硕士研究生,,N/A,工商管理,3
30996068,刘心一,2,硕士研究生,,N/A,N/A,
30996063,赖鹏,2,硕士研究生,10238981,香港科技大学,N/A,
3E+19,和磊,2,硕士研究生,10143861,上海财经大学,数量经济学,5
30996202,姬长春,2,硕士研究生,,N/A,理学,1
30996206,张晨栋,3,本科,10143953,华中科技大学,金融学,5
30996206,张晨栋,2,硕士研究生,10123973,中国人民大学,金融学,5
30995553,刘砚芳,2,硕士研究生,,N/A,金融,5
30995551,刘越洲,2,硕士研究生,,N/A,金融,5
30996349,党晶,1,博士研究生,,N/A,N/A,
30996348,张翔,2,硕士研究生,,N/A,N/A,
3E+19,叶秀贤,2,硕士研究生,10229379,天津大学,管理科学与工程,6
30381623,孙倩倩,2,硕士研究生,,N/A,经济学,5
30466534,汤其勇,2,硕士研究生,,N/A,N/A,
30408252,滕光耀,2,硕士研究生,,N/A,N/A,
30995550,聂启文,2,硕士研究生,,N/A,理学,1
30996473,胡柯,2,硕士研究生,,N/A,N/A,
30996476,蒋晓锋,2,硕士研究生,10226877,中国农业大学,N/A,
30996428,张路榆,2,硕士研究生,10143861,上海财经大学,金融,5
30294592,李杨,2,硕士研究生,10149414,复旦大学,金融,5
30672961,刘志鹏,2,硕士研究生,10226888,对外经济贸易大学,工商管理,3
30996711,翟晴,2,硕士研究生,10149414,复旦大学,工商管理,3
30628135,丁汀,3,本科,10143861,上海财经大学,N/A,
30996790,龙朗妮,2,硕士研究生,10226888,对外经济贸易大学,金融学,5
30664898,陈聪,2,硕士研究生,,N/A,理学,1
30628135,丁汀,2,硕士研究生,10385582,美国特拉华大学,会计学,4
30705801,王玉珏,2,硕士研究生,10143851,清华大学,金融,5
30996845,梁少文,3,本科,10143953,华中科技大学,工学,1
30996845,梁少文,2,硕士研究生,10143953,华中科技大学,金融,5
30996849,金溪寒,2,硕士研究生,10123973,中国人民大学,金融,5
30996850,陆莎莎,2,硕士研究生,,N/A,N/A,
30996889,刘洛宁,2,硕士研究生,,N/A,N/A,
30394668,周谧,3,本科,10228933,哈尔滨工业大学,应用数学,1
30996890,胡晓楠,2,硕士研究生,,N/A,N/A,
30561976,蒋江松媛,2,硕士研究生,,N/A,西方经济学,5
30996891,袁康洪,2,硕士研究生,,N/A,N/A,
30996846,王清,2,硕士研究生,10226507,上海交通大学,金融,5
30996966,王欣薇,2,硕士研究生,,N/A,N/A,
30360775,柯聪伟,2,硕士研究生,10143878,厦门大学,金融工程,5
30997042,姜鑫,2,硕士研究生,,N/A,N/A,
3E+19,胡伟,2,硕士研究生,10143853,中欧国际工商学院,工商管理,3
30997041,高苏,1,博士研究生,10226507,上海交通大学,化学,1
30997089,倪也,2,硕士研究生,10149414,复旦大学,西方经济学,5
30409870,柴程森,2,硕士研究生,,N/A,N/A,
30997088,石丽君,2,硕士研究生,10143850,北京大学,经济学,5
30997091,谭普景,3,本科,,N/A,N/A,
3E+19,黄世旺,2,硕士研究生,10394629,澳大利亚弗林德斯大学,国际经贸,5
3E+19,黄世旺,2,硕士研究生,10143735,南开大学,国际经贸,5
30997189,肖涵,2,硕士研究生,,N/A,金融学,5
30997190,苏锦河,2,硕士研究生,,N/A,经济学,5
30658665,骆毅,3,本科,10228729,北京师范大学,N/A,
30410695,陈麟瓒,2,硕士研究生,10143851,清华大学,金融,5
30997287,梁清,2,硕士研究生,,N/A,N/A,
30997291,郑双明,2,硕士研究生,,N/A,N/A,
30997489,张杭,2,硕士研究生,,N/A,N/A,
30997490,郭瀚穹,2,硕士研究生,,N/A,金融学,5
30997491,王诗韵,2,硕士研究生,10149414,复旦大学,金融学,5
30997488,李文广,2,硕士研究生,,N/A,金融,5
30642867,董明斌,2,硕士研究生,,N/A,N/A,
3E+19,李雪,2,硕士研究生,,N/A,金融,5
30991950,杨磊,3,本科,10143878,厦门大学,N/A,
30991950,杨磊,2,硕士研究生,10238981,香港科技大学,N/A,
30991881,郭绍军,2,硕士研究生,,N/A,理学,1
3E+19,冯春远,2,硕士研究生,,N/A,N/A,
30258859,方军平,2,硕士研究生,10123973,中国人民大学,金融学,5
30997823,吴颖,2,硕士研究生,10229160,牛津大学,N/A,
30660140,周靖翔,2,硕士研究生,,N/A,N/A,
30997821,李淏玮,2,硕士研究生,10385464,美国纽约大学,理学,1
30997822,童炯潇,2,硕士研究生,,N/A,N/A,
3E+19,郭成东,2,硕士研究生,,N/A,经济学,5
30997929,向涛,3,本科,,N/A,N/A,
30997927,楚芸,2,硕士研究生,10238973,香港中文大学,理学,1
30547646,代宏坤,1,博士研究生,10229339,四川大学,管理学,6
3E+19,黄星霖,2,硕士研究生,10143871,西安交通大学,工学,1
30997928,刘荣,2,硕士研究生,,N/A,理学,1
30622104,李夏,2,硕士研究生,10143871,西安交通大学,应用经济学,5
30998130,杨宸祎,2,硕士研究生,,N/A,N/A,
30998235,刘彦伟,2,硕士研究生,,N/A,N/A,
30693167,王森,2,硕士研究生,,N/A,经济学,5
30762209,王雨宸,2,硕士研究生,,N/A,理学,1
30998062,黄志远,2,硕士研究生,,N/A,N/A,
3E+19,冯潇,2,硕士研究生,,N/A,N/A,
30440859,沈路遥,2,硕士研究生,,N/A,工程,1
30998322,郑煌斌,2,硕士研究生,10143878,厦门大学,经济学,5
30998549,孙铭婉,2,硕士研究生,10389282,帝国理工学院,金融工程,5
30998640,孙晨歌,2,硕士研究生,,N/A,N/A,
30998820,张传捷,2,硕士研究生,,N/A,经济学,5
30998794,秦伟,1,博士研究生,,N/A,N/A,
30998792,董春峰,2,硕士研究生,,N/A,N/A,
30998816,蒋寒尽,2,硕士研究生,,N/A,N/A,
30998818,黄晓峰,2,硕士研究生,,N/A,N/A,
30998813,黎绮雯,2,硕士研究生,10386601,多伦多大学,数学金融专业,5
30998809,吕国钦,1,博士研究生,10229532,中国科学院大学,力学,1
3E+19,吴非,2,硕士研究生,,N/A,N/A,
3E+19,林景艺,2,硕士研究生,10143850,北京大学,会计学,4
30998819,姜德力,2,硕士研究生,,N/A,N/A,
30998812,姜松尚,2,硕士研究生,,N/A,N/A,
30998787,孟博,2,硕士研究生,10226507,上海交通大学,金融,5
30998808,江海峰,2,硕士研究生,,N/A,N/A,
30789736,王皓非,1,博士研究生,10226507,上海交通大学,经济学,5
30540857,滕春晓,2,硕士研究生,10226507,上海交通大学,工学,1
30999516,黄佳丽,2,硕士研究生,10226507,上海交通大学,金融,5
301000107,曾绍刚,2,硕士研究生,,N/A,N/A,
30636030,王宇豪,3,本科,10144025,中国科学技术大学,物理学,1
30636030,王宇豪,2,硕士研究生,10233376,加州大学洛杉矶分校,电气工程,1
301000311,谢成,2,硕士研究生,10149414,复旦大学,金融,5
3E+19,姜征昊,2,硕士研究生,,N/A,N/A,
301000493,丁仲元,2,硕士研究生,10385464,纽约大学,技术管理,7
3E+19,李嘉琪,1,博士研究生,,N/A,N/A,
301000562,杜雨楠,2,硕士研究生,,N/A,N/A,
30371004,翟伟,2,硕士研究生,10226507,上海交通大学,工学,1
30413819,周沐,2,硕士研究生,,N/A,金融学,5
301000711,欧阳廷婷,2,硕士研究生,,N/A,N/A,
301000670,刘照琛,2,硕士研究生,10238981,香港科技大学,哲学,7
301000670,刘照琛,2,硕士研究生,10238981,香港科技大学,土木与环境工程,7
301000792,王健,2,硕士研究生,10143878,厦门大学,财政学,5
301000950,周子凡,2,硕士研究生,10357438,美国伊利诺伊大学香槟分校,金融学,5
3E+19,卓佳亮,2,硕士研究生,,N/A,N/A,
301000961,潘昱璇,2,硕士研究生,10149414,复旦大学,保险,7
301000957,刘蔚,2,硕士研究生,,N/A,N/A,
301000955,杨晟胜,2,硕士研究生,10123973,中国人民大学,税务学,7
301000956,刘裴,2,硕士研究生,,N/A,金融,5
301001191,姚欢宸,2,硕士研究生,,N/A,金融,5
301001190,张子健,2,硕士研究生,,N/A,金融,5
30417945,王梦恺,2,硕士研究生,,N/A,N/A,
30442278,陈祥,1,博士研究生,,N/A,工学,1
301001322,郭威,2,硕士研究生,10143851,清华大学,会计学,4
3E+19,李晗,3,本科,10143850,北京大学,经济学,5
3E+19,李晗,2,硕士研究生,10228686,法国巴黎高等商学院,理学,1
3E+19,李晗,2,硕士研究生,10557769,加拿大女王大学,管理学,6
3E+19,华玲,2,硕士研究生,,N/A,N/A,
301001468,蔡锐帆,3,本科,10229546,中山大学,金融学,5
301001468,蔡锐帆,2,硕士研究生,10143850,北京大学,金融学,5
3E+19,胡涛,3,本科,10143851,清华大学,计算机,1
3E+19,胡涛,2,硕士研究生,10143851,清华大学,计算机,1
301001609,潘科,2,硕士研究生,,N/A,理学,1
301001187,于智伟,2,硕士研究生,10143851,清华大学,金融学,5
301001692,岳小博,2,硕士研究生,,N/A,N/A,
301001691,杨泠枫,2,硕士研究生,10385464,纽约大学,统计学,1
301001447,周汝昂,2,硕士研究生,,N/A,金融,5
301001844,江磊,2,硕士研究生,,N/A,金融,5
301001843,陈正声,1,博士研究生,10149414,复旦大学,应用经济学,5
301001843,陈正声,1,博士研究生,10228796,大连理工大学,金融工程,5
301001441,韩逸平,2,硕士研究生,,N/A,经济学,5
301001920,李浩,2,硕士研究生,,N/A,N/A,
301001921,段思淼,2,硕士研究生,,N/A,金融,5
301002050,杨思远,2,硕士研究生,,N/A,N/A,
3E+19,刘歆钰,3,本科,10123973,中国人民大学,N/A,
301002220,梁思琦,2,硕士研究生,10143861,上海财经大学,金融,5
301002221,汤伟杰,2,硕士研究生,10226507,上海交通大学,电子与通信工程,7
301002222,王实,2,硕士研究生,,N/A,N/A,
301002219,白昱曦,2,硕士研究生,,N/A,N/A,
3E+19,刘歆钰,2,硕士研究生,10386336,英国伯明翰大学,N/A,
301000310,常锐,2,硕士研究生,,N/A,金融,5
301000312,肖宛远,2,硕士研究生,,N/A,理学,1
301002395,闵东旭,2,硕士研究生,,N/A,经济学,5
301002218,贾萃,2,硕士研究生,,N/A,数量经济学,5
301002764,郭琨研,2,硕士研究生,,N/A,N/A,
301002928,焦阳,2,硕士研究生,10149414,复旦大学,定量金融,5
301002929,王振遨,2,硕士研究生,,N/A,N/A,
30374875,石亮,2,硕士研究生,,N/A,N/A,
301002931,韩俏,3,本科,10444773,加拿大圣玛丽大学,金融学,5
301002931,韩俏,3,本科,10444773,加拿大圣玛丽大学,会计学,4
301002931,韩俏,2,硕士研究生,10444773,加拿大圣玛丽大学,金融学,5
30567744,吴昊,2,硕士研究生,10224600,北京航空航天大学,材料工程,1
301000314,杨正旺,2,硕士研究生,,N/A,理学,1
301000313,靳晨鑫,1,博士研究生,,N/A,经济学,5
301003120,石泰华,2,硕士研究生,,N/A,N/A,
301003121,缪扬帆,2,硕士研究生,,N/A,N/A,
30572364,时彧,2,硕士研究生,10385275,美国布兰戴斯大学,国际经济与金融学,5
301002930,虞汉阳,1,博士研究生,10229494,浙江大学,工学,1
30991949,陈之渊,3,本科,10238976,香港大学,经济与金融学,5
30991949,陈之渊,2,硕士研究生,10241643,卡内基梅隆大学,计算金融,5
301003119,王宁宁,2,硕士研究生,,N/A,N/A,
30706239,黄生鹏,2,硕士研究生,,N/A,国际金融分析,5
301003207,张科丰,2,硕士研究生,10143735,南开大学,N/A,
301003209,李晶晶,2,硕士研究生,,N/A,N/A,
30352400,沈衡,1,博士研究生,,N/A,N/A,
30331947,张溢,2,硕士研究生,,N/A,数量经济学,5
3E+19,孙跃鹏,1,博士研究生,,N/A,N/A,
30381648,提云涛,1,博士研究生,10149414,复旦大学,经济学,5
301003307,肖哲浩,2,硕士研究生,,N/A,N/A,
301003311,毛鼎,2,硕士研究生,,N/A,N/A,
30703414,李学伟,2,硕士研究生,,N/A,N/A,
30558896,段海峰,1,博士研究生,10238981,香港科技大学,N/A,
30395165,王亦沁,2,硕士研究生,10143861,上海财经大学,管理学,6
301003413,童昌希,2,硕士研究生,10229494,浙江大学,金融,5
30431680,薛源,3,本科,,N/A,N/A,
301003412,王博,2,硕士研究生,10229548,中央财经大学,经济学,5
301003529,杨一,2,硕士研究生,10143850,北京大学,经济学,5
301003414,佘江科,3,本科,10143850,北京大学,数学与应用数学,1
30557353,张阳,2,硕士研究生,10123973,中国人民大学,政治经济学,5
30584425,朱韦康,1,博士研究生,,N/A,经济学,5
301003588,柳叶青,2,硕士研究生,,N/A,理学,1
301003306,白皓元,2,硕士研究生,,N/A,金融,5
301003415,胡坤,2,硕士研究生,,N/A,理学,1
301003651,孙昊天,2,硕士研究生,,N/A,N/A,
301003648,张文昭,2,硕士研究生,,N/A,N/A,
301003650,马众浩,2,硕士研究生,10454253,伦敦玛丽女王大学,金融学,5
3E+19,马杰,2,硕士研究生,10143735,南开大学,经济学,5
301003649,王树君,2,硕士研究生,,N/A,N/A,
301003717,周泓灏,2,硕士研究生,,N/A,N/A,
301003718,欧阳俊,2,硕士研究生,,N/A,N/A,
301003719,时赟凯,2,硕士研究生,,N/A,N/A,
30986354,陈若男,2,硕士研究生,,N/A,工程,1
301003768,吕晓晗,3,本科,,N/A,N/A,
301003829,徐玉宁,2,硕士研究生,10128393,西南财经大学,经济学,5
30720633,吴昱斌,3,本科,10143878,厦门大学,N/A,
30720633,吴昱斌,2,硕士研究生,10226864,中国科学院软件研究所,N/A,
301003878,王嘉时,2,硕士研究生,,N/A,工学,1
301003952,杜德,2,硕士研究生,10224613,华东师范大学,金融,5
301003950,王振鹏,2,硕士研究生,,N/A,N/A,
30428461,朱柏蓉,3,本科,10228729,北京师范大学,N/A,
30394528,董浩,2,硕士研究生,,N/A,N/A,
3E+19,贾志,3,本科,10238985,黑龙江大学,N/A,
301004019,崔帅帅,2,硕士研究生,10229548,中央财经大学,国际金融学,5
301004030,赵雯,2,硕士研究生,,N/A,N/A,
301004029,陈旭东,1,博士研究生,10143850,北京大学,力学,1
3E+19,张伟,2,硕士研究生,,N/A,N/A,
3E+19,杨涛,2,硕士研究生,10143861,上海财经大学,N/A,
301003951,陈英嘉,2,硕士研究生,,N/A,金融,5
301004209,要文强,2,硕士研究生,10389141,格拉斯哥大学,N/A,
3E+19,张伟,2,硕士研究生,10385578,埃克塞特大学,金融学,5
3E+19,张伟,2,硕士研究生,10224600,北京航空航天大学,工商管理,3
301004210,吴轩,2,硕士研究生,,N/A,N/A,
30380272,潘海洋,2,硕士研究生,10143735,南开大学,金融学,5
301004254,李维国,2,硕士研究生,10229546,中山大学,应用统计,1
301004255,屠玮佳,2,硕士研究生,10389509,美国马里兰大学,金融学,5
301004256,刘进,2,硕士研究生,,N/A,N/A,
301004329,钱行健,2,硕士研究生,,N/A,N/A,
301004330,朱盟邦,2,硕士研究生,,N/A,N/A,
301004334,钟景,2,硕士研究生,,N/A,N/A,
3E+19,刘太阳,2,硕士研究生,10226507,上海交通大学,应用数学,1
301004391,查惠俐,2,硕士研究生,,N/A,N/A,
301004393,段佳琪,2,硕士研究生,,N/A,N/A,
30300723,苏林洁,2,硕士研究生,10149414,复旦大学,经济学,5
301004392,李滋源,2,硕士研究生,,N/A,理学,1
301004410,林峰,2,硕士研究生,,N/A,工商管理,3
301004491,陈镜竹,2,硕士研究生,10143869,武汉大学,金融学,5
3E+19,邢达,2,硕士研究生,,N/A,N/A,
301004488,王阳,2,硕士研究生,,N/A,N/A,
30409957,胡英粲,2,硕士研究生,,N/A,金融,5
3E+19,王丽军,2,硕士研究生,,N/A,应用数学,1
301004554,高扬,2,硕士研究生,,N/A,N/A,
301004547,叶肇元,2,硕士研究生,,N/A,N/A,
301004489,贵博韬,2,硕士研究生,10143861,上海财经大学,N/A,
301004490,廖亮,2,硕士研究生,10149414,复旦大学,N/A,
301004390,张璐涵,2,硕士研究生,,N/A,经济学,5
301004611,戴泽斌,2,硕士研究生,,N/A,N/A,
301004612,王倩倩,2,硕士研究生,10143735,南开大学,经济学,5
301004610,洪鹄,2,硕士研究生,10238973,香港中文大学,经济学,5
301004610,洪鹄,2,硕士研究生,10229098,伦敦大学学院,药物研发与药事管理,7
30267553,汤戈,3,本科,10143851,清华大学,N/A,
301004912,陈天华,2,硕士研究生,10131627,圣路易斯华盛顿大学,金融学,5
301004991,王嘉琦,2,硕士研究生,,N/A,金融,5
301004670,毛毳,2,硕士研究生,,N/A,管理学,6
3E+19,王永锋,2,硕士研究生,,N/A,N/A,
30411721,赵琳婧,2,硕士研究生,10241630,莫纳什大学,经济学,5
301005120,邱成,2,硕士研究生,,N/A,N/A,
301004990,杨彦煜,2,硕士研究生,10143850,北京大学,金融,5
30775263,袁之渿,1,博士研究生,10224597,华东理工大学,有机化学,1
301005186,谢巍,1,博士研究生,10229531,中国科学院上海药物研究所,N/A,
301005369,余思慧,2,硕士研究生,10149414,复旦大学,经济学,5
301005368,花洁,3,本科,10149380,中南财经政法大学,经济学,5
301005368,花洁,2,硕士研究生,10238991,英国卡迪夫大学,理学,1
301005528,梁奇锋,2,硕士研究生,10143869,武汉大学,工程管理,6
301005530,储成亮,2,硕士研究生,10143878,厦门大学,经济学,5
301005510,陈卓,2,硕士研究生,10229302,深圳大学,经济学,5
301005529,周少淳,2,硕士研究生,10108675,哥伦比亚大学,城市规划,7
301005531,魏雷,2,硕士研究生,10229548,中央财经大学,经济学,5
301005121,敖明皓,2,硕士研究生,,N/A,金融,5
30990945,王梓,2,硕士研究生,10445058,克莱蒙研究大学,金融工程,5
301005615,席玉,2,硕士研究生,,N/A,N/A,
301005616,侯吉冉,2,硕士研究生,,N/A,N/A,
30547319,刘振东,2,硕士研究生,,N/A,N/A,
301005665,吴兆霖,2,硕士研究生,,N/A,N/A,
301005666,罗可,3,本科,,N/A,N/A,
301005509,杨柳青,2,硕士研究生,,N/A,工学,1
30568012,贾昌浩,2,硕士研究生,10226507,上海交通大学,船舶与海洋工程,7
30998411,邢嫣然,2,硕士研究生,10143851,清华大学,化学,1
30548496,王卫林,2,硕士研究生,10143850,北京大学,软件工程,1
